{"type":"Topology","objects":{"data":{"geometries":[{"properties":{"National_0":"Federated States of Micronesia","code_0":"FM","State_1":"Pohnpei","code_1":"FM3","Municipality_2":"Sokehs","code_2":"FM304"},"type":"MultiPolygon","arcs":[[[-193,0,-175]],[[-176,1,-7,2,-5,3],[4,5,6,7]],[[8]],[[9]],[[10]],[[11]],[[12]],[[13]],[[14]]],"id":0},{"properties":{"National_0":"Federated States of Micronesia","code_0":"FM","State_1":"Chuuk","code_1":"FM2","Municipality_2":"Fefen","code_2":"FM205"},"type":"MultiPolygon","arcs":[[[-32,15]],[[16]],[[17]],[[18]],[[19]],[[20]],[[21]],[[22]],[[23]],[[24]],[[25]],[[26]],[[27]],[[28]],[[29]],[[30]],[[31,32]]],"id":1},{"properties":{"National_0":"Federated States of Micronesia","code_0":"FM","State_1":"Chuuk","code_1":"FM2","Municipality_2":"Siis","code_2":"FM206"},"type":"Polygon","arcs":[[33]],"id":2},{"properties":{"National_0":"Federated States of Micronesia","code_0":"FM","State_1":"Chuuk","code_1":"FM2","Municipality_2":"Uman","code_2":"FM207"},"type":"MultiPolygon","arcs":[[[34]],[[35]],[[36]],[[37]],[[38]],[[39]],[[40]],[[41]],[[42]],[[43]],[[44]],[[45]],[[46]],[[47]],[[48]],[[49]],[[50]]],"id":3},{"properties":{"National_0":"Federated States of Micronesia","code_0":"FM","State_1":"Chuuk","code_1":"FM2","Municipality_2":"Parem","code_2":"FM208"},"type":"MultiPolygon","arcs":[[[51]],[[52]],[[53]]],"id":4},{"properties":{"National_0":"Federated States of Micronesia","code_0":"FM","State_1":"Chuuk","code_1":"FM2","Municipality_2":"Eot","code_2":"FM209"},"type":"MultiPolygon","arcs":[[[-58,54]],[[55]],[[56,57]],[[58]]],"id":5},{"properties":{"National_0":"Federated States of Micronesia","code_0":"FM","State_1":"Chuuk","code_1":"FM2","Municipality_2":"Udot","code_2":"FM210"},"type":"MultiPolygon","arcs":[[[59]],[[60]],[[-65,61]],[[62]],[[63]],[[64,65]],[[66]],[[67]]],"id":6},{"properties":{"National_0":"Federated States of Micronesia","code_0":"FM","State_1":"Chuuk","code_1":"FM2","Municipality_2":"Romanum","code_2":"FM211"},"type":"Polygon","arcs":[[68]],"id":7},{"properties":{"National_0":"Federated States of Micronesia","code_0":"FM","State_1":"Chuuk","code_1":"FM2","Municipality_2":"Fanapanges","code_2":"FM212"},"type":"MultiPolygon","arcs":[[[69]],[[70]]],"id":8},{"properties":{"National_0":"Federated States of Micronesia","code_0":"FM","State_1":"Chuuk","code_1":"FM2","Municipality_2":"Wonei","code_2":"FM213"},"type":"Polygon","arcs":[[71,-126,72,-129]],"id":9},{"properties":{"National_0":"Federated States of Micronesia","code_0":"FM","State_1":"Chuuk","code_1":"FM2","Municipality_2":"Weno","code_2":"FM201"},"type":"MultiPolygon","arcs":[[[-83,73]],[[74]],[[75]],[[76]],[[77]],[[78]],[[79]],[[80]],[[81]],[[82,83]]],"id":10},{"properties":{"National_0":"Federated States of Micronesia","code_0":"FM","State_1":"Pohnpei","code_1":"FM3","Municipality_2":"Kapingamarangi","code_2":"FM311"},"type":"MultiPolygon","arcs":[[[84]],[[85]],[[86]],[[87]],[[88]],[[89]],[[90]],[[91]],[[92]],[[93]]],"id":11},{"properties":{"National_0":"Federated States of Micronesia","code_0":"FM","State_1":"Chuuk","code_1":"FM2","Municipality_2":"PiisPenau","code_2":"FM202"},"type":"Polygon","arcs":[[94]],"id":12},{"properties":{"National_0":"Federated States of Micronesia","code_0":"FM","State_1":"Chuuk","code_1":"FM2","Municipality_2":"Fono","code_2":"FM203"},"type":"Polygon","arcs":[[95]],"id":13},{"properties":{"National_0":"Federated States of Micronesia","code_0":"FM","State_1":"Chuuk","code_1":"FM2","Municipality_2":"Tonoas","code_2":"FM204"},"type":"MultiPolygon","arcs":[[[-120,96,-108,97,-105,98,-110,99],[100]],[[101]],[[102]],[[103]],[[104,105]],[[106]],[[107,108]],[[109,110]],[[111]],[[112]],[[113]],[[114]],[[115]],[[116]],[[117]],[[118,119]],[[120]],[[124,121]],[[122]],[[123]],[[124,-125]]],"id":14},{"properties":{"National_0":"Federated States of Micronesia","code_0":"FM","State_1":"Chuuk","code_1":"FM2","Municipality_2":"Paata","code_2":"FM214"},"type":"Polygon","arcs":[[125,126]],"id":15},{"properties":{"National_0":"Federated States of Micronesia","code_0":"FM","State_1":"Chuuk","code_1":"FM2","Municipality_2":"Tol","code_2":"FM215"},"type":"MultiPolygon","arcs":[[[-138,127,128,129]],[[130]],[[131]],[[132]],[[133]],[[134]],[[135]],[[136]],[[137,138]]],"id":16},{"properties":{"National_0":"Federated States of Micronesia","code_0":"FM","State_1":"Chuuk","code_1":"FM2","Municipality_2":"Polle","code_2":"FM216"},"type":"Polygon","arcs":[[139]],"id":17},{"properties":{"National_0":"Federated States of Micronesia","code_0":"FM","State_1":"Kosrae","code_1":"FM4","Municipality_2":"Lelu","code_2":"FM401"},"type":"MultiPolygon","arcs":[[[-145,-149,-144,140]],[[141]]],"id":18},{"properties":{"National_0":"Federated States of Micronesia","code_0":"FM","State_1":"Kosrae","code_1":"FM4","Municipality_2":"Tafunsak","code_2":"FM404"},"type":"Polygon","arcs":[[-148,142,143]],"id":19},{"properties":{"National_0":"Federated States of Micronesia","code_0":"FM","State_1":"Kosrae","code_1":"FM4","Municipality_2":"Malem","code_2":"FM402"},"type":"Polygon","arcs":[[-150,144,145]],"id":20},{"properties":{"National_0":"Federated States of Micronesia","code_0":"FM","State_1":"Kosrae","code_1":"FM4","Municipality_2":"Utwe","code_2":"FM403"},"type":"Polygon","arcs":[[146,147,148,149]],"id":21},{"properties":{"National_0":"Federated States of Micronesia","code_0":"FM","State_1":"Pohnpei","code_1":"FM3","Municipality_2":"Madolenihmw","code_2":"FM301"},"type":"MultiPolygon","arcs":[[[-191,-174,-169,150]],[[-165,151,-156,152]],[[153]],[[154]],[[155,156]],[[157]],[[158]],[[159]],[[160]],[[161]],[[-167,162]],[[163]],[[164,165,166,167]]],"id":22},{"properties":{"National_0":"Federated States of Micronesia","code_0":"FM","State_1":"Pohnpei","code_1":"FM3","Municipality_2":"U","code_2":"FM302"},"type":"MultiPolygon","arcs":[[[168,-173,169]],[[170]],[[171]]],"id":23},{"properties":{"National_0":"Federated States of Micronesia","code_0":"FM","State_1":"Pohnpei","code_1":"FM3","Municipality_2":"Nett","code_2":"FM303"},"type":"MultiPolygon","arcs":[[[172,173,-190,174,175,176,-189,177,-187,178]],[[179]],[[-185,180]],[[181]],[[182]]],"id":24},{"properties":{"National_0":"Federated States of Micronesia","code_0":"FM","State_1":"Pohnpei","code_1":"FM3","Municipality_2":"Kolonia","code_2":"FM306"},"type":"Polygon","arcs":[[183,184,185,186,187,188]],"id":25},{"properties":{"National_0":"Federated States of Micronesia","code_0":"FM","State_1":"Pohnpei","code_1":"FM3","Municipality_2":"Kitti","code_2":"FM305"},"type":"MultiPolygon","arcs":[[[189,190,191,192]],[[193]],[[194]]],"id":26},{"properties":{"National_0":"Federated States of Micronesia","code_0":"FM","State_1":"Yap","code_1":"FM1","Municipality_2":"Rull","code_2":"FM108"},"type":"Polygon","arcs":[[-198,-199,-224,-227,195]],"id":27},{"properties":{"National_0":"Federated States of Micronesia","code_0":"FM","State_1":"Yap","code_1":"FM1","Municipality_2":"Gilman","code_2":"FM110"},"type":"Polygon","arcs":[[196,-200,197]],"id":28},{"properties":{"National_0":"Federated States of Micronesia","code_0":"FM","State_1":"Yap","code_1":"FM1","Municipality_2":"Kanifay","code_2":"FM109"},"type":"Polygon","arcs":[[198,199,200,-225]],"id":29},{"properties":{"National_0":"Federated States of Micronesia","code_0":"FM","State_1":"Yap","code_1":"FM1","Municipality_2":"Gagil","code_2":"FM103"},"type":"Polygon","arcs":[[-222,201]],"id":30},{"properties":{"National_0":"Federated States of Micronesia","code_0":"FM","State_1":"Yap","code_1":"FM1","Municipality_2":"Maap","code_2":"FM102"},"type":"Polygon","arcs":[[202]],"id":31},{"properties":{"National_0":"Federated States of Micronesia","code_0":"FM","State_1":"Chuuk","code_1":"FM2","Municipality_2":"Pollap","code_2":"FM230"},"type":"Polygon","arcs":[[203]],"id":32},{"properties":{"National_0":"Federated States of Micronesia","code_0":"FM","State_1":"Chuuk","code_1":"FM2","Municipality_2":"Tamatam","code_2":"FM231"},"type":"Polygon","arcs":[[204]],"id":33},{"properties":{"National_0":"Federated States of Micronesia","code_0":"FM","State_1":"Chuuk","code_1":"FM2","Municipality_2":"Makur","code_2":"FM232"},"type":"Polygon","arcs":[[205]],"id":34},{"properties":{"National_0":"Federated States of Micronesia","code_0":"FM","State_1":"Chuuk","code_1":"FM2","Municipality_2":"Onou","code_2":"FM234"},"type":"Polygon","arcs":[[206]],"id":35},{"properties":{"National_0":"Federated States of Micronesia","code_0":"FM","State_1":"Chuuk","code_1":"FM2","Municipality_2":"Unanu","code_2":"FM235"},"type":"Polygon","arcs":[[207]],"id":36},{"properties":{"National_0":"Federated States of Micronesia","code_0":"FM","State_1":"Chuuk","code_1":"FM2","Municipality_2":"Onoun","code_2":"FM233"},"type":"Polygon","arcs":[[208]],"id":37},{"properties":{"National_0":"Federated States of Micronesia","code_0":"FM","State_1":"Chuuk","code_1":"FM2","Municipality_2":"Piherech","code_2":"FM236"},"type":"Polygon","arcs":[[209]],"id":38},{"properties":{"National_0":"Federated States of Micronesia","code_0":"FM","State_1":"Chuuk","code_1":"FM2","Municipality_2":"Nomwin","code_2":"FM237"},"type":"Polygon","arcs":[[210]],"id":39},{"properties":{"National_0":"Federated States of Micronesia","code_0":"FM","State_1":"Chuuk","code_1":"FM2","Municipality_2":"Fananu","code_2":"FM238"},"type":"MultiPolygon","arcs":[[[211]],[[212]]],"id":40},{"properties":{"National_0":"Federated States of Micronesia","code_0":"FM","State_1":"Chuuk","code_1":"FM2","Municipality_2":"Ruo","code_2":"FM239"},"type":"Polygon","arcs":[[213]],"id":41},{"properties":{"National_0":"Federated States of Micronesia","code_0":"FM","State_1":"Chuuk","code_1":"FM2","Municipality_2":"Murillo","code_2":"FM240"},"type":"MultiPolygon","arcs":[[[214]],[[215]]],"id":42},{"properties":{"National_0":"Federated States of Micronesia","code_0":"FM","State_1":"Chuuk","code_1":"FM2","Municipality_2":"Lekinoch","code_2":"FM222"},"type":"Polygon","arcs":[[216]],"id":43},{"properties":{"National_0":"Federated States of Micronesia","code_0":"FM","State_1":"Chuuk","code_1":"FM2","Municipality_2":"Oneop","code_2":"FM223"},"type":"Polygon","arcs":[[217]],"id":44},{"properties":{"National_0":"Federated States of Micronesia","code_0":"FM","State_1":"Yap","code_1":"FM1","Municipality_2":"Tomil","code_2":"FM104"},"type":"Polygon","arcs":[[-237,218,-235,219,-233,220,221,222]],"id":45},{"properties":{"National_0":"Federated States of Micronesia","code_0":"FM","State_1":"Yap","code_1":"FM1","Municipality_2":"Dalipebinaw","code_2":"FM107"},"type":"Polygon","arcs":[[-228,223,224,225]],"id":46},{"properties":{"National_0":"Federated States of Micronesia","code_0":"FM","State_1":"Yap","code_1":"FM1","Municipality_2":"Weloy","code_2":"FM106"},"type":"Polygon","arcs":[[226,227,228,-239,229]],"id":47},{"properties":{"National_0":"Federated States of Micronesia","code_0":"FM","State_1":"Yap","code_1":"FM1","Municipality_2":"Rumung","code_2":"FM101"},"type":"Polygon","arcs":[[230]],"id":48},{"properties":{"National_0":"Federated States of Micronesia","code_0":"FM","State_1":"Yap","code_1":"FM1","Municipality_2":"Fanif","code_2":"FM105"},"type":"Polygon","arcs":[[231,232,233,234,235,236,237,238]],"id":49},{"properties":{"National_0":"Federated States of Micronesia","code_0":"FM","State_1":"Pohnpei","code_1":"FM3","Municipality_2":"Nukuoro","code_2":"FM310"},"type":"MultiPolygon","arcs":[[[239]],[[240]],[[241]],[[242]]],"id":50},{"properties":{"National_0":"Federated States of Micronesia","code_0":"FM","State_1":"Pohnpei","code_1":"FM3","Municipality_2":"Pingelap","code_2":"FM308"},"type":"Polygon","arcs":[[243]],"id":51},{"properties":{"National_0":"Federated States of Micronesia","code_0":"FM","State_1":"Pohnpei","code_1":"FM3","Municipality_2":"Sapwuafik","code_2":"FM309"},"type":"MultiPolygon","arcs":[[[244]],[[245]],[[246]],[[247]],[[248]],[[249]],[[250]]],"id":52},{"properties":{"National_0":"Federated States of Micronesia","code_0":"FM","State_1":"Pohnpei","code_1":"FM3","Municipality_2":"Mwokilloa","code_2":"FM307"},"type":"MultiPolygon","arcs":[[[251]],[[252]],[[253]]],"id":53},{"properties":{"National_0":"Federated States of Micronesia","code_0":"FM","State_1":"Chuuk","code_1":"FM2","Municipality_2":"Houk","code_2":"FM228"},"type":"Polygon","arcs":[[254]],"id":54},{"properties":{"National_0":"Federated States of Micronesia","code_0":"FM","State_1":"Chuuk","code_1":"FM2","Municipality_2":"Polowat","code_2":"FM229"},"type":"Polygon","arcs":[[255]],"id":55},{"properties":{"National_0":"Federated States of Micronesia","code_0":"FM","State_1":"Chuuk","code_1":"FM2","Municipality_2":"Satowan","code_2":"FM224"},"type":"Polygon","arcs":[[256]],"id":56},{"properties":{"National_0":"Federated States of Micronesia","code_0":"FM","State_1":"Chuuk","code_1":"FM2","Municipality_2":"Nema","code_2":"FM217"},"type":"Polygon","arcs":[[257]],"id":57},{"properties":{"National_0":"Federated States of Micronesia","code_0":"FM","State_1":"Chuuk","code_1":"FM2","Municipality_2":"Losap","code_2":"FM218"},"type":"MultiPolygon","arcs":[[[258]],[[259]]],"id":58},{"properties":{"National_0":"Federated States of Micronesia","code_0":"FM","State_1":"Chuuk","code_1":"FM2","Municipality_2":"PiisEmwar","code_2":"FM219"},"type":"Polygon","arcs":[[260]],"id":59},{"properties":{"National_0":"Federated States of Micronesia","code_0":"FM","State_1":"Chuuk","code_1":"FM2","Municipality_2":"Namoluk","code_2":"FM220"},"type":"Polygon","arcs":[[261]],"id":60},{"properties":{"National_0":"Federated States of Micronesia","code_0":"FM","State_1":"Chuuk","code_1":"FM2","Municipality_2":"Ettal","code_2":"FM221"},"type":"Polygon","arcs":[[262]],"id":61},{"properties":{"National_0":"Federated States of Micronesia","code_0":"FM","State_1":"Chuuk","code_1":"FM2","Municipality_2":"Kuttu","code_2":"FM225"},"type":"Polygon","arcs":[[263]],"id":62},{"properties":{"National_0":"Federated States of Micronesia","code_0":"FM","State_1":"Chuuk","code_1":"FM2","Municipality_2":"Moch","code_2":"FM226"},"type":"Polygon","arcs":[[264]],"id":63},{"properties":{"National_0":"Federated States of Micronesia","code_0":"FM","State_1":"Chuuk","code_1":"FM2","Municipality_2":"Ta","code_2":"FM227"},"type":"Polygon","arcs":[[265]],"id":64},{"properties":{"National_0":"Federated States of Micronesia","code_0":"FM","State_1":"Yap","code_1":"FM1","Municipality_2":"Woleai","code_2":"FM114"},"type":"MultiPolygon","arcs":[[[266]],[[267]],[[268]],[[269]],[[270]]],"id":65},{"properties":{"National_0":"Federated States of Micronesia","code_0":"FM","State_1":"Yap","code_1":"FM1","Municipality_2":"Eauripik","code_2":"FM115"},"type":"Polygon","arcs":[[271]],"id":66},{"properties":{"National_0":"Federated States of Micronesia","code_0":"FM","State_1":"Yap","code_1":"FM1","Municipality_2":"Ifalik","code_2":"FM116"},"type":"Polygon","arcs":[[272]],"id":67},{"properties":{"National_0":"Federated States of Micronesia","code_0":"FM","State_1":"Yap","code_1":"FM1","Municipality_2":"Faraulep","code_2":"FM117"},"type":"MultiPolygon","arcs":[[[273]],[[274]]],"id":68},{"properties":{"National_0":"Federated States of Micronesia","code_0":"FM","State_1":"Yap","code_1":"FM1","Municipality_2":"Elato","code_2":"FM118"},"type":"Polygon","arcs":[[275]],"id":69},{"properties":{"National_0":"Federated States of Micronesia","code_0":"FM","State_1":"Yap","code_1":"FM1","Municipality_2":"Lamotrek","code_2":"FM119"},"type":"Polygon","arcs":[[276]],"id":70},{"properties":{"National_0":"Federated States of Micronesia","code_0":"FM","State_1":"Yap","code_1":"FM1","Municipality_2":"Satawal","code_2":"FM120"},"type":"Polygon","arcs":[[277]],"id":71},{"properties":{"National_0":"Federated States of Micronesia","code_0":"FM","State_1":"Yap","code_1":"FM1","Municipality_2":"Ulithi","code_2":"FM111"},"type":"MultiPolygon","arcs":[[[278]],[[279]],[[280]],[[281]]],"id":72},{"properties":{"National_0":"Federated States of Micronesia","code_0":"FM","State_1":"Yap","code_1":"FM1","Municipality_2":"Fais","code_2":"FM112"},"type":"Polygon","arcs":[[282]],"id":73},{"properties":{"National_0":"Federated States of Micronesia","code_0":"FM","State_1":"Yap","code_1":"FM1","Municipality_2":"Ngulu","code_2":"FM113"},"type":"Polygon","arcs":[[283]],"id":74}],"type":"GeometryCollection"}},"bbox":[137.48591808,1.026214047836762,163.0354428,10.0903346353726],"transform":{"scale":[0.0002554978021780217,9.064211229648134e-05],"translate":[137.48591808,1.026214047836762]},"arcs":[[[80815,64705],[-1,0],[-1,-1],[0,-2],[-1,0],[-2,-8],[-1,0],[0,-1],[-1,-1],[-1,-3],[0,-1],[-2,-2],[0,-4],[-1,0],[-1,-1],[-1,-2],[-1,-1],[-1,0],[0,1],[-1,4],[0,-2],[-1,0],[-1,-1],[1,0],[0,-2],[-1,0],[0,3],[-1,1],[0,-2],[-2,0],[0,6],[1,1],[-1,0],[0,0],[-1,1],[0,-3],[-1,0],[1,1],[-1,0],[-1,-1],[0,0],[-2,0],[0,5],[-1,1],[0,1],[-1,2],[1,2],[0,2],[1,0],[-1,2],[1,0],[0,7],[1,2],[1,0],[0,3],[1,1],[0,7],[1,1],[1,2],[1,1],[0,1],[1,0],[0,-2],[1,0],[1,-1],[0,0],[1,1],[1,0],[0,-1],[1,0],[0,3],[1,0],[0,-1],[1,1],[-1,0],[0,1],[-1,1],[0,1],[1,0],[0,1],[-1,0],[-1,1],[0,11],[1,0],[-1,2],[1,0],[0,6],[1,0],[0,2],[2,4],[0,1],[1,1],[0,-1],[1,1],[0,1],[1,2],[1,3],[0,1],[-1,-1],[0,2],[1,1],[0,2],[1,0],[0,1],[1,-1],[1,0],[0,1],[-1,1],[0,5],[1,1],[0,2],[-1,2],[0,4],[-1,-1],[0,2],[-1,0],[0,2],[-1,1],[0,1],[1,5],[0,3],[-1,1],[1,1],[-1,0],[0,-2],[1,-2],[-1,-4],[-1,-1],[0,-3],[-1,-1],[-1,0],[0,0],[-1,-1],[0,-1],[1,0],[0,-2],[1,0],[0,-1],[-1,-1],[0,-2],[-2,0],[0,1],[-1,0],[0,1],[-1,1],[0,0],[0,1],[-1,0],[0,0],[-1,0],[0,1],[1,0],[0,3],[-1,0],[0,4],[1,2],[-1,1],[0,6],[-1,0],[-1,-4],[-1,0],[0,-1],[-1,-1],[0,-1],[-1,-1],[0,-1],[-1,1],[0,-3],[-1,0],[0,2],[-1,-1],[-1,0],[0,1],[1,0],[-1,1],[0,1],[-1,0],[0,3],[-2,0],[0,2],[-1,-1],[0,1],[-1,0],[-1,1],[0,2],[-1,1],[1,-2],[-1,0],[2,-2],[0,-2],[-1,-1],[0,2],[-1,1],[0,-5],[-2,-2],[-1,1],[0,1],[-1,1],[1,1],[-1,0],[-1,4],[-1,0],[1,-2],[0,-1],[1,-3],[2,-4],[0,-3],[1,-2],[0,-3],[1,-2],[0,-3],[1,-1],[0,-2],[1,0],[-1,-1],[1,-1],[0,-3],[1,-4],[0,-4],[1,-3],[0,-3],[-1,-2],[0,-1],[-1,-1],[-1,0],[0,-1],[-1,1],[1,1],[-1,0],[0,1],[-1,0],[0,-1],[-1,0],[0,-3],[-1,-1],[0,-1],[-1,-1],[0,-2],[-1,-1],[0,-3],[-1,-1],[0,-2],[-1,-1],[0,-3],[-1,0],[0,-2],[-1,0],[0,2],[-1,2],[0,-5],[-1,0],[0,1],[-1,1],[0,1],[-1,0],[0,-1],[-1,-1],[0,0],[-1,-1],[0,4],[-1,1],[1,-2],[-1,-2],[0,-1],[-1,-1],[-1,1],[0,1],[-1,0],[0,-4],[-1,0],[0,-2],[-1,0],[0,-6],[-1,0],[0,0],[-1,-3],[-1,0],[1,-1],[-1,-1],[0,-1],[-1,0],[0,1],[-1,0],[0,-1],[-1,1],[0,-4],[-1,-1],[-1,1],[1,1],[-1,0],[0,1],[0,0],[0,-3],[-1,-1],[0,-1],[-1,1],[0,0],[-2,0],[0,2],[-1,0],[0,-1],[-1,-2],[0,-3],[-1,0],[0,4],[-1,0],[0,9],[1,0],[0,-3],[1,-1],[0,4],[-1,1],[0,3],[-1,0],[0,2],[-1,1],[0,5],[1,0],[0,5],[-1,1],[1,2],[0,1],[1,0],[0,3],[-1,1],[0,-2],[-1,0],[0,1],[-1,1],[1,1],[0,1],[1,-1],[0,2],[-1,2],[0,13],[1,1],[0,4],[1,0],[0,2],[-1,0],[0,5],[1,0],[0,3],[1,0],[0,5],[1,0],[0,0],[1,1],[0,6],[1,1],[0,1],[1,-1],[0,4],[1,0],[0,2],[-1,1],[0,0],[-1,0],[0,6],[-1,0],[0,4],[1,3],[-1,-1],[0,2],[1,-1],[0,12],[2,2],[1,0],[0,1],[1,1],[0,1],[1,2],[0,1],[1,0],[0,2],[1,1],[0,2],[1,0],[1,2],[0,1],[1,0],[0,3],[1,0],[0,1],[-1,1],[0,1],[1,0],[0,7],[2,0],[0,3],[1,3],[1,1],[1,0],[0,1],[1,0],[0,4],[1,1],[0,2],[1,1],[0,2],[1,2],[0,2],[1,1],[0,8],[-1,1],[0,5],[1,0],[0,3],[1,0],[0,1],[1,1],[0,2],[1,3],[0,6],[-1,1],[0,9],[-1,1],[0,7],[-1,0],[1,-1],[-1,0],[0,-2],[1,0],[0,-13],[1,-2],[0,-2],[1,0],[0,-2],[-1,-2],[0,-2],[-1,-1],[0,-1],[-1,-1],[0,-1],[-1,-2],[-1,-1],[-2,-4],[-1,0],[0,-1],[-1,-1],[0,-2],[-2,-2],[0,2],[-1,-1],[-1,2],[0,3],[-1,4],[0,4],[-2,4],[0,3],[1,1],[0,1],[1,1],[0,0],[-1,-1],[0,-1],[-1,0],[0,-1],[-4,0],[-1,-1],[0,-1],[-1,-1],[0,-6],[-1,0],[0,-1],[1,0],[0,2],[1,0],[0,6],[2,2],[1,-1],[2,0],[0,-2],[1,-2],[0,-1],[1,-2],[0,-3],[1,-4],[0,-1],[-1,-1],[0,-1],[-1,1],[0,-2],[1,-1],[-1,-1],[-1,-2],[0,-1],[-1,0],[0,-2],[-1,-1],[0,-2],[-4,-4],[-1,0],[0,-3],[-1,0],[0,-6],[-1,0],[-1,-5],[0,-2],[-1,-1],[0,1],[-1,0],[0,1],[-1,-1],[0,-1],[-1,-1],[0,-2],[-1,-1],[-1,0],[0,3],[-1,0],[0,1],[-1,0],[-1,-2],[0,2],[-1,0],[0,3],[-1,1],[0,-1],[-1,-1],[-2,0],[0,3],[-1,1],[0,3],[-1,0],[0,3],[1,0],[0,-1],[1,0],[0,1],[1,2],[0,9],[1,-1],[0,-3],[1,0],[1,-1],[0,-1],[1,1],[1,0],[0,1],[1,1],[1,-1],[0,2],[1,1],[0,1],[1,0],[0,4],[1,-1],[0,0],[1,0],[0,3],[1,2],[0,6],[1,-1],[0,1],[-1,0],[0,2],[2,0],[-1,1],[-1,0],[0,-2],[-1,0],[0,-1],[-1,1],[0,0],[-1,1],[0,1],[-1,1],[0,3],[1,1],[0,2],[-1,1],[0,9],[-1,-1],[0,-1],[-1,1],[0,3],[1,0],[0,2],[-1,0],[0,-2],[-2,-2],[0,1],[-1,1],[0,7],[1,0],[0,3],[1,0],[0,6],[-1,0],[0,5],[1,0],[0,3],[-1,-1],[0,4],[-1,0],[0,-8],[-1,0],[0,5],[-1,1],[0,2],[-1,0],[0,6],[-1,-1],[-1,0],[0,2],[-1,1],[0,1],[-1,0],[0,1],[1,2],[0,0],[1,-1],[0,1],[-1,0],[0,1],[1,1],[0,4],[-1,1],[0,1],[1,2],[-1,-1],[0,-2],[-1,0],[0,8],[1,0],[-1,1],[0,1],[1,1],[0,0],[1,1],[-1,0],[0,5],[1,0],[-1,1],[1,1],[-1,1],[1,1],[0,4],[1,0],[1,2],[0,1],[-1,-1],[0,3],[1,0],[0,3],[-1,-1],[-1,2],[0,4],[2,2],[-1,1],[0,3],[-1,0],[0,0],[-1,0],[0,3],[-2,0],[0,1],[-1,-1],[0,0],[-1,-1],[-1,1],[0,2],[1,0],[0,1],[-1,0],[0,-1],[-1,1],[0,2],[1,1],[0,0],[1,1],[0,4],[1,0],[0,0],[1,2],[1,0],[0,2],[-1,0],[0,4],[1,0],[0,3],[-1,0],[0,1],[1,0],[-1,1],[0,3],[1,0],[0,-4],[1,0],[0,-2],[-1,0],[0,-1],[1,0],[0,9],[-1,1],[0,3],[1,1],[0,2],[1,-1],[0,1],[-1,0],[0,2],[-1,1],[0,1],[1,0],[0,2],[1,0],[0,3],[-1,-1],[0,2],[-1,0],[0,3],[-1,0],[0,2],[1,0],[0,2],[1,0],[0,1],[-1,0],[0,4],[1,0],[-2,2],[-1,0],[0,2],[1,0],[0,2],[1,1],[0,-1],[1,-1],[0,5],[-1,0],[0,-2],[-1,1],[0,-3],[-1,0],[0,0],[-1,0],[0,4],[-1,0],[-1,1],[0,1],[1,1],[-1,1],[1,2],[0,2],[-1,0],[0,1],[-1,0],[1,2],[0,-1],[1,0],[0,1],[-1,1],[0,2],[1,2],[0,4],[1,1],[0,6],[1,0],[0,1],[-1,1],[0,4],[1,1],[0,6],[-1,2],[1,3],[1,1],[0,5],[1,2],[1,0],[0,2],[1,0],[0,1],[1,1],[0,4],[-1,1],[0,2],[1,1],[-1,2],[0,4],[1,0],[-1,1],[0,1],[1,2],[0,1],[-1,1],[0,2],[1,0],[0,2],[-1,-1],[0,6],[-1,0],[0,-1],[-1,0],[0,-1],[-1,1],[0,2],[1,3],[1,1],[0,1],[1,1],[0,2],[1,0],[0,0],[1,-1],[0,-2],[1,-1],[0,1],[1,2],[0,-1],[1,0],[0,1],[2,-2],[0,-2],[-1,0],[0,-3],[1,1],[2,0],[2,2],[1,0],[0,-1],[2,0],[0,-1],[1,0],[0,-1],[1,-1],[0,-1],[1,-1],[0,-3],[1,0],[0,-3],[1,0],[0,3],[-1,1],[1,1],[0,2],[2,0],[0,-3],[1,-1],[0,-4],[1,0],[0,3],[-1,2],[0,2],[-1,2],[0,1],[-1,0],[0,3],[1,3],[0,1],[1,0],[0,1],[1,3],[0,2],[1,1],[1,2],[1,0],[0,1],[1,0],[0,1],[1,0],[0,1],[1,0],[0,1],[1,-1],[0,1],[-1,1],[0,10],[1,1],[1,0],[0,2],[1,1],[0,1],[1,1],[0,1],[1,0],[1,-1],[0,1],[1,0],[0,-1],[1,0],[0,1],[1,0],[0,4],[1,0],[0,0],[1,1],[0,1],[1,1],[0,-1],[1,0],[0,1],[1,0],[-1,1],[1,1],[0,4],[1,1],[0,3],[1,2],[0,1],[1,1],[0,1],[1,0],[1,1],[4,0],[1,-1],[1,-2],[1,-1],[0,-2],[1,-2],[0,-8],[1,-1],[-1,-1],[1,-1],[1,1],[1,0],[0,-1],[1,0],[1,-2],[1,0],[2,-2],[0,-2],[1,1],[0,-1],[1,1],[0,1],[1,-1],[0,1],[1,0],[0,1],[-2,-2],[-2,0],[0,2],[-1,0],[0,1],[-1,0],[0,1],[-1,0],[0,1],[-3,3],[0,2],[-1,1],[0,7],[-1,1],[0,3],[1,1],[-1,0],[0,5],[-1,1],[0,11],[1,2],[1,1],[0,2],[1,1],[0,1],[1,0],[0,2],[1,1],[0,1],[1,0],[0,4],[1,1],[0,2],[1,-1],[0,2],[1,1],[0,1],[1,2],[1,0],[1,1],[1,2],[0,2],[1,0],[0,1],[1,2],[2,0],[0,-2],[1,1],[0,1],[2,0],[0,-1],[1,2],[0,1],[1,2],[0,0],[1,0],[0,4],[1,0],[0,1],[1,0],[0,3],[1,0],[0,1],[1,1],[0,2],[1,0],[0,5],[1,1],[0,-3],[1,1],[0,6],[1,-1],[0,0],[1,2],[1,1],[0,4],[1,1],[1,-1],[3,-10],[1,-3],[0,-2],[2,-3],[1,-4],[0,-4],[-1,-3],[0,-1],[-1,-1],[1,2],[1,4],[0,6],[-1,1],[0,1],[-4,15],[-2,3],[0,3],[-1,-1],[-1,2],[0,2],[1,0],[0,-2],[2,2],[0,4],[1,0],[0,2],[1,1],[0,1],[1,1],[1,0],[1,1],[0,1],[1,1],[0,1],[1,1],[0,1],[1,0],[2,2],[1,0],[1,1],[0,-1],[1,0],[1,1],[1,-1],[1,1],[0,1],[2,0],[0,-1],[1,-1],[0,-1],[1,0],[0,-2],[1,1],[0,-1],[1,0],[0,-2],[1,-2],[0,-1],[1,-1],[0,-2],[1,-1],[0,-3],[1,-1],[0,-2],[1,-2],[0,-2],[1,-2],[0,-2],[-1,0],[1,-1],[1,-2],[1,-3],[0,-1],[1,-2],[0,-2],[1,-4],[1,-1],[0,-4],[1,-1],[0,1],[1,-2],[0,-1],[0,0],[0,5],[1,1],[0,0],[1,0],[0,10],[2,2],[0,-2],[1,-1],[0,-7],[-1,-15],[0,-7],[1,-2],[0,3],[-1,4],[1,17],[0,6],[1,2],[1,0],[0,9],[-1,2],[0,2],[1,0],[0,2],[3,0],[1,-1],[3,0],[2,-2],[0,-2],[1,1],[0,-1],[1,1],[0,1],[1,1],[-1,0],[-2,4],[-1,1],[0,2],[-1,2],[0,3],[-1,0],[0,-1],[-1,0],[0,4],[1,-1],[0,3],[-1,1],[0,2],[-1,1],[0,2],[-1,2],[0,1],[-1,1],[-1,0],[0,1],[-1,1],[0,1],[-1,0],[0,-1],[-1,-1],[1,0],[-1,-1],[0,-1],[-1,0],[-1,1],[0,3],[-1,1],[0,4],[1,1],[-1,1],[0,-1],[-1,0],[0,0],[-1,0],[-1,1],[-1,0],[-1,2],[0,1],[-1,0],[0,2],[-1,0],[0,3],[-1,-1],[0,1],[-1,-1],[0,1],[-1,0],[0,3],[-1,1],[0,2],[-1,1],[0,2],[-1,1],[0,5],[-2,0],[-1,1],[-1,0],[-1,3],[0,1],[-2,1],[0,2],[1,1],[-1,1],[0,2],[-1,3],[0,8],[1,1],[0,1],[-1,2],[1,2],[0,1],[1,5],[2,2],[0,3],[2,2],[0,1],[2,4],[1,0],[0,2],[2,2],[0,1],[1,2],[1,0],[0,-2],[1,0],[0,1],[1,1],[1,0],[0,5],[1,2],[1,0],[1,-1],[0,0],[2,-2],[1,-2],[0,0],[2,0],[0,-1],[1,-1],[1,0],[1,-2],[0,6],[2,0],[0,-4],[1,0],[0,-8],[-1,-1],[1,-2],[0,-1],[-1,-1],[0,-2],[-1,-3],[0,-3],[-1,-1],[0,-4],[-1,-1],[1,-1],[2,0],[0,1],[3,0],[1,1],[1,0],[1,1],[0,1],[1,2],[1,1],[0,-3],[1,0],[0,-3],[-1,-1],[0,-1],[1,1],[0,2],[1,1],[0,1],[1,0],[0,1],[2,0],[0,2],[1,1],[0,3],[2,4],[0,1],[2,2],[0,2],[1,1],[0,1],[1,0],[0,1],[1,-1],[0,3],[1,2],[2,0],[0,2],[1,0],[0,2],[1,0],[0,1],[1,0],[1,-1],[0,5],[2,2],[1,0],[0,1],[1,0],[0,1],[1,0],[0,1],[1,1],[1,-1],[1,0],[0,-2],[1,-1],[1,0],[0,-3],[1,-1],[0,-4],[-1,-3],[0,-2],[-1,-1],[0,-1],[-1,0],[-1,1],[-1,-1],[-1,-2],[0,-1],[-1,-1],[-1,1],[0,-5],[1,0],[1,2],[1,1],[2,0],[1,-1],[0,-1],[1,-1],[0,-1],[2,-2],[0,-2],[1,-2],[0,-1],[1,-2],[0,-2],[1,-1],[0,-4],[1,-1],[0,-3],[1,-4],[0,-4],[1,-1],[0,-9],[0,0],[2,-6],[0,-2],[1,0],[0,-6],[1,-1],[0,-9],[-1,-2],[0,-2],[-2,-2],[0,-1],[1,-1],[0,1],[1,0],[0,-1],[2,-2],[0,-3],[1,0],[0,-4],[1,0],[0,-1],[1,-1],[0,-3],[1,-1],[0,-3],[1,0],[1,-1],[0,-1],[1,-1],[1,-2],[0,-10],[1,0],[0,-2],[1,-1],[1,0],[0,-14],[3,0],[1,-2],[0,-1],[1,0],[0,-1],[1,-1],[1,0],[0,0],[1,0],[1,-2],[0,-8],[-1,-2],[0,0],[1,0],[0,1],[1,1],[1,0],[0,0],[1,0],[0,-1],[1,-1],[-1,-1],[0,-4],[1,0],[0,3],[1,1],[0,1],[2,0],[0,-3],[1,-1],[0,13],[1,1],[0,-18],[1,-1],[0,2],[1,0],[0,15],[1,2],[0,4],[-1,0],[0,1],[-1,-1],[0,-1],[-1,-1],[1,0],[0,-12],[-1,0],[0,2],[1,4],[0,3],[-1,1],[0,4],[1,1],[0,1],[1,0],[1,-1],[0,-2],[1,0],[0,-1],[-1,0],[0,-12],[-1,-1],[0,-1],[2,-2],[2,0],[0,-2],[1,0],[2,-2],[0,-1],[1,-1],[0,-8],[1,-2],[0,0],[1,1],[0,4],[-1,0],[-1,1],[0,1],[1,1],[0,-2],[1,0],[0,-1],[1,1],[0,5],[2,10],[0,2],[-1,1],[0,1],[1,0],[0,-1],[1,-1],[0,-3],[-1,0],[0,-5],[-1,-2],[0,-3],[-1,-4],[0,-3],[-1,-3],[0,-5],[1,-1],[0,-2],[1,-2],[0,1],[1,0],[0,1],[-1,2],[0,2],[1,1],[0,2],[1,0],[0,-15],[1,-1],[0,14],[-1,3],[1,0],[0,3],[2,0],[0,1],[1,0],[0,1],[1,-1],[1,1],[1,0],[0,-1],[2,0],[0,-1],[1,0],[0,-3],[1,1],[0,-1],[1,1],[0,-1],[1,0],[0,-1],[1,0],[0,1],[1,0],[0,-1],[1,0],[1,-1],[0,-1],[1,0],[0,-3],[1,-1],[0,-4],[1,0],[0,-1],[-1,0],[0,-2],[1,-1],[5,5],[-1,0],[-1,-1],[0,1],[-1,0],[-1,1],[0,3],[-1,1],[0,2],[-2,2],[0,1],[-1,1],[0,5],[-1,1],[0,5],[1,1],[0,2],[1,1],[0,3],[1,0],[0,3],[1,2],[1,0],[0,4],[1,1],[0,0],[1,1],[0,1],[1,0],[0,4],[1,-1],[0,-3],[1,1],[2,1],[0,1],[-2,0],[0,-1],[-1,1],[0,1],[-1,0],[0,0],[-1,-1],[0,6],[-1,0],[0,3],[-1,-1],[0,2],[-1,0],[0,6],[1,0],[0,4],[1,-1],[0,1],[-1,0],[0,2],[-1,2],[1,1],[-1,1],[0,2],[1,1],[0,7],[1,2],[0,6],[1,4],[0,2],[1,2],[0,4],[1,1],[0,3],[-1,0],[0,3],[1,2],[0,4],[1,2],[0,1],[1,1],[2,0],[2,-2],[0,-1],[1,-1],[0,-2],[1,-2],[0,-1],[-1,-1],[1,-1],[0,-1],[1,-2],[0,1],[1,1],[0,1],[1,0],[0,1],[1,1],[1,4],[1,1],[1,-1],[0,-2],[1,-3],[1,-5],[0,-1],[1,-3],[0,-10],[-1,-5],[1,-3],[0,-5],[-1,-4],[0,-15],[-1,-1],[0,-5],[1,0],[-1,1],[0,1],[1,1],[0,10],[1,1],[-1,3],[1,2],[0,30],[-1,3],[-1,4],[0,3],[-1,3],[0,2],[-1,1],[-2,-3],[0,-2],[-1,-2],[-1,-1],[0,-1],[-1,-1],[-1,1],[0,3],[-1,3],[0,10],[1,2],[0,7],[1,1],[1,4],[-1,0],[0,-2],[-1,-2],[0,-5],[-1,-2],[0,-2],[-2,-2],[-2,0],[-1,2],[0,3],[-1,0],[0,0],[-2,-2],[0,1],[-1,0],[-1,-1],[0,3],[-1,1],[1,3],[-1,1],[1,4],[1,2],[1,-1],[0,6],[1,1],[0,1],[1,1],[1,2],[0,-1],[1,1],[0,2],[1,0],[0,-3],[3,4],[0,1],[2,1],[0,4],[1,0],[0,1],[1,0],[0,1],[3,0],[1,1],[1,-1],[0,-2],[1,0],[1,1],[0,1],[1,0],[0,1],[1,0],[1,-2],[2,-1],[2,0],[0,1],[3,0]],[[81018,65388],[-2,2],[0,-1],[-2,0],[0,-1],[-2,2],[-1,0],[-1,1],[-2,0],[-1,1],[-3,1],[-1,0],[0,1],[-1,0],[-4,2],[0,2],[4,-1],[-2,1],[-1,1],[0,1],[1,1],[-1,0],[1,1],[-1,0],[0,5],[-1,1],[0,2],[1,2],[-1,0],[0,1],[1,0],[0,6],[-1,0],[0,1],[1,0],[0,6],[1,1],[1,0],[0,1],[-1,0],[0,-1],[-1,1],[1,3],[1,0],[0,-4],[1,0],[2,-3],[0,-4],[0,0],[0,5],[-1,1],[0,2],[1,1],[0,9],[1,9],[0,1],[1,0],[0,2],[1,1],[0,4],[1,2],[0,1],[-1,0],[1,1],[0,1],[1,2],[0,5],[-1,1],[0,6],[-2,2],[0,2],[-1,1],[0,3],[-1,2],[0,4],[-1,2],[1,0],[-1,1],[0,1],[-1,1],[0,2],[-1,0],[0,2],[-1,1],[0,1],[-1,-1],[-1,1],[0,-2],[-1,0],[0,-1],[-1,-1],[0,2],[-1,2],[0,5],[-1,0],[0,-1],[-1,0],[0,2],[-2,2],[0,1],[-1,1],[0,4],[-1,0],[-1,1],[0,3],[-1,1],[0,4],[1,3],[1,2],[0,2],[1,2],[2,3],[1,2],[0,3],[-1,-2],[0,-1],[-1,-1],[0,-2],[-2,-2],[-1,-3],[-1,-2],[0,-1],[-1,-2],[-2,4],[2,5],[1,4],[0,3],[1,2],[0,2],[-1,-2],[0,2],[1,2],[-1,0],[0,-3],[-1,-2],[0,-6],[-1,-1],[0,-1],[-1,-4],[-1,1],[0,2],[-2,2],[0,1],[-1,2],[0,1],[-2,7],[1,2],[0,1],[1,1],[-1,0],[-1,3],[0,6],[1,1],[1,0],[0,0],[1,-1],[0,2],[-1,1],[-3,2],[0,1],[-1,1],[-1,-1],[0,-4],[-1,-1],[0,-9],[1,-2],[-1,-1],[0,-10],[-1,1],[0,-1],[-1,6],[0,7],[2,2],[0,9],[1,1],[0,2],[-1,1],[1,0],[0,1],[1,0],[0,-1],[2,-1],[1,-1],[1,2],[1,3],[1,-1],[1,0],[0,1],[-1,2],[0,6],[-3,2],[-2,4],[0,-1],[-1,-1],[0,-7],[1,-1],[-2,-2],[0,1],[-1,0],[0,6],[-1,3],[0,11],[-1,4],[0,9],[1,1],[-1,1],[1,2],[0,13],[1,1],[0,3],[1,1],[0,3],[1,1],[0,1],[1,2],[0,1],[1,2],[0,1],[1,2],[0,-1],[1,1],[0,1],[1,1],[0,-1],[1,-4],[2,-2],[0,-4],[1,0],[0,-10],[1,1],[-1,6],[0,5],[-1,0],[0,3],[-1,1],[1,0],[-1,1],[0,4],[-1,0],[-1,1],[0,1],[-1,1],[0,9],[1,2],[0,-1],[1,1],[1,0],[0,-2],[1,-1],[0,-2],[1,1],[0,2],[1,2],[0,1],[1,0],[0,1],[-1,0],[-1,2],[0,2],[-1,2],[0,-1],[-1,1],[-1,3],[0,1],[-1,1],[1,1],[0,2],[-1,0],[0,3],[-1,1],[0,5],[1,0],[0,1],[-1,0],[0,6],[1,2],[0,9],[1,3],[0,6],[1,1],[0,2],[1,0],[-1,1],[0,1],[1,0],[0,4],[-1,1],[0,4],[1,-1],[0,10],[2,2],[0,8],[1,0],[0,5],[1,0],[0,1],[1,1],[0,0],[1,0],[0,-1],[1,0],[0,-1],[1,0],[0,1],[-1,0],[0,1],[1,0],[0,1],[1,0],[0,-1],[2,0],[0,0],[1,0],[0,-2],[1,0],[0,-3],[1,-1],[0,-1],[1,-1],[0,-1],[-1,0],[0,-9],[-1,-1],[0,-10],[1,0],[-1,2],[0,4],[1,1],[0,1],[0,0],[1,2],[0,1],[1,-1],[1,1],[1,0],[0,1],[1,-1],[0,-1],[1,1],[0,-1],[1,-1],[0,-6],[1,0],[1,-1],[0,-2],[1,-1],[0,-2],[1,0],[0,-1],[1,-1],[0,0],[1,0],[0,-3],[1,-1],[-1,-1],[0,-6],[1,1],[0,-1],[1,0],[0,-11],[2,0],[1,1],[1,-1],[0,-2],[1,0],[0,0],[1,1],[0,1],[1,1],[1,0],[0,1],[1,1],[0,1],[1,0],[-1,1],[1,2],[1,0],[0,0],[1,1],[0,-1],[1,-1],[0,3],[1,-1],[0,0],[1,1],[1,0],[0,1],[1,1],[0,-1],[1,1],[0,1],[1,2],[1,0],[1,1],[1,-1],[0,-1],[1,-2],[0,-4],[1,0],[0,-1],[1,0],[0,-2],[1,0],[0,1],[1,0],[0,-1],[1,1],[0,0],[1,-1],[0,-1],[1,0],[1,-1],[0,-2],[1,-1],[0,-4],[1,-2],[0,0],[6,7],[2,3],[1,0],[0,-1],[1,0],[1,-1],[0,-1],[1,0],[0,-1],[2,4],[1,0],[1,2],[0,3],[1,0],[-1,-3],[0,-2],[-1,0],[0,-2],[1,0],[0,-3],[-1,-1]],[[81061,65683],[0,-1],[-2,0],[0,1]],[[81059,65685],[-1,1],[0,2],[-1,1],[0,1],[-1,0],[0,1],[-1,1],[-1,0],[0,-1],[-1,0],[0,-1],[-2,-2],[-2,-3],[-1,-2],[-1,-1],[0,0],[-1,0],[0,-1],[-1,-1],[1,-1],[0,-3],[1,0],[0,-3],[-1,0],[0,-2],[1,1],[0,-4],[1,2],[0,-2],[-1,-1],[1,-1],[0,2],[2,0],[0,-2],[1,-1],[0,1],[1,-1],[0,-2],[1,0],[0,-4],[1,0],[0,-2],[1,-1],[-1,-1],[0,-6],[-1,-1],[0,-1],[-1,0],[0,-3],[1,-1],[0,-5],[1,1],[0,3],[1,-1],[0,1],[1,1],[0,-1],[1,0],[0,0],[1,-1],[0,-1],[1,0],[0,-4],[1,-2],[-1,-2],[0,-1],[-2,-2],[0,-1],[-1,-1],[0,-2],[1,0],[0,1],[1,1],[4,7],[1,3],[1,2],[1,0],[0,-1],[1,0],[0,-2],[-1,-1],[0,-1],[-1,0],[0,4],[-1,-1],[-1,-4],[-2,-4],[-1,0],[0,-2],[-1,-1],[1,0],[0,-2],[0,0],[0,-2],[1,1],[1,0],[0,-1],[1,0],[0,-1],[1,-1],[0,0],[0,-1],[1,0],[0,-3],[1,-1],[0,-9],[-1,-1],[0,2],[-3,0],[0,-2],[1,-3],[3,2],[0,-3],[-1,-1],[1,-5],[0,-5],[1,0],[0,-3],[-1,-1],[0,-3],[1,-1],[0,-2],[-1,-2],[0,-4],[-1,0],[0,-1],[-1,1],[0,-2],[1,0],[0,-2],[-1,-1],[0,1],[-1,1],[0,-3],[1,-1],[0,2],[1,0],[0,-6],[-1,1],[0,1],[0,0],[0,-3],[-1,-1],[1,0],[0,-1],[1,0],[0,2],[2,0],[0,2],[1,0],[-1,-4],[0,-4],[-2,-1],[0,4],[-1,0],[0,-3],[-1,0],[0,-4],[-1,-1],[0,0],[1,-1],[-1,0],[1,-1],[0,-5],[1,0],[0,2],[0,0],[0,1],[-1,0],[1,1],[0,-2],[1,-1],[0,-1],[1,-1],[0,-1],[-1,-1],[1,-1],[0,-1],[-1,-1],[0,-2],[-1,-1],[0,-1],[1,-1],[-1,0],[0,-1],[1,0],[0,-1],[-1,-1],[0,-1],[1,0],[0,-6],[-1,-1],[1,-1],[-1,-1],[0,-6],[-1,0],[1,-1],[0,-2],[1,0],[0,-1],[-1,-1],[0,-1],[-1,1],[0,-1],[1,0],[0,-4],[-1,0],[0,-6],[1,0],[0,-3],[1,0],[0,-3],[-1,0],[0,-1],[-1,0],[1,-1],[0,-4],[-1,-1],[0,-1],[-1,-1],[1,0],[0,-1],[-1,1],[0,-8],[-1,0],[0,-2],[0,0],[0,-5],[1,0],[0,-2],[-1,1],[0,-6],[-1,-1],[0,-2],[1,1],[0,-3],[-1,0],[1,-2],[0,-3],[-1,-2],[0,-5],[-1,-1],[0,1],[-1,0],[0,-1],[-1,0],[0,-2],[-1,0],[0,-1],[-1,0],[0,-2],[-1,0],[0,-2],[2,-3]],[[81059,65685],[0,-2]],[[81059,65683],[2,0]],[[81061,65683],[0,4]],[[81061,65687],[0,4],[-1,1],[0,-1],[-1,0],[0,-1],[-1,-1],[0,-1],[1,0],[0,-3]],[[79387,66849],[3,0],[3,-4],[3,-3],[1,-6],[3,-3],[0,-15],[2,-13],[3,-7],[1,-1],[1,1],[4,-7],[1,-5],[2,-7],[4,-8],[1,-10],[-2,-7],[-2,-6],[-1,-11],[0,-11],[2,-4],[1,-3],[-1,-8],[-2,-3],[-4,3],[-2,4],[-11,35],[-9,33],[-3,25],[-1,10],[-1,11],[0,8],[1,8],[3,4]],[[79612,66328],[2,0],[6,5],[5,4],[3,-3],[0,-10],[2,-21],[2,-14],[0,-9],[-1,-5],[-2,-3],[-5,4],[-2,4],[-1,6],[-2,6],[-9,15],[-5,14],[-8,9],[0,3],[1,4],[5,1],[9,-10]],[[79622,66495],[-3,-19],[-3,-10],[-1,5],[1,6],[-1,11],[1,14],[-4,26],[-4,14],[-1,8],[0,4],[1,4],[1,3],[2,0],[10,-21],[4,-25],[-3,-20]],[[79590,66598],[-1,1],[-1,3],[-2,8],[-3,8],[-5,8],[-3,6],[0,11],[1,0],[1,1],[2,6],[1,1],[2,0],[2,7],[1,2],[1,-2],[1,-4],[-1,-3],[-1,-2],[1,-2],[2,5],[1,2],[0,-5],[2,-3],[1,-4],[1,-8],[0,-4],[-1,-2],[0,-4],[1,-11],[-3,-15]],[[79605,66556],[-1,0],[-2,6],[0,16],[3,3],[2,1],[1,-1],[3,-7],[-2,-8],[-2,-7],[-2,-3]],[[79628,66388],[-3,-8],[-3,-1],[-2,4],[0,3],[1,8],[3,6],[2,0],[2,-8],[0,-4]],[[81002,65488],[-1,-2],[-1,-1],[-1,1],[0,6],[1,0],[1,1],[0,-2],[1,0],[0,-3]],[[56117,69788],[0,1],[-1,-1],[0,4],[-1,0],[0,-1],[-1,-1],[0,0],[-1,1],[0,2],[-1,0],[0,9],[1,1],[0,1],[-1,0],[0,2],[0,0],[0,9],[-1,0],[1,1],[0,1],[-1,1],[1,1],[0,1],[-1,1],[1,2],[0,5],[-1,3],[-1,6],[0,19],[-1,11],[-1,0],[0,2],[-1,-2],[-1,0],[0,2],[-1,4],[-2,1],[-2,10],[-3,9],[1,2],[1,8],[-1,6],[-1,4],[1,2],[1,-1],[0,5],[-1,-1],[-1,0],[0,4],[1,4],[1,-1],[0,3],[-1,1],[-1,-2],[-1,1],[0,3],[-1,1],[0,4],[1,1],[0,8],[-1,5],[0,1],[5,5],[1,-1],[1,2],[1,1],[0,5],[1,2],[0,2],[5,6],[1,-1],[2,3],[2,4],[2,0],[3,5],[1,2],[2,3],[1,0],[3,3],[5,0],[1,-1],[5,-2],[6,-7],[2,-5],[1,-2],[1,-1],[1,1],[0,5],[14,-14],[0,-5],[1,-1],[0,-6],[-1,-4],[0,-13],[-1,-1],[0,-2],[1,-1],[1,-3],[2,-3],[2,-1],[1,1],[0,-2],[-1,-2],[0,-5],[1,-3],[2,0],[3,-4],[3,-1],[5,-2],[1,-1],[0,-2],[1,-2],[8,-6],[2,-3],[3,0],[3,-2],[2,0],[1,-1],[2,-1],[3,0],[1,-1],[4,-2],[5,-9],[2,0],[0,-4],[2,-3],[1,0],[1,-1],[0,-4],[1,-1],[0,-3],[3,-5],[0,-8],[1,-5],[2,-11],[3,0],[3,1],[0,-2],[-1,-1],[0,1],[-1,0],[0,-1],[-1,1],[-3,-1],[1,-7],[-1,0],[0,-9],[1,-2],[-1,-5],[0,-4],[-1,-2],[-3,-12],[-1,-3],[0,-4],[-1,-2],[-1,-4],[-1,-1],[-1,-2],[1,-2],[0,-2],[-1,-11],[0,-2],[1,-1],[-2,-10],[0,-4],[-1,-1],[0,-4],[-2,-7],[-1,-9],[0,-5],[1,-6],[4,-10],[2,-12],[2,-2],[1,-4],[0,-2],[1,-3],[0,1],[1,-1],[-1,-3],[1,-2],[-1,-1],[1,-2],[0,-1],[-1,-1],[-1,-7],[-2,-4],[1,-1],[0,-6],[-1,-2],[-1,0],[-1,-3],[0,-7],[1,-4],[-1,-5],[1,1],[0,-2],[-1,-2],[0,-5],[-1,0],[0,-5],[-1,-1],[1,-3],[1,0],[0,-3],[4,-17],[0,-10],[1,-3],[0,-4],[-1,-4],[0,-9],[-1,-1],[0,-21],[1,-8],[-1,-9],[0,-11],[-2,-5],[1,-3],[-1,-6],[0,-4],[-1,-2],[0,-15],[1,-2],[0,-4],[1,0],[0,-11],[-2,-4],[3,-7],[1,-3],[0,-4],[2,-6],[0,2],[2,0],[0,5],[1,0],[0,-3],[1,0],[0,-12],[-2,-1],[-3,0],[0,-4],[1,-2],[0,-3],[1,-3],[1,-2],[1,-7],[-1,-5],[-1,-2],[-1,0],[-2,-6],[-2,-2],[-1,-5],[-5,-8],[-1,-3],[-2,-4],[-2,0],[-1,-1],[0,-1],[-1,1],[-6,0],[-3,-1],[-5,-1],[-4,-1],[-1,0],[-2,-2],[1,0],[0,-2],[-1,0],[-4,-4],[-2,4],[0,1],[-1,2],[0,3],[-1,-1],[-1,1],[1,0],[0,4],[-1,-2],[-2,6],[0,2],[-2,2],[1,3],[0,4],[-1,-1],[0,-1],[-1,0],[0,-2],[-1,1],[0,5],[-2,0],[0,2],[-1,1],[0,2],[2,0],[1,1],[0,1],[-1,1],[-1,0],[0,-1],[-1,3],[-2,-1],[1,1],[0,2],[-1,1],[1,1],[1,2],[2,2],[-2,1],[0,14],[1,-4],[0,8],[-1,-1],[0,4],[1,-1],[0,1],[1,1],[-1,1],[0,3],[1,5],[0,3],[1,2],[0,4],[-1,1],[0,6],[1,0],[0,3],[1,2],[2,2],[0,13],[1,1],[0,5],[1,6],[-2,21],[0,2],[-4,27],[0,12],[1,2],[0,7],[-1,-1],[-1,0],[0,17],[1,3],[0,4],[-1,1],[1,5],[2,-1],[0,2],[1,19],[1,2],[-2,2],[0,4],[-1,5],[0,6],[1,1],[0,6],[-1,1],[0,6],[-1,12],[-1,13],[-2,4],[-1,7],[-1,1],[-2,4],[-2,5],[-1,1],[-2,4],[1,1],[0,1],[-1,1],[-2,5],[-2,6],[-2,1],[-1,4],[-1,2],[-1,3],[-4,3],[0,-4],[-3,-1],[-2,-1],[-2,2],[0,4],[-1,1],[0,1],[-1,0],[0,-3],[-3,11],[0,5],[-1,0],[0,2],[-1,1],[0,1],[-1,0],[-1,2],[-1,-1],[-2,2],[0,5],[-2,2],[0,2],[-5,10],[0,3],[-1,2],[1,2],[0,4],[-1,-2],[0,-1],[-1,-1],[-1,6],[-1,2],[1,2],[1,0],[1,-1],[-3,8],[0,-2],[-2,-1],[0,2],[-1,0],[0,5]],[[56228,69569],[1,8],[0,2],[1,0],[0,-4],[-1,-4],[-1,-2]],[[56146,69702],[-1,1],[0,4],[1,0],[1,-1],[0,-4],[-1,0]],[[56229,69582],[0,2],[-1,1],[0,3],[1,-2],[0,-4]],[[56231,69676],[0,-5],[-1,1],[0,7],[1,-3]],[[56141,69703],[0,5],[1,-1],[0,-2],[-1,-1],[0,-1]],[[56228,69559],[-1,2],[1,2],[0,-4]],[[56223,69618],[0,2],[1,4],[0,-1],[-1,-4],[0,-1]],[[56229,69794],[0,4],[1,0],[0,-1],[-1,0],[0,-3]],[[56228,69591],[0,4],[1,-1],[-1,-2],[0,-1]],[[56225,69633],[-1,0],[0,3],[1,-1],[0,-2]],[[56228,69652],[0,-1],[-1,-1],[0,3],[1,-1]],[[56225,69616],[0,1],[1,1],[-1,-2]],[[56227,69648],[0,1],[1,0],[-1,-2],[0,1]],[[56224,69625],[0,2],[1,0],[-1,-2]],[[56230,69668],[1,1],[0,-1],[-1,-1],[0,1]],[[56117,69788],[0,-1]],[[56117,69787],[-1,-1],[0,2],[1,0]],[[56115,69191],[0,19],[-1,8],[-1,2],[-1,7],[-2,3],[-1,3],[-1,8],[-1,3],[-1,1],[0,11],[1,5],[1,6],[1,4],[4,13],[0,4],[3,1],[1,-2],[0,-5],[-1,-2],[0,-10],[1,-8],[1,-3],[1,-13],[1,-4],[0,-4],[-1,-3],[1,-3],[1,-9],[1,-11],[1,-7],[0,-3],[1,-5],[1,-3],[1,-6],[3,-11],[1,-5],[1,-3],[0,-7],[1,-7],[0,-13],[-1,-5],[0,-4],[-1,-3],[-2,-5],[-1,-4],[-1,-2],[-1,-6],[-1,-1],[-4,0],[0,2],[-1,7],[0,21],[-1,10],[-2,16],[0,13],[-1,10]],[[56374,69229],[0,-13],[-1,-7],[-3,-25],[0,-8],[1,2],[0,-7],[-1,0],[0,-7],[-1,-1],[0,-1],[-1,0],[0,-1],[1,-3],[0,-2],[-1,-3],[0,-3],[-1,-2],[-1,-1],[-1,-4],[-1,-5],[-1,-2],[-1,-1],[-1,-2],[0,-4],[-1,-3],[0,-3],[1,-1],[0,-2],[-3,-6],[-1,-8],[-3,-3],[-4,-8],[-2,-5],[-3,-2],[-1,-4],[-4,-7],[-2,-8],[-2,-5],[0,1],[-1,1],[0,-10],[-1,-5],[-1,-4],[-1,1],[0,4],[1,3],[0,10],[-1,4],[-1,3],[0,2],[-1,6],[0,3],[-4,18],[-3,18],[-2,7],[-3,23],[-2,9],[0,4],[-1,1],[-1,-1],[0,6],[-1,0],[-1,-1],[1,2],[-1,1],[0,-2],[-1,1],[1,5],[0,2],[-1,4],[1,2],[-1,6],[-2,9],[0,-1],[1,-3],[0,-5],[-1,-1],[0,9],[-1,0],[0,12],[-1,-1],[0,5],[1,0],[-1,10],[-1,14],[0,4],[1,5],[0,22],[1,2],[0,11],[1,3],[0,4],[1,1],[-1,2],[0,1],[2,2],[0,7],[1,2],[1,3],[-1,0],[0,5],[1,0],[0,1],[0,0],[0,6],[1,0],[0,2],[-1,-1],[0,7],[1,1],[0,4],[-1,2],[0,7],[-1,6],[0,2],[1,0],[0,3],[-1,-1],[0,4],[-1,1],[0,5],[1,0],[0,3],[-1,5],[-1,2],[-1,3],[0,28],[1,2],[1,-3],[1,0],[0,1],[1,-2],[0,-5],[2,-1],[0,-3],[1,1],[1,0],[0,-3],[3,-1],[1,2],[0,-5],[1,-1],[1,0],[0,-4],[2,2],[1,-3],[0,-2],[-1,2],[1,-3],[0,-6],[1,0],[1,1],[2,-2],[2,-4],[-1,-2],[0,-1],[1,-1],[1,-6],[4,-3],[2,-4],[0,-3],[1,1],[0,-3],[2,-1],[1,-5],[1,-1],[1,1],[0,-1],[1,-3],[1,-2],[0,-2],[1,-1],[0,-1],[1,0],[1,-1],[0,-1],[1,-1],[1,0],[1,-2],[1,1],[1,0],[1,-2],[0,-4],[1,0],[0,2],[2,-2],[1,-3],[0,2],[2,-1],[2,-6],[3,-7],[3,-17],[1,-3],[1,-2],[0,-8],[1,-3],[-1,-3],[0,-2],[1,-5],[0,-21],[1,-2],[0,-5]],[[56832,68450],[-6,3],[0,5],[3,31],[2,12],[4,5],[2,11],[1,13],[1,8],[3,0],[5,-13],[0,-23],[-1,-12],[-4,-23],[-3,-7],[-5,-9],[-2,-1]],[[56701,65773],[-6,6],[-1,3],[-1,2],[-1,3],[-1,5],[0,5],[-1,3],[2,2],[2,3],[1,1],[2,0],[1,-1],[3,-6],[3,-3],[2,-1],[2,1],[1,1],[5,0],[2,-1],[1,-2],[2,-2],[1,-2],[0,-4],[-1,-1],[-1,-2],[-2,-3],[-3,-5],[-3,-2],[-3,-1],[-3,0],[-3,1]],[[56417,68839],[1,0],[1,-1],[-1,-14],[-1,-3],[-2,1],[-2,0],[-2,4],[-1,-3],[-2,1],[-1,5],[-1,6],[1,6],[2,6],[1,0],[2,1],[1,1],[2,-1],[2,-9]],[[56314,69399],[1,-3],[1,-1],[0,-2],[-1,0],[0,1],[-1,1],[0,4],[-2,2],[-1,-1],[0,2],[1,2],[0,1],[1,-1],[0,-1],[1,-4]],[[56320,69394],[1,1],[0,-1],[-1,-1],[0,-1],[-1,1],[0,2],[1,-1]],[[56323,69389],[-1,2],[-1,0],[0,2],[1,0],[1,-2],[0,-2]],[[56322,69385],[-1,1],[1,1],[0,1],[1,0],[0,-2],[-1,-1]],[[56318,69392],[-1,3],[1,0],[0,-3]],[[56324,69382],[0,3],[1,-2],[-1,-1]],[[56324,69386],[-1,3],[1,-2],[1,-1],[-1,0]],[[56328,69372],[-1,0],[1,2],[0,-2]],[[56502,67580],[-1,0],[0,1],[1,-1]],[[56327,69375],[0,0]],[[56321,69390],[0,0]],[[56327,69374],[0,0]],[[56322,69388],[0,0]],[[55966,69908],[-1,5],[-1,7],[0,4],[1,1],[1,2],[2,3],[2,5],[0,1],[2,4],[2,2],[1,4],[2,5],[1,5],[2,1],[1,-3],[2,0],[1,-1],[5,-4],[1,-2],[2,-2],[3,-7],[2,-3],[2,-6],[6,-9],[1,-2],[4,-12],[0,-4],[3,-10],[2,0],[2,-8],[-9,-13],[-1,-4],[-3,-5],[-2,-3],[-2,-2],[-2,-3],[-3,-3],[-4,-6],[-1,-2],[-2,-3],[-2,0],[-1,-4],[-4,-4],[-2,-3],[-3,-5],[-5,-6],[-2,-5],[-3,0],[-1,-3],[-2,0],[0,1],[-2,-3],[-2,8],[2,3],[-1,5],[2,1],[1,3],[0,7],[1,5],[0,3],[1,5],[0,3],[1,2],[2,5],[1,6],[1,4],[0,16],[-1,9],[-1,11],[-2,4]],[[55968,69684],[-1,-3],[0,-6],[-1,1],[0,-3],[-1,-1],[-1,1],[-1,-3],[-2,-2],[0,-1],[-2,0],[0,1],[-1,0],[-1,-4],[-3,-2],[0,-3],[-1,-1],[0,-2],[-1,-3],[0,-1],[-1,1],[0,-6],[-1,0],[-3,-10],[-1,-2],[0,-2],[-2,-1],[-2,-2],[-2,1],[-2,-1],[-1,0],[-4,-2],[-1,-2],[-1,-1],[-2,-4],[-1,-4],[-1,-3],[-3,0],[-3,7],[0,3],[-1,2],[1,2],[1,4],[3,7],[4,4],[3,6],[2,3],[1,3],[2,2],[1,3],[2,4],[1,3],[3,4],[1,2],[5,15],[0,3],[1,2],[0,2],[1,3],[0,5],[1,5],[2,6],[1,4],[3,3],[0,1],[3,1],[0,1],[1,2],[2,0],[0,-11],[1,-3],[0,-2],[1,-5],[0,-7],[1,-9],[0,-5]],[[55857,69927],[-1,-11],[0,-13],[-2,-3],[-2,-2],[-1,1],[-1,3],[0,3],[-1,4],[0,11],[1,3],[2,5],[2,6],[2,2],[1,-1],[0,-8]],[[55794,70151],[0,-2],[1,-2],[-2,-5],[-2,-7],[1,-2],[0,-2],[-2,1],[-1,-5],[-5,0],[-1,-2],[-2,-2],[0,-4],[-2,0],[0,4],[-1,2],[0,4],[1,2],[0,3],[-1,1],[-1,10],[0,13],[1,3],[0,4],[-2,0],[0,5],[1,2],[0,9],[-1,2],[0,3],[1,2],[1,0],[1,1],[1,0],[1,4],[1,2],[2,2],[2,1],[0,1],[2,4],[0,2],[1,1],[0,1],[1,0],[1,2],[0,2],[1,0],[0,3],[3,3],[2,-1],[3,-2],[0,-5],[1,-2],[0,-2],[1,-1],[-2,-8],[-1,2],[-1,-1],[1,-2],[-1,-6],[-1,0],[-1,-2],[0,-10],[-1,-3],[0,-6],[-1,-5],[0,-9]],[[55773,70549],[0,-3],[-1,-1],[0,2],[1,4],[0,-2]],[[55794,70154],[1,-2],[0,-1],[-1,0]],[[55794,70151],[0,3]],[[55782,70117],[0,1],[1,-1],[-1,-1],[0,0],[-1,0],[0,2],[1,-1]],[[55690,70084],[0,-5],[-3,0],[0,-5],[-2,-3],[-3,0],[-2,1],[0,-2],[1,0],[1,-1],[1,0],[0,-3],[-1,0],[-2,2],[-1,0],[-1,-1],[0,-7],[-2,-2],[0,6],[-1,5],[-4,-1],[-1,0],[0,2],[-1,0],[-2,-5],[-2,-1],[0,2],[-1,0],[-1,-3],[-2,-4],[-2,-2],[-1,-2],[0,-3],[-1,-3],[-1,-4],[-3,-3],[0,-7],[-1,-2],[0,-2],[-2,-3],[0,-3],[-1,-3],[-1,-1],[-1,-3],[0,-3],[-1,-2],[-1,-1],[-1,0],[0,1],[-2,0],[-5,7],[-4,6],[-1,3],[0,9],[1,3],[3,6],[1,3],[0,3],[3,6],[1,1],[1,2],[2,1],[1,2],[2,2],[2,7],[1,5],[0,4],[1,5],[0,5],[1,5],[0,13],[1,4],[-1,5],[0,7],[-1,7],[0,43],[1,0],[0,2],[-2,4],[1,5],[1,3],[1,4],[0,3],[2,4],[1,3],[2,5],[2,1],[1,4],[0,1],[1,1],[1,2],[1,1],[0,5],[3,3],[0,1],[1,3],[2,8],[0,5],[1,5],[-1,4],[1,3],[-1,0],[0,6],[1,3],[2,2],[3,0],[1,-2],[3,-3],[1,-4],[0,-11],[-1,0],[0,-7],[1,-3],[1,-7],[1,-8],[2,-6],[2,-5],[0,-2],[1,-5],[1,-4],[1,-1],[1,-5],[1,-3],[1,-2],[0,-4],[1,-2],[0,-3],[-1,-3],[1,-3],[1,0],[1,-1],[0,-1],[2,-4],[0,-6],[1,-4],[1,0],[2,-3],[4,-4],[0,-1],[1,-5],[2,-4],[1,-1],[0,-2],[2,-1],[0,-3],[2,-4],[2,-7],[1,-5],[3,-9],[2,-4],[1,-5],[4,-10],[0,-1],[2,-1],[0,1],[2,-4],[2,-2],[2,0],[1,1],[2,0],[1,3],[1,-1],[1,3],[2,0],[2,1],[2,-1],[1,-1],[1,2],[1,0],[1,3],[2,0],[1,4],[0,1],[3,-3],[2,-1],[1,-2],[4,-3],[4,-4],[1,-3],[1,-1],[0,-7],[-1,-6],[1,-4],[0,-4],[2,-3],[2,-4],[1,-1],[1,-3],[2,0],[1,3],[2,0],[0,-2],[1,-3],[2,-10],[1,-3],[0,-3],[1,0],[0,-1],[1,-1],[0,-10],[-1,-1],[0,-1],[-1,-1],[0,-1],[-1,0],[0,-4],[-1,-7],[0,-1],[-1,0],[-3,3],[0,3],[-2,2],[0,3],[-1,0],[0,3],[-2,2],[-2,4],[-2,0],[-1,-3],[0,-2],[-1,0],[-1,2],[-2,-1],[-1,-1],[-1,-2],[-1,-1],[-1,-2],[0,-6],[-1,0],[0,-1],[-1,-3],[0,-2],[-1,-1],[-2,-9],[0,-6],[-1,0],[-1,-2],[0,-5],[-1,0],[0,-1],[-1,-4],[0,1],[-3,3],[-1,2],[-2,1],[-1,2],[-1,1],[0,-1],[-1,0],[-2,2],[-1,6],[-3,9],[0,3],[-2,2],[-2,1],[-3,3],[-7,0],[-1,1],[-2,-1],[-2,1],[-2,-4],[-1,-1],[0,-2],[-2,0],[0,4],[-2,2],[-1,2],[-2,0],[-1,1],[-1,2],[-2,3],[0,3],[-1,2],[-1,5],[-2,6],[-1,7],[0,2],[-1,1],[-1,-1],[0,1],[-1,2],[-1,0],[0,1],[-1,3],[-2,7],[1,1],[-1,3],[1,5],[0,9],[-1,1],[-1,3],[0,6],[-1,0]],[[55772,70082],[1,-3],[0,-3],[-1,-1],[0,6],[-1,0],[0,2],[1,-1]],[[55669,70244],[-1,-4],[0,4],[1,3],[0,-2]],[[55772,70068],[0,4],[1,-4],[-1,0]],[[55776,70060],[-1,1],[0,1],[1,0],[0,-2]],[[55669,70244],[0,1]],[[55669,70245],[1,0],[-1,-4],[0,3]],[[55774,70063],[0,0]],[[55772,70063],[0,3],[1,0],[0,-1],[-1,-2]],[[55503,70417],[-1,-1],[-2,1],[-1,2],[-1,-1],[-1,0],[-1,1],[-4,0],[-1,-1],[-1,0],[0,-7],[-1,-6],[0,-2],[-1,0],[0,14],[-1,2],[0,3],[-1,1],[1,1],[1,3],[1,7],[1,5],[0,32],[2,3],[1,3],[2,4],[2,3],[2,1],[1,0],[1,-3],[3,-3],[1,-3],[8,0],[3,1],[3,0],[2,-2],[3,-5],[4,-7],[5,-9],[1,0],[2,-2],[0,-1],[1,-1],[2,-4],[0,-21],[-1,-4],[-3,-7],[-2,-5],[0,-1],[-3,-3],[-1,-4],[-2,0],[-1,-2],[0,-1],[-2,1],[-1,2],[-1,3],[-1,2],[1,5],[-3,0],[-2,1],[-2,2],[-4,-1],[-4,0],[-1,-1],[-1,1],[-2,4]],[[55482,69842],[-1,0],[-1,-2],[-1,-1],[0,1],[-1,2],[-2,2],[-1,0],[0,7],[-1,2],[-1,1],[-1,2],[0,1],[-2,-1],[0,2],[-2,5],[0,2],[1,0],[0,1],[1,-1],[1,1],[0,-1],[1,1],[0,2],[-1,1],[0,2],[2,2],[-3,0],[-2,1],[-1,2],[-3,8],[0,2],[-1,1],[-1,-1],[-1,-2],[-1,1],[0,8],[1,1],[1,0],[1,-1],[1,1],[0,-3],[1,-2],[2,2],[2,0],[0,-2],[1,0],[0,1],[1,0],[1,1],[1,-1],[1,0],[0,-3],[2,2],[0,-3],[2,0],[0,0],[1,-1],[0,4],[2,-2],[0,2],[1,2],[0,5],[1,0],[1,-5],[3,3],[0,-1],[2,0],[1,1],[2,-1],[2,2],[2,0],[6,-6],[1,-4],[4,-6],[1,1],[0,1],[1,-1],[0,-2],[1,1],[1,0],[1,-1],[-1,-2],[0,-2],[3,-2],[2,-4],[0,-3],[2,-1],[3,-15],[0,-11],[2,-12],[0,-2],[-1,-12],[1,-2],[0,-14],[1,-6],[0,-9],[1,-8],[0,-11],[-1,-5],[0,-3],[-1,-1],[0,-4],[-1,-7],[-3,-12],[-2,-3],[-1,-3],[-2,-7],[-1,-4],[-1,0],[-1,1],[-2,4],[-3,3],[-1,4],[-1,2],[0,-2],[-1,0],[0,3],[-1,0],[0,1],[-1,2],[0,2],[1,-2],[0,5],[-1,-1],[0,2],[-1,1],[1,0],[0,2],[-1,0],[0,1],[-1,0],[0,5],[-1,2],[0,4],[1,0],[0,1],[1,1],[0,1],[-1,0],[0,2],[-1,-2],[0,-1],[-1,3],[0,7],[-1,6],[0,4],[-1,3],[0,1],[-1,2],[-1,6],[0,4],[1,1],[-1,2],[-3,2],[-1,1],[0,4],[-2,-2],[0,-1],[-1,4],[0,1],[1,2],[0,2],[-2,2],[0,5],[1,-2],[0,5],[-1,0],[0,5],[-1,-1],[0,14],[-1,1],[0,-3],[1,-3],[-1,-3],[0,-3],[-1,0],[0,6],[-1,2],[0,4],[2,2],[0,4],[-1,1]],[[55505,69722],[0,-2],[-1,1],[0,1],[1,0]],[[55281,70017],[0,-9],[-1,-3],[0,-1],[-1,-1],[-1,0],[-1,-1],[0,-5],[-1,-1],[-2,0],[-1,-1],[0,-2],[-1,-2],[-1,1],[0,-1],[-1,-1],[-2,2],[-1,3],[-1,2],[0,6],[-1,3],[0,9],[-1,0],[-2,2],[0,3],[-1,1],[0,5],[2,2],[0,5],[1,0],[0,4],[1,0],[-1,1],[-2,1],[-1,1],[0,-2],[-1,1],[-1,0],[-1,-3],[0,-2],[-3,-1],[-2,0],[0,-1],[-4,0],[0,1],[-2,2],[0,1],[-1,1],[0,5],[-1,0]],[[55239,70078],[0,1],[-1,3],[1,1],[-2,9],[-2,1],[0,2],[-1,0],[0,1],[-1,2],[0,9],[2,-3],[1,0],[-1,3],[0,1],[-1,1],[0,6],[1,1],[0,3],[-1,1],[-1,-1],[0,2],[-1,-2],[-3,5],[-1,1],[1,2],[-1,2],[-1,1],[0,9],[1,2],[-1,2],[0,6],[-1,-1],[-1,-3],[0,-2],[-3,-3],[-2,2],[0,5],[-2,6],[-4,2],[-2,6],[-1,1],[-1,9],[1,6],[0,10],[1,5],[0,31],[1,6],[-1,5],[0,9],[3,7],[2,2],[2,1],[0,3],[2,4],[1,4],[1,0],[8,-3],[8,-6],[2,-1],[2,-2],[2,1],[2,-1],[1,3],[1,0],[-1,-3],[2,0],[0,3],[1,1],[3,-2],[1,0],[2,-6],[2,-4],[1,1],[-1,3],[1,2],[1,1],[7,-2],[4,-5],[1,-6],[4,-13],[0,-8],[-1,-7],[0,-6],[1,-5],[-1,-10],[0,-13],[2,0],[1,-3],[1,-5],[1,-9],[0,-8],[2,-3],[0,3],[1,-2],[0,3],[2,-3],[0,-3],[1,-1],[-1,-2],[-2,-2],[1,-2],[2,0],[0,-2],[1,-1],[1,-2],[0,-1],[-1,3],[0,9],[1,-3],[2,-2],[1,-2],[1,-6],[1,-10],[2,-16],[0,-4],[1,-4],[-2,-8],[0,-4],[-1,-1],[-1,-3],[0,-9],[1,-2]],[[56185,70618],[0,2],[1,0],[0,5],[1,1],[1,-1],[0,5],[-1,-1],[0,-2],[-1,0],[-2,2],[-1,5],[-2,20],[1,3],[-1,6],[1,1],[0,7],[-1,1],[-1,4],[0,5],[-1,3],[0,1],[-1,0],[-1,3],[-1,2],[-2,-2],[-1,4],[1,4],[-1,2],[0,1],[-1,0],[-1,4],[0,5],[1,2],[1,4],[-1,2],[0,1],[1,4],[0,2],[1,4],[0,22],[1,7],[0,6],[-1,3],[1,6],[-1,0],[0,4],[1,4],[1,2],[0,2],[1,1],[1,-3],[0,-1],[1,0],[2,3],[0,2],[-1,1],[1,3],[1,5],[-1,2],[3,14],[2,4],[1,0],[0,2],[-1,0],[-1,2],[2,3],[-1,2],[-4,-2],[0,-6],[-3,-3],[0,9],[2,4],[2,6],[0,3],[1,4],[0,4],[-1,7],[1,-8],[1,-1],[-1,-1],[0,-3],[3,-1],[0,15],[-3,3],[0,7],[4,-3],[0,3],[-1,6],[1,3],[0,3],[-1,3],[0,5],[1,1],[0,1],[-1,11],[-2,-1],[0,2],[2,0],[0,5],[1,2],[-1,2],[0,8],[-1,1],[-1,0],[0,11],[-1,2],[-2,6],[-3,6],[-2,-3],[-2,7],[-6,-13],[-3,11],[1,4],[35,93],[1,11],[4,3],[9,24],[4,-10],[-2,-7],[1,-7],[2,-4],[2,-2],[1,-2],[1,-1],[1,0],[2,1],[2,2],[2,0],[0,1],[1,0],[0,-1],[1,-2],[2,-2],[0,-4],[8,-11],[0,2],[1,-3],[1,-1],[0,-1],[1,1],[0,-1],[1,-1],[-1,-1],[2,-2],[0,1],[2,-2],[1,-3],[0,-3],[1,-1],[5,-26],[2,-2],[0,-7],[-1,-1],[0,-2],[-1,-3],[-1,-8],[1,-1],[0,-9],[-1,-1],[-1,1],[-2,1],[-1,5],[-1,-1],[0,-1],[-1,0],[-2,-1],[-3,-2],[1,-2],[0,-5],[1,-3],[-1,-4],[1,-2],[0,-5],[1,-2],[-3,-9],[-2,-2],[-3,0],[-2,-1],[0,-2],[-1,-3],[0,-4],[2,-11],[0,-3],[1,-4],[0,-4],[1,-3],[2,3],[2,-2],[1,3],[2,1],[1,1],[2,1],[1,5],[1,7],[1,3],[1,7],[1,2],[2,-1],[1,3],[0,3],[1,1],[0,3],[1,9],[0,10],[1,5],[0,1],[1,1],[1,0],[1,1],[0,2],[1,1],[1,2],[1,1],[0,-4],[4,6],[1,0],[-8,15],[1,2],[2,-4],[1,1],[0,-1],[2,6],[-1,4],[0,1],[-2,1],[-1,-2],[0,1],[1,6],[2,-3],[1,-1],[0,-2],[1,1],[2,-2],[-5,-12],[4,-8],[0,1],[3,0],[1,10],[-1,1],[1,6],[1,-1],[0,2],[-1,1],[1,4],[1,-1],[2,12],[0,-1],[-2,-16],[3,-5],[-3,4],[-1,-1],[1,-1],[0,-3],[2,-3],[0,-1],[-1,0],[-1,2],[-1,-3],[0,1],[-2,-6],[3,0],[1,-1],[4,1],[0,-1],[2,0],[2,2],[0,-2],[2,1],[1,-1],[0,-1],[-1,1],[0,-1],[1,-1],[2,4],[1,0],[1,2],[1,-1],[2,3],[1,0],[0,1],[1,0],[1,2],[4,0],[4,-4],[2,2],[0,2],[-2,0],[0,2],[2,0],[0,3],[5,1],[1,-2],[2,-1],[0,1],[1,2],[0,3],[4,2],[0,1],[1,0],[0,-2],[-1,-2],[2,-1],[1,4],[-1,-1],[0,2],[5,7],[3,-3],[2,-3],[1,-2],[0,-2],[1,-7],[0,-2],[-1,-3],[0,-4],[-1,-3],[-2,-1],[-2,-6],[-4,-2],[-1,1],[-2,-2],[0,-1],[-1,-5],[0,-3],[-1,-1],[0,-1],[-1,-2],[-1,-1],[0,-1],[-2,2],[-5,-6],[-2,0],[-4,-10],[0,-6],[2,2],[0,-4],[2,-2],[3,1],[1,-3],[4,1],[1,1],[3,-1],[1,-1],[6,0],[2,1],[1,0],[3,-4],[1,0],[0,-3],[4,-5],[1,3],[1,-1],[0,-2],[1,0],[0,-2],[1,0],[0,-1],[2,-3],[8,-8],[1,-4],[0,-4],[1,-2],[0,-2],[1,-4],[2,5],[2,-1],[0,2],[1,-1],[1,-2],[1,1],[3,2],[2,-1],[0,1],[10,9],[2,2],[1,2],[2,0],[0,1],[1,-1],[1,1],[0,-3],[7,2],[1,0],[0,2],[3,1],[1,-2],[3,0],[5,7],[1,-1],[0,2],[4,6],[2,-1],[-1,-7],[1,-4],[1,-8],[1,-7],[1,-4],[0,-31],[-1,-9],[-3,-6],[-3,-5],[-2,-7],[-3,-1],[-2,-4],[-2,-6],[-3,-1],[-2,1],[-3,4],[-8,8],[-7,-2],[-3,-1],[-4,0],[-4,-3],[1,4],[-4,-4],[-6,5],[-2,-1],[-2,2],[0,1],[-8,-4],[-3,-2],[-1,0],[-1,-2],[-2,-6],[-2,-2],[0,-3],[-1,-2],[0,-3],[-1,-1],[0,-1],[-2,-2],[0,-1],[-1,-1],[0,-1],[-1,-1],[0,-1],[-1,-1],[-2,-3],[-1,6],[0,-1],[-1,-2],[0,-2],[-2,-2],[-1,-3],[-2,0],[0,1],[-1,-1],[0,-5],[1,-1],[0,-1],[-1,-1],[1,-1],[-1,-1],[-1,0],[0,-3],[-1,-1],[1,-1],[0,-3],[-1,-2],[-1,3],[0,-3],[-1,-3],[1,1],[0,-10],[-1,1],[0,-4],[-1,-3],[0,-1],[-2,3],[-1,2],[-1,-1],[0,-7],[-2,0],[0,3],[-1,1],[0,-5],[-1,0],[0,2],[-1,0],[0,4],[-2,-2],[0,-2],[1,1],[1,0],[0,-2],[-1,0],[0,-1],[-4,0],[0,-1],[-1,-2],[0,-3],[-1,-1],[0,2],[-5,-2],[0,1],[-1,0],[-1,-1],[0,-1],[-1,-1],[-3,0],[-1,-1],[0,-2],[-1,-3],[-2,-1],[0,-1],[-1,-1],[0,-3],[-1,-3],[-1,-6],[0,-1],[-1,-1],[0,-2],[-3,-3],[0,-10],[1,-6],[-2,-6],[0,-1],[1,0],[1,-1],[0,-4],[-1,-1],[0,-1],[-1,2],[-1,0],[-2,-1],[-1,-4],[-3,-4],[-2,-4],[-1,-3],[-1,-4],[-2,-4],[0,-4],[-1,-1],[-1,0],[-4,11],[3,7],[-1,3],[-2,4],[-1,0],[-2,-4],[-1,1],[0,-2],[-1,-1],[0,-2],[-1,-1],[-1,1],[0,-2],[-1,0],[-1,-1],[-2,-1],[-1,-1],[2,0],[0,-1],[1,1],[0,-4],[1,-3],[0,-5],[-1,-1],[-1,0],[0,-2],[1,0],[1,1],[1,-4],[1,-1],[0,-3],[1,-2],[0,-1],[1,0],[2,-6],[2,0],[0,9],[1,4],[1,2],[2,1],[1,0],[2,1],[2,5],[1,4],[2,-2],[0,-5],[2,-4],[-1,-1],[0,-3],[-1,-1],[0,-6],[-1,-5],[1,-2],[3,0],[2,1],[0,-3],[-1,0],[0,-2],[1,0],[0,-2],[1,-3],[1,-1],[1,-3],[0,-1],[1,1],[0,-4],[1,-1],[0,-10],[-2,0],[0,-1],[1,-3],[-5,-8],[0,3],[-1,-1],[0,-2],[-1,-1],[-1,0],[0,-4],[-3,0],[2,-2],[-2,-1],[0,2],[-1,1],[-1,0],[0,-2],[1,-1],[0,-1],[-1,-2],[0,1],[-1,1],[0,-4],[-2,0],[0,2],[1,1],[0,2],[1,1],[-5,-2],[-1,0],[-1,-1],[0,-2],[-1,-3],[0,0],[-2,1],[0,-3],[-1,1],[-1,-1],[0,-2],[-1,-1],[1,-3],[0,-1],[1,0],[1,1],[0,-1],[-1,-1],[0,-2],[-2,-2],[-3,0],[0,1],[1,2],[0,5],[1,1],[0,-1],[1,0],[-1,1],[0,1],[-2,0],[0,-1],[-1,-1],[0,-4],[-2,2],[1,-4],[-1,-1],[0,2],[-1,0],[0,-3],[-1,-3],[0,0],[-1,-3],[0,-2],[-1,-1],[0,-11],[-2,3],[-1,1],[-1,-2],[-5,-5],[-1,0],[-1,-3],[-2,0],[-1,-5],[-1,-7],[-4,-5],[-3,-2],[-2,-2],[-2,-3],[-3,-3],[-2,-1],[-1,-5],[-1,-4],[0,-1],[-1,-1],[0,-4],[-1,-1],[-1,-2],[-1,0],[0,-8],[-1,-4],[-1,-1],[-2,0],[-1,-4],[-2,-2],[0,3],[-1,3],[-2,-4],[-1,1],[-1,-4],[-1,-1],[0,-4],[-1,-1],[-1,1],[0,3],[1,3],[-1,1],[0,1],[-2,0],[0,3],[1,1],[0,4],[1,2],[1,0],[0,10],[-1,7],[-1,6],[-1,4],[-2,6],[-1,6],[-2,6],[-1,1],[-1,3],[0,13],[-1,0],[0,3],[1,0],[0,11],[1,1],[0,3],[-1,0],[0,5],[1,5],[1,1],[1,2],[0,3],[-1,-1],[0,4],[1,2],[0,7],[1,3],[0,3],[-1,-1],[0,-2],[-1,-1],[0,3],[1,3],[0,5],[-1,2],[1,1],[0,1],[-1,1],[-1,2],[0,1],[1,1],[0,-2],[1,3],[1,-1],[0,-2],[-1,-1],[1,-2],[1,0],[0,2],[1,6],[0,2],[-1,5],[-1,0],[0,-2],[-1,0],[-1,1],[0,1],[1,1],[1,2],[0,5],[-1,1]],[[56270,70992],[1,1],[2,8],[1,1],[-2,-8],[0,-5],[-1,0],[-1,3]],[[56262,70558],[-1,0],[-1,-2],[-2,-2],[-1,0],[0,3],[1,-1],[0,1],[1,2],[2,0],[1,-1]],[[56272,70567],[1,7],[1,0],[0,-4],[-1,0],[0,-1],[-1,-2]],[[56263,70561],[-1,0],[0,2],[1,1],[0,2],[1,1],[0,-2],[-1,-3],[0,-1]],[[56392,70907],[1,-1],[0,-5],[-1,4],[0,2]],[[56185,70613],[0,-2],[-1,0],[0,4],[1,0],[1,-1],[-1,-1]],[[56270,70565],[-1,-1],[-1,0],[0,2],[1,-1],[0,2],[1,0],[0,-2]],[[56255,70555],[0,2],[1,1],[0,1],[1,-2],[-2,-2]],[[56185,70618],[0,-1]],[[56185,70617],[0,-1],[-1,-1],[0,3],[1,0]],[[67789,225],[0,3],[1,0],[1,-3],[2,0],[2,-2],[0,-3],[1,-3],[-1,-6],[-1,-4],[0,-3],[-2,-13],[-5,-35],[-2,-1],[-5,-26],[-3,-13],[-5,-13],[-1,-1],[-9,-14],[-2,-1],[-4,-5],[-7,-12],[-2,-4],[-2,0],[-1,1],[-2,4],[0,4],[4,4],[3,6],[0,3],[1,0],[2,5],[0,3],[1,-1],[4,5],[1,-1],[2,3],[2,5],[5,12],[1,1],[3,6],[2,5],[0,-1],[2,6],[2,8],[1,3],[3,11],[0,4],[5,29],[1,8],[0,1],[2,16],[0,9]],[[69182,72762],[-1,-12],[-4,-12],[-5,-8],[-5,3],[-2,11],[1,18],[5,21],[4,0],[2,-1],[2,-9],[3,-11]],[[67783,642],[1,2],[1,1],[0,1],[1,0],[0,1],[1,0],[0,2],[5,0],[2,-1],[0,1],[2,-4],[1,2],[0,-1],[2,-6],[1,-7],[1,-3],[1,-5],[0,-5],[-1,-9],[-3,-9],[-1,-2],[-1,0],[-2,-6],[-2,-1],[-1,6],[0,7],[-1,1],[0,2],[1,0],[-1,2],[0,1],[-1,1],[1,1],[0,3],[-2,9],[-1,0],[0,5],[-1,3],[-1,1],[0,2],[-2,2],[0,3]],[[67712,795],[1,-10],[-1,-1],[-2,0],[0,5],[-3,10],[-2,4],[-2,3],[-3,-1],[-2,-7],[-2,3],[0,4],[2,8],[2,6],[3,2],[2,4],[0,7],[2,5],[1,3],[1,1],[2,-1],[1,-2],[1,-6],[-2,-8],[-1,-6],[0,-8],[2,-15]],[[67691,810],[-1,-2],[-2,0],[-1,3],[-3,2],[-1,0],[-1,2],[0,4],[1,10],[1,5],[4,5],[1,1],[3,-1],[1,-9],[0,-14],[-2,-6]],[[67804,490],[0,-8],[1,-5],[0,-3],[1,-7],[-1,-4],[0,-8],[-1,-4],[-2,-3],[-1,1],[0,17],[-1,3],[0,9],[-1,2],[0,1],[1,1],[0,2],[-1,0],[0,8],[2,-2],[2,3],[1,-1],[0,-2]],[[67804,537],[1,-3],[0,-8],[2,-2],[0,-6],[-1,-5],[-1,-1],[-2,-1],[-1,1],[-2,0],[1,-1],[-1,0],[0,2],[-1,0],[0,2],[1,0],[0,5],[-1,1],[0,9],[-1,0],[0,1],[1,1],[-1,1],[0,4],[1,0],[2,2],[1,2],[2,-2],[0,-2]],[[67798,585],[1,-3],[0,-5],[1,-2],[0,-5],[-1,0],[0,-2],[-1,-4],[0,-2],[-1,-3],[-1,-1],[0,-1],[-1,1],[0,2],[-1,3],[0,8],[-2,0],[0,1],[2,0],[0,3],[-1,2],[1,0],[0,1],[-1,0],[0,11],[1,1],[1,-1],[0,-1],[2,-1],[1,-2]],[[67790,233],[0,1],[1,6],[1,4],[0,7],[1,3],[1,1],[2,-1],[2,-4],[1,-4],[-1,-3],[-2,-3],[-2,-2],[-4,-5]],[[67690,4],[0,0],[-1,-3],[0,-1],[-2,0],[-1,4],[-2,3],[0,3],[4,6],[1,1],[1,0],[0,-2],[1,-8],[-1,-3]],[[55875,73345],[-2,-1],[-2,1],[-1,1],[-1,3],[0,13],[2,3],[0,2],[2,2],[3,9],[1,4],[1,1],[1,3],[2,3],[0,1],[2,4],[2,2],[2,0],[1,1],[1,0],[2,1],[1,1],[7,0],[2,1],[1,-2],[2,-2],[0,-2],[1,-4],[0,-12],[-3,-3],[-1,0],[-2,-2],[-1,-2],[-2,-2],[-1,-2],[-1,-3],[-4,-4],[-1,-2],[-2,-1],[0,-1],[-2,-4],[0,-4],[-1,-3],[-1,-1],[-1,0],[-1,1],[-2,1],[-3,0],[-1,-1]],[[56328,71252],[1,1],[0,5],[1,4],[0,2],[-1,1],[0,8],[1,3],[2,3],[1,0],[1,1],[0,-1],[1,2],[1,0],[1,-1],[1,1],[7,-4],[0,1],[3,-1],[1,-2],[0,-2],[1,-1],[2,-3],[0,1],[1,-1],[0,-1],[1,-3],[1,-1],[1,-3],[1,-2],[3,-2],[0,-15],[-2,-3],[-1,0],[-2,1],[-1,1],[-2,3],[0,1],[-1,0],[-1,1],[-2,1],[-1,0],[-1,1],[0,-2],[-3,-6],[-3,-8],[-1,-8],[-2,-8],[0,-1],[-2,1],[-2,3],[-1,1],[-2,3],[-1,3],[1,2],[-1,8],[0,15],[-1,1]],[[56307,70206],[1,-2],[1,2],[0,2],[-1,0],[0,2],[1,1],[1,-1],[0,1],[3,-1],[0,-2],[-1,1],[-2,-1],[1,-1],[1,0],[0,-1],[-1,-1],[0,-2],[-1,-1],[5,-2],[3,-2],[0,2],[-1,0],[0,4],[2,3],[1,-2],[-2,-2],[1,-1],[1,2],[1,-2],[0,3],[2,-2],[2,-1],[-1,-2],[1,0],[1,1],[2,0],[0,-1],[1,1],[1,-1]],[[56330,70199],[0,-4],[1,-3],[0,-2],[1,1],[2,-2],[-1,3],[1,1],[1,-1],[-1,3],[1,0],[1,-3],[0,-9],[5,-8],[2,0],[0,3],[1,0],[2,-2],[0,-3],[2,1],[1,3],[0,-3],[2,-3],[4,6],[3,-1],[2,3],[0,4],[1,3],[1,4],[2,1],[1,-3],[1,2],[1,3],[0,4],[2,1],[1,0],[6,6],[2,-1],[1,1],[3,-3],[5,0],[1,1],[4,0],[5,-4],[0,-3],[1,-2],[2,-1],[1,-3],[-1,-3],[-1,0],[0,-5],[-2,1],[0,-4],[-1,-1],[0,-3],[-2,-1],[0,-7],[-2,1],[0,-3],[-2,-6],[1,-2],[-1,0],[0,1],[-1,0],[0,-2],[-1,-2],[0,-1],[-1,-2],[1,1],[0,-2],[2,0],[0,-1],[-3,-2],[0,-4],[-3,-1],[-1,-2],[0,4],[-1,-2],[-2,0],[-2,-6],[0,1],[-1,-6],[-1,2],[0,-3],[-2,-1],[-1,-2],[-2,-2],[0,-1],[2,0],[0,-1],[-1,-1],[0,-1],[-1,1],[0,-2],[-2,-1],[-1,0],[-1,-3],[0,-1],[-1,-1],[0,2],[1,1],[0,3],[1,0],[0,4],[-1,-1],[-1,2],[0,-8],[-1,-3],[-1,-1],[0,-4],[-1,1],[-2,0],[-1,-1],[-1,-3],[-1,1],[-1,-1],[-1,2],[0,1],[-1,0],[0,-13],[-1,-8],[0,-1],[1,-2],[2,-3],[1,1],[0,1],[1,1],[0,5],[1,2],[1,-2],[0,-1],[2,3],[1,0],[1,1],[0,-3],[-1,-1],[0,-1],[-1,0],[1,-1],[0,1],[1,0],[1,1],[1,-1],[0,1],[1,-3],[-1,-4],[2,2],[0,4],[1,1],[0,3],[1,-2],[1,1],[0,-6],[1,-1],[1,0],[0,-2],[3,0],[1,2],[0,-1],[1,1],[0,1],[-1,1],[0,2],[1,2],[0,3],[1,-2],[1,-1],[1,-4],[0,-3],[1,-1],[1,0],[1,3],[2,0],[0,3],[1,-2],[1,0],[0,-3],[2,4],[0,1],[-1,3],[1,1],[0,-2],[1,-1],[0,2],[2,0],[0,-2],[1,-1],[0,2],[2,1],[0,3],[-1,1],[0,-2],[-2,1],[0,1],[-1,0],[0,1],[1,2],[0,1],[2,1],[1,2],[2,-2],[-1,-2],[1,-2],[0,-1],[1,-1],[1,3],[0,3],[5,0],[-1,3],[5,5],[1,0]],[[56411,70106],[-1,-1],[-1,-2],[0,-1],[-1,-1],[-2,-1],[2,0],[1,2],[3,3],[3,-2],[5,-20],[1,-1],[2,-5],[0,-8],[-1,-4],[-1,-2],[0,-1],[-1,-1],[0,-2],[-1,-2],[-2,-3],[-1,-4],[-2,-5],[-1,-7],[-2,-9],[-2,-3],[-2,-1],[2,-8],[0,-2],[-1,-1],[0,2],[-2,9],[-3,-6],[0,-5],[-2,0],[-1,1],[-1,-3],[-1,-1],[-1,0],[-1,1],[-1,-2],[-1,2],[-1,0],[0,-2],[-2,-12],[-1,6],[-1,5],[0,1],[-2,0],[-1,1],[-2,4],[-1,-1],[0,-1],[-1,-1],[0,-5],[-1,-1],[-1,0],[-1,2],[-2,0],[0,-1],[1,-3],[0,-4],[-1,0],[-1,-6],[-1,-2],[-1,1],[0,10],[-1,0],[-1,-4],[-1,0],[-2,1],[-1,-2],[0,-3],[-1,0],[0,5],[1,3],[-1,1],[0,2],[1,2],[0,9],[-2,0],[-1,-1],[0,-2],[-1,-4],[0,0],[-2,5],[0,5],[-1,0],[0,6],[-1,3],[-1,2],[-1,-1],[1,-8],[-1,-3],[0,-2],[-1,-2],[-1,-1],[-1,-2],[-2,-2],[0,-3],[-1,-1],[0,-13],[1,-1],[0,-31],[8,-10],[1,1],[0,-2],[-1,-1],[-1,-3],[-3,6],[0,2],[-5,6],[0,-4],[-1,-2],[0,3],[-1,3],[0,5],[-1,0],[0,-1],[-1,-1],[0,-6],[1,-3],[0,-4],[-1,-3],[-2,-2],[-8,-7],[0,-1],[3,-16],[-2,0],[-4,-4],[0,7],[-1,1],[-5,-2],[1,3],[-1,0],[-1,-2],[-1,-1],[0,-3],[-1,-3],[0,-6],[-1,3],[0,5],[-1,1],[0,-1],[-2,1],[0,1],[-2,2],[-9,-5],[-4,-3],[-9,8],[-2,1],[-5,5],[-1,2],[0,1]],[[56290,69933],[0,2],[-3,3],[0,-2],[-1,-1],[-1,0],[0,1],[1,2],[-1,2],[0,1],[-2,0],[0,-2],[2,-2],[0,-2],[-1,-1],[-1,0],[0,-2],[-2,-1],[-1,0],[-1,-1],[1,-3],[0,-2],[-1,-2],[0,-8],[-3,-4],[0,-3],[-2,-12],[-1,1],[0,3],[1,5],[0,2],[-1,-1],[1,7],[-1,0],[0,1],[-1,2],[-1,3],[-1,4],[0,3],[1,3],[1,1],[0,3],[-1,0],[0,8],[-1,1],[-1,-2],[-2,1],[-1,-1],[-2,-1],[0,3],[1,0],[1,1],[1,0],[0,12],[-1,2],[-2,3],[0,1],[-1,3],[1,5],[1,1],[1,3],[0,10],[3,5],[-2,1],[-1,2],[1,1],[2,-2],[0,2],[-1,1],[0,4],[1,0],[0,3],[-1,1],[-1,-1],[0,-1],[-1,1],[0,2],[1,1],[1,2],[0,6],[1,2],[-1,0],[0,4],[1,1],[1,-2],[0,5],[-1,4],[0,2],[-1,-1],[0,-2],[1,-1],[-1,0],[0,3],[1,2],[1,0],[1,1],[1,0],[0,1],[-1,0],[-1,2],[1,2],[0,1],[-1,1],[-1,-1],[-2,1],[0,-1],[-1,-1],[0,3],[-1,4],[1,2],[0,2],[-1,0],[0,1],[-1,-2],[-1,1],[-1,0],[1,-4],[-1,-9],[-1,0],[0,5],[-2,4],[-1,4],[1,5],[-2,0],[0,6],[1,5],[1,-3],[1,4],[0,-1],[1,-2],[1,3],[1,5],[0,5],[-1,2],[0,3],[1,2],[0,2],[1,1],[0,7],[-1,3],[0,4],[1,0],[1,4],[2,-1],[2,-2],[0,10],[-1,0],[-1,-1],[-1,1],[1,10],[3,0],[2,2],[-2,0],[0,3],[1,0],[-1,2],[1,2],[0,-2],[1,-2],[0,-1],[1,2],[0,4],[1,6],[-1,0],[0,-1],[-1,0],[0,3],[1,0],[0,3],[-1,0],[-1,-4],[0,4],[1,2],[0,2],[-1,-1],[0,3],[-1,2],[2,11],[2,-2],[1,8],[1,2],[0,7],[2,4],[0,4],[3,9],[2,16],[1,2],[2,2],[1,3],[1,-1],[1,0],[0,1],[1,1],[0,-3],[1,-1],[0,3],[1,0],[0,2],[1,0],[-1,1],[1,0],[0,-3],[1,0],[-1,-3],[0,-1],[1,0],[1,2],[1,0],[1,-3],[0,-5],[1,-1],[0,8],[1,0],[1,-1],[0,1],[1,0],[1,-2],[1,1],[2,0],[0,-2],[-1,0],[0,-2],[1,-2],[0,-1],[1,1],[0,2],[1,0],[0,-1],[1,0],[-1,2]],[[56354,70109],[0,-4],[-2,-1],[0,2],[-3,1],[-1,2],[0,-4],[-1,-1],[0,1],[-4,-4],[0,5],[1,0],[0,2],[-1,1],[0,-3],[-1,0],[0,-5],[-2,-4],[-1,-1],[-2,0],[-3,-2],[-2,-8],[0,-2],[1,-3],[-1,-5],[1,2],[2,10],[3,3],[2,-1],[4,2],[0,-2],[1,0],[1,1],[0,-5],[1,1],[0,-1],[1,0],[0,-1],[1,1],[0,-3],[1,0],[0,-3],[1,0],[0,3],[2,0],[0,3],[1,9],[0,14]],[[56351,69807],[-8,-8],[-5,16],[1,0],[1,6],[1,0],[4,11],[0,1],[2,6],[1,0],[1,3],[0,1],[1,0],[0,3],[1,-1],[0,-1],[2,4],[2,3],[0,1],[1,4],[0,2],[1,-1],[2,6],[1,1],[1,3],[0,2],[1,0],[0,1],[8,19],[1,1],[0,-1],[4,-11],[1,0],[0,-1],[1,0],[0,-3],[-1,-2],[-1,-6],[1,-7],[-2,-17],[-1,-8],[-2,-12],[-6,-11],[0,-5],[-3,-5],[-1,-1],[0,-2],[-3,-6],[-5,15],[-2,0]],[[56270,69922],[0,-1],[-1,-2],[-1,0],[1,5],[1,-2]],[[56333,70201],[0,-3],[-2,4],[0,2],[1,0],[1,-3]],[[56411,70106],[0,1]],[[56411,70107],[1,1],[1,-1],[0,-1],[-1,-1],[-1,1]],[[56258,70064],[0,-2],[-1,0],[0,-2],[-1,2],[2,3],[0,-1]],[[56330,70199],[0,1]],[[56330,70200],[0,1],[1,0],[1,-2],[0,-1],[-1,-1],[0,2],[-1,0]],[[56290,69933],[0,-1]],[[56290,69932],[-2,0],[1,2],[0,1],[1,-2]],[[56325,70202],[0,3],[1,-1],[0,-2],[-1,0]],[[56324,70205],[-1,-1],[-1,2],[2,0],[0,-1]],[[56316,70200],[-1,2],[0,1],[1,-3]],[[56287,69935],[0,-2],[-2,-1],[1,2],[1,1]],[[56261,70079],[1,1],[0,-3],[-1,0],[0,2]],[[56391,70154],[0,2],[1,0],[0,-1],[-1,-1]],[[56271,70132],[0,1],[1,-1],[-1,-1],[0,1]],[[56307,70205],[-1,1],[1,1],[0,-1]],[[56307,70206],[0,-1]],[[56333,70193],[0,1],[1,1],[-1,-2]],[[56390,70150],[-1,0],[0,1],[1,1],[0,-1]],[[56332,70195],[0,0]],[[56390,70152],[1,1],[0,-1],[-1,0]],[[56390,70151],[0,-1]],[[55239,70078],[2,-1],[0,-7],[3,-12],[0,-6],[2,-3],[-1,-4],[0,-3]],[[55245,70042],[-1,0],[-1,-4],[-2,2],[-3,-2],[-2,-2],[0,-1],[-1,-1],[-1,0],[-2,-1],[-1,-1],[-1,-6],[2,-3],[0,-1],[1,-4],[0,-2],[-1,0],[-1,-2],[-1,2],[-1,-1],[0,3],[1,0],[0,1],[-1,1],[0,1],[-1,-1],[0,-1],[-1,2],[-1,1],[0,-2],[-1,0],[-2,1],[-2,-1],[0,-7],[-1,-1],[0,4],[-1,-1],[0,4],[-1,1],[-2,0],[0,-1],[-1,-2],[0,3],[-1,2],[0,-2],[-1,-2],[-1,0],[0,-1],[-1,-2],[-1,-3],[0,-7],[1,1],[0,-3],[1,-1],[-1,-4],[0,-2],[-1,1],[0,1],[1,1],[0,2],[-1,0],[0,-2],[-1,1],[0,-3],[-1,-2],[0,-7],[1,1],[-1,-3],[1,0],[0,-1],[-1,-6],[0,-1],[-1,0],[0,-8],[-1,-1],[-2,-6],[-2,-2],[0,2],[1,1],[1,3],[1,1],[0,5],[-1,0],[-1,-1],[0,-3],[-1,-2],[0,4],[-2,-4],[0,-3],[-1,-5],[0,-8],[-1,-2],[0,-2],[1,0],[0,-1],[1,-4],[0,-1],[-1,0],[0,1],[-1,1],[0,-1],[1,-2],[0,-3],[-1,2],[0,-6],[-2,-2],[0,1],[1,1],[0,2],[-1,0],[-1,-3],[-1,0],[0,-3],[-1,-1],[-3,3],[-1,0],[0,3],[-1,1],[-1,2],[-2,0],[-1,-4],[0,-1],[-4,0],[-2,-4],[-2,-2],[-2,0],[0,-6],[-4,0],[0,1],[-1,2],[-3,0],[-1,-3],[0,5],[1,4],[0,4],[-1,-4],[0,-2],[-1,-2],[0,-2],[-1,-1],[0,-2],[-1,-1],[0,-3],[-3,0],[0,1],[-1,1],[-1,0],[0,3],[-2,4],[0,3],[1,0],[0,9],[-1,0],[0,-1],[-1,0],[0,-7],[-1,3],[0,4],[-1,3],[0,1],[-1,1],[0,3],[-1,0],[0,3],[1,3],[1,1],[1,0],[1,-3],[1,1],[0,1],[1,0],[1,3],[1,1],[1,0],[0,1],[1,0],[0,1],[1,1],[0,5],[1,2],[-1,1],[-2,-1],[-2,0],[0,3],[-2,0],[0,9],[1,2],[0,2],[-1,1],[0,3],[-1,0],[0,-1],[-2,0],[-2,-2],[0,-3],[-1,-2],[-1,-1],[0,-8],[1,-1],[0,-2],[-1,-1],[-1,0],[0,1],[-1,-1],[0,-2],[-2,-1],[-1,1],[0,-3],[-1,-1],[0,1],[-1,8],[0,2],[-1,1],[-1,2],[-1,4],[-1,5],[0,2],[1,-1],[1,0],[-1,3],[-1,-1],[1,2],[-1,0],[0,1],[-1,-1],[0,-1],[-1,2],[-1,1],[-1,-1],[0,1],[-1,1],[-1,0],[0,2],[-1,1],[-1,0],[0,5],[1,0],[0,2],[-2,2],[0,-2],[-1,-1],[0,-1],[-1,1],[0,1],[-1,0],[0,1],[-1,2],[0,7],[-1,1],[0,8],[2,2],[0,2],[1,2],[1,1],[0,1],[1,0],[0,-3],[2,5],[0,6],[2,6],[-1,4],[0,7],[1,2],[-1,3],[1,3],[1,5],[2,5],[4,5],[1,3],[5,4],[4,10],[3,8],[1,5],[0,2],[1,0],[2,6],[1,4],[0,2],[2,6],[1,2],[1,4],[-1,3],[1,7],[0,6],[-1,4],[0,2],[1,0],[0,3],[2,2],[1,3],[2,1],[2,0],[2,-3],[1,-1],[0,-4],[1,-1],[1,-4],[0,5],[2,-5],[1,-1],[1,-3],[0,-1],[8,-2],[5,-2],[2,-3],[1,-2],[1,0],[2,-4],[0,-5],[2,-1],[0,-3],[1,-2],[0,2],[1,-1],[0,-4],[1,-2],[2,-3],[1,-2],[1,1],[1,0],[0,4],[2,0],[1,1],[1,-3],[0,-10],[1,0],[1,2],[1,0],[1,-2],[1,-3],[1,-6],[-1,-3],[-1,-4],[0,-7],[2,-1],[1,-2],[1,2],[0,5],[1,2],[0,3],[1,-2],[0,-5],[1,-5],[0,-1],[1,0],[-2,-3],[2,-3],[0,-2],[-2,-2],[0,-1],[2,0],[1,1],[0,6],[1,2],[0,1],[-1,0],[0,1],[1,3],[0,4],[1,2],[2,2],[0,-2],[1,0],[1,4],[2,-1],[1,-3],[0,1],[1,1],[1,-3],[1,0],[1,-3],[2,-1],[0,-2],[1,0],[0,2]],[[55270,69590],[1,1],[0,13],[1,3],[0,2],[1,1],[0,1],[1,1],[0,2],[1,1],[1,-1],[1,0],[-1,3],[0,22],[1,7],[1,5],[-1,10],[1,10],[0,21],[1,11],[0,2],[1,5],[0,5],[1,3],[1,5],[1,1],[1,0],[0,6],[1,2],[2,0],[0,2],[1,-2],[1,-3],[1,-1],[1,1],[0,-1],[1,-5],[0,1],[1,1],[0,6],[1,1],[0,13],[-1,4],[0,3],[-1,1],[0,5],[-1,5],[0,6],[1,1],[0,3],[1,0],[1,6],[0,23],[-2,1],[0,1],[-1,0],[-1,3],[0,2],[-1,0],[-1,-1],[-2,-3],[-1,-6],[0,-3],[-1,0],[0,2],[-2,4],[-2,0],[-1,-1],[-1,-2],[-1,-1],[0,-3],[-4,-8],[0,-5],[-1,-2],[-3,3],[-2,6],[-1,1],[-1,2],[0,4],[-2,2],[-1,0],[-1,2],[0,8],[-1,1],[0,8],[2,4],[0,2],[1,1],[0,3],[2,3],[1,2],[0,1],[1,1],[1,0],[0,1],[1,1],[1,2],[0,2],[2,2],[2,4],[0,2],[3,1],[1,-1],[2,2],[0,12],[1,4],[0,2],[1,3],[2,3],[1,3],[2,4],[0,1],[2,6],[1,2],[0,3],[1,1],[0,2],[2,4],[9,3],[2,-2],[6,-12],[1,-3],[1,-1],[0,0],[-1,3],[-3,6],[-1,1],[0,3],[1,0],[-1,1],[0,1],[-1,0],[0,-1],[-1,1],[1,1],[0,1],[-1,0],[0,-1],[-2,2],[0,1],[-4,0],[-5,-2],[-2,-1],[-1,2],[1,2],[0,9],[-1,1],[0,1],[1,1],[0,2],[-1,0],[0,7],[-1,3],[-1,2],[0,6],[-1,4],[0,12],[-1,0],[0,6],[-1,6],[0,13],[-1,-1],[-2,1],[-2,4],[0,12],[1,1],[1,-1],[1,1],[0,1],[1,0],[0,6],[-1,0],[0,7],[-1,0],[-1,2],[0,4],[-1,2]],[[55281,70017],[3,11],[4,16],[1,6],[5,21]],[[55294,70071],[2,-2],[2,0],[2,3],[2,0],[1,2],[1,-1],[1,4],[2,0],[2,-3],[0,2],[-1,4],[1,4],[4,5],[3,-2],[2,6],[3,-2],[5,-1],[3,-4],[2,-5],[2,1],[1,0],[2,-4],[1,-1],[1,-3],[1,-4],[2,-7],[1,-6],[-1,-1],[4,-3],[2,-3],[2,-7],[1,-1],[1,3],[1,2],[1,-2],[0,-4],[1,-6],[0,-4],[1,3],[0,1],[1,1],[1,-1],[1,-2],[1,-4],[0,-4],[2,-2],[0,-3],[4,-8],[1,0],[3,-6],[1,1],[1,0],[3,-1],[5,-8],[0,-3],[3,-2],[1,-2],[2,1],[1,-2],[3,-3],[1,1],[2,-12],[1,-11],[0,-8],[-2,-8],[0,-4],[-1,-4],[0,-4],[-1,-6],[-1,-2],[-3,-2],[-1,0],[0,1],[-1,1],[0,-12],[1,-2],[0,-3],[-1,-1],[0,-1],[-1,0],[0,-2],[-1,0],[-1,-1],[0,-2],[1,0],[0,-2],[1,1],[1,0],[2,-2],[1,-2],[1,-3],[-1,-3],[-2,-4],[-1,-3],[-1,-2],[0,-1],[-2,3],[0,2],[-1,2],[0,1],[-1,-1],[0,-5],[1,0],[1,-2],[0,-2],[2,0],[-1,-2],[0,-11],[-1,-1],[-1,2],[-2,2],[-1,3],[-1,1],[0,-3],[1,-1],[1,0],[0,-3],[1,-1],[3,-9],[1,-6],[-1,-7],[2,-10],[-1,-3],[1,-1],[0,-4],[-1,-3],[-1,-2],[1,-1],[1,0],[0,-2],[1,-1],[0,-6],[1,-1],[1,1],[1,0],[0,-3],[-1,-1],[0,-1],[1,0],[1,-3],[1,-1],[0,-7],[-1,-1],[0,-5],[1,-4],[0,-3],[1,-1],[0,-1],[1,-1],[0,-2],[1,1],[1,-1],[-1,-2],[0,-2],[1,-1],[0,-21],[-1,-3],[0,-3],[-1,-1],[-4,0],[-2,1],[-2,4],[-2,0],[-1,1],[0,3],[-2,3],[-3,6],[0,4],[-3,4],[-2,2],[-2,4],[-2,3],[-4,8],[-3,8],[-2,4],[-2,1],[-1,0],[-2,6],[0,1],[-1,1],[0,16],[-1,0],[0,1],[-2,0],[-1,-1],[-1,1],[-1,0],[0,1],[-1,0],[-2,2],[0,0],[-2,0],[-3,3],[0,1],[-1,-1],[-1,0],[-2,1],[-1,1],[-1,3],[0,2],[-1,1],[0,3],[-1,1],[-1,2],[0,6],[-1,0],[0,-2],[-2,4],[-1,-1],[-1,0],[0,1],[-1,1],[-1,0],[-1,2],[-1,-1],[-2,0],[0,2],[-1,-1],[1,-1],[0,-1],[1,-1],[0,-4],[2,-1],[1,-2],[2,-3],[3,-12],[1,-12],[1,-1],[1,-3],[0,-15],[-1,-2],[0,-1],[-1,0],[-1,-1],[-1,-2],[0,-4],[1,-1],[0,1],[1,0],[1,-3],[0,-2],[1,0],[0,-2],[1,0],[0,-1],[1,0],[0,-3],[1,1],[1,0],[2,-1],[2,2],[1,0],[2,1],[1,0],[2,-1],[2,0],[2,-4],[0,-1],[1,-1],[1,-2],[0,-3],[2,0],[2,-7],[1,-2],[0,-5],[2,-2],[1,-8],[0,-4],[3,-8],[0,-10],[1,-3],[2,-3],[0,-3],[-1,-2],[0,-3],[-1,-3],[2,-2],[2,-4],[0,-2],[-1,-3],[1,1],[-1,-2],[1,0],[2,-1],[1,1],[1,-2],[2,2],[0,-19],[-1,-3],[0,-5],[-1,-3],[1,-2],[0,-19],[1,-5],[1,1],[0,-2],[1,-2],[1,-3],[0,-7],[-1,0],[2,-2],[1,-3],[0,-6],[2,-4],[0,1],[2,-1],[1,-4],[0,-4],[1,-1],[0,-3],[-1,-3],[1,-2],[0,2],[1,0],[0,-2],[1,-3],[0,-3],[1,-2],[1,-5],[0,-1],[2,-8],[1,-5],[1,-2],[1,-1],[0,-3],[1,-2],[1,-7],[1,-4],[0,-5],[1,-4],[0,-1],[-1,-4],[-1,-3],[-1,-4],[-2,-3],[-3,-5],[-3,1],[0,3],[-1,1],[0,3],[-1,-2],[-1,1],[-2,1],[-1,1],[-1,-1],[-3,2],[-3,-1],[-1,-1],[-4,2],[-1,-2],[-2,-1],[-1,-1],[-1,-3],[0,-6],[-1,-3],[0,-2],[-1,-4],[0,1],[-1,4],[-1,-1],[0,-1],[-1,1],[-2,-2],[0,-3],[-1,0],[-1,-7],[0,-2],[-1,2],[0,5],[-1,1],[0,-1],[-1,-1],[0,-3],[-1,1],[0,3],[-1,-2],[0,-1],[-1,0],[-2,-2],[-1,2],[-1,-2],[-1,-6],[0,-4],[-2,-2],[0,-2],[-1,-1],[-1,-2],[-4,0],[0,-2],[-1,-2],[-1,1],[-3,-6],[-1,-3],[-1,-2],[-2,-2],[0,-4],[-1,-1],[-1,0],[0,-3],[-1,0],[-1,2],[-2,-1],[-6,-6],[-3,0],[-3,-3],[-2,-4],[-2,0],[-2,6],[-1,0],[0,-3],[-2,-3],[-1,-1],[-2,-1],[0,-2],[-6,-5],[0,4],[-1,-6],[-1,-3],[0,-3],[-2,-4],[-2,-2],[-1,-2],[0,-1],[-3,-1],[0,2],[-3,6],[-1,5],[-1,0],[-2,4],[0,1],[-1,4],[0,1],[-1,0],[-1,1],[-1,0],[-1,2],[0,1],[-1,1],[0,2],[-1,4],[-1,5],[-1,2],[0,2],[-1,2],[-1,1],[0,9],[-1,5],[0,4],[-1,1],[0,1],[-1,1],[0,2],[1,0],[0,2],[1,3],[-2,-1],[0,9],[-1,2],[1,14],[0,30],[1,5],[0,5],[1,6],[0,5],[4,8],[1,-1],[0,-1],[1,0],[0,-5],[1,-2],[0,-1],[1,-2],[0,-3],[1,1],[-2,10],[1,1],[0,2],[1,3],[0,3],[1,2],[0,1],[1,1],[1,0],[1,-1],[2,0],[1,1],[1,0],[1,-1],[1,0],[0,3],[-1,-1],[-2,1],[-1,-1],[0,1],[-1,-1],[-1,0],[-1,1],[-1,0]],[[55284,69744],[2,-4],[0,-5],[-1,1],[0,3],[-2,2],[0,4],[1,-1]],[[55284,69753],[-1,2],[-1,1],[0,2],[-1,1],[1,1],[0,1],[1,-2],[0,-1],[1,0],[1,-1],[0,-3],[-1,-1]],[[55255,69503],[-2,4],[0,4],[1,1],[1,0],[0,-9]],[[55280,69742],[0,-1],[1,-1],[-1,-1],[-1,0],[0,3],[1,0]],[[55279,69735],[1,1],[1,-1],[-1,-3],[-1,1],[0,2]],[[55259,69572],[0,4],[1,-2],[0,-1],[-1,-1]],[[55266,69595],[0,3],[1,0],[0,-2],[-1,-1]],[[55270,69590],[0,-1]],[[55270,69589],[0,-1],[-1,0],[0,1],[1,1]],[[55220,69784],[1,1],[0,4],[2,2],[2,0],[0,4],[4,2],[2,-1],[1,-2],[1,-3],[1,0],[1,1],[0,3],[1,1],[1,0],[2,-5],[1,-1],[2,0],[1,2],[0,2],[1,0],[0,1],[1,2],[2,0],[1,1],[2,-1],[1,-1],[1,-3],[0,-2],[1,-1],[1,1],[0,5],[1,1],[2,-1],[1,0],[0,1],[1,1],[3,-3],[1,-3],[0,-3],[1,0],[0,1],[1,-1],[1,-4],[3,-4],[3,-2],[1,1],[1,5],[1,3],[0,1],[1,0],[1,-8],[0,-4],[-1,-1],[0,-4],[1,-2],[-1,-5],[0,-14],[-1,-2],[-1,1],[-1,0],[-1,1],[0,-5],[1,-3],[0,-10],[1,-4],[0,-4],[-2,0],[-2,-4],[0,-7],[-1,-1],[0,-1],[-1,3],[0,2],[-1,1],[-1,0],[-1,-1],[0,-3],[-1,-1],[0,-2],[-2,-2],[0,-11],[2,-2],[0,-15],[-1,-7],[0,-5],[-2,-5],[-1,-3],[-1,-2],[-2,-3],[-1,-3],[-5,0],[-2,1],[-1,-1],[-1,0],[-1,-1],[0,-2],[-1,1],[0,4],[-1,2],[0,9],[-1,2],[-1,0],[0,-2],[3,-19],[-1,-12],[0,-2],[-1,0],[-1,-3],[0,-2],[-2,0],[0,-2],[-1,-1],[-2,0],[-1,-1],[-2,0],[0,-6],[1,-3],[1,-2],[1,-4],[0,-9],[-2,-1],[0,-3],[-1,-1],[-1,0],[-1,-2],[0,-6],[1,-3],[0,-3],[-1,0],[0,1],[-1,-10],[-1,-3],[0,-5],[-1,-1],[0,-1],[-1,-6],[-1,-1],[0,-4],[-1,-1],[0,-2],[-2,-2],[-1,-3],[-1,-4],[0,-3],[-2,1],[-2,-5],[-3,-4],[0,-5],[-1,-4],[-1,-2],[-1,-1],[0,-1],[-1,-1],[-1,0],[-5,-18],[-1,-3],[-1,-4],[-1,-2],[0,-6],[-1,-4],[-1,-1],[0,-9],[-1,-1],[-1,0],[0,-1],[-1,-4],[0,-3],[-3,-3],[0,8],[1,5],[0,4],[-1,3],[-1,7],[0,3],[-1,5],[0,2],[-1,6],[0,5],[-3,11],[-1,5],[-1,4],[-1,0],[0,1],[-2,-2],[-2,4],[0,2],[-3,3],[-2,0],[-2,-2],[-2,0],[0,-1],[-1,-2],[0,-1],[-4,-3],[0,-5],[-1,-2],[0,-1],[-4,-4],[0,-2],[-1,-1],[0,-2],[-2,-1],[-1,0],[-1,-1],[0,-2],[-1,0],[0,1],[-2,-1],[-2,-2],[-2,-4],[-1,-1],[-1,-2],[-1,3],[0,6],[-1,2],[1,2],[-1,2],[1,1],[0,1],[1,2],[0,1],[-1,0],[0,10],[-1,5],[1,1],[0,2],[1,3],[1,2],[0,2],[1,1],[0,4],[-3,2],[-4,0],[-3,-6],[0,4],[-1,1],[0,1],[-2,5],[-1,0],[-1,-4],[-2,2],[0,1],[2,2],[0,3],[-2,0],[-1,2],[-1,1],[-1,2],[0,2],[-1,-2],[-1,0],[0,5],[-1,-3],[-1,-2],[0,6],[-1,2],[-1,3],[0,3],[-1,3],[0,6],[1,2],[0,5],[-1,-3],[-1,-1],[-3,0],[-1,1],[-1,-1],[-1,2],[0,1],[-2,0],[-7,10],[0,2],[-1,2],[-3,3],[-1,0],[-1,1],[-1,0],[-1,1],[-2,-2],[-2,-1],[-1,2],[-4,0],[-2,-3],[-2,1],[-2,-5],[-1,-5],[-2,-5],[-1,-7],[-2,-6],[0,-2],[-1,-2],[0,-1],[-1,-1],[-1,1],[0,1],[1,3],[-1,8],[-1,10],[-1,12],[0,33],[1,3],[1,1],[0,2],[1,0],[1,6],[1,2],[0,4],[1,2],[0,3],[2,3],[1,0],[2,-2],[4,-1],[3,2],[4,4],[1,-1],[1,2],[2,0],[0,3],[1,1],[2,1],[4,0],[1,1],[2,1],[2,2],[2,4],[2,2],[2,4],[2,2],[1,3],[2,4],[0,2],[1,3],[0,2],[1,2],[3,3],[1,-2],[3,2],[1,0],[3,-2],[1,-2],[2,-2],[0,2],[1,0],[1,-1],[1,0],[2,2],[1,0],[2,-1],[1,-1],[0,-2],[1,-3],[4,6],[1,0],[1,2],[0,-2],[2,-1],[1,1],[0,3],[1,2],[1,1],[2,0],[0,-2],[1,-1],[1,0],[1,4],[0,1],[1,1],[0,1],[1,1],[0,4],[1,2],[0,1],[3,-3],[0,1],[1,1],[0,2],[2,0],[1,-1],[2,0],[2,2],[0,2],[1,1],[0,3],[2,2],[2,3],[1,2],[2,1],[1,1],[0,1],[1,1],[4,0],[1,-1],[0,-3],[3,-3],[2,-1],[1,1],[0,5],[1,1],[1,0],[0,-1],[3,1],[0,5],[1,4],[0,2],[1,1],[0,1],[2,2],[0,1],[1,2],[1,3],[0,10],[1,2],[0,2],[1,2],[1,1],[2,0],[2,3],[1,3],[1,-1],[1,1],[0,1]],[[99923,47910],[0,-1],[1,0],[0,1],[3,-1],[1,0],[0,1],[4,0],[2,-2],[2,0],[0,-1],[1,0],[0,-9],[1,0],[0,-13],[1,0],[0,-11],[1,0],[0,1],[1,-1],[0,-1],[1,-1],[0,-1],[1,-1],[2,0],[0,-1],[1,0],[0,-21],[-1,-1],[0,-45],[-1,-1],[0,-23],[-1,-1],[0,-8],[1,-1],[0,-18],[1,-1],[0,-12],[1,0],[0,-15],[1,0],[0,-16],[1,-1],[0,-10],[1,0],[0,-11],[1,-1],[0,-8],[-1,0],[0,-1],[-1,0],[0,-1],[-1,-1],[-1,0],[0,-2],[-1,-1],[0,-3],[-1,-1],[0,-4],[-1,0],[0,-6],[-1,0],[0,-2],[-1,-1],[0,-2],[-1,-1],[0,-1],[-1,-1],[0,-3],[-1,0],[0,-44],[-1,0],[0,-5],[-1,-5],[0,-2],[-1,-1],[0,-2],[-3,-6],[-2,-5],[-3,-9],[-2,-2],[0,-2],[-1,2],[-1,0],[0,-1],[-2,0],[-3,3],[0,-6],[1,-1],[0,-24],[1,-1],[0,-6],[-1,-1],[0,-6],[1,0],[0,-1],[-1,-1],[0,-5],[-1,-1],[0,-13],[-1,-2],[0,-1],[-1,0],[0,-2],[-1,0],[0,-1],[-1,0],[-1,1],[0,1],[-1,0],[0,1],[-2,0],[0,-6],[1,-3],[3,-4],[1,0],[1,-2],[0,-6],[-1,-4],[1,0],[0,-1],[1,0],[0,0],[1,0],[0,-1],[1,0],[0,-1],[1,0],[0,-1],[3,0],[-1,-1],[0,-1],[-1,-1],[0,-6],[1,0],[0,-1],[1,0],[0,-1],[1,0],[0,-3],[1,-1],[0,-5],[-1,-1],[0,-3],[-1,-1],[0,-2],[-1,-1],[0,-3],[-1,-1],[0,-3],[-1,-1],[0,-4],[-1,0],[0,-1],[-2,-2],[0,-6],[3,0],[0,-1],[1,-1],[0,-8],[1,-1],[0,-2],[1,0],[0,-3],[2,-2],[0,-1],[1,-1],[0,-1],[1,-1],[0,-1],[1,0],[0,-1],[2,0],[0,-1],[1,0],[0,-2],[1,0],[0,-1],[1,-1],[0,-1],[2,0],[0,-1],[1,0],[0,-1],[1,0],[0,-1],[1,-1],[0,-2],[1,-1],[0,-2],[1,-1],[0,-6],[-1,-1],[0,-3],[2,0],[0,-1],[1,0],[0,-2],[1,-1],[0,-1],[1,-1],[0,-2],[1,-1],[1,0],[0,-5],[-1,-2],[1,0],[0,1],[1,0],[0,-1],[1,0],[0,-1],[1,-1],[0,-1],[2,0],[0,2],[1,1],[0,1],[1,0],[0,1],[1,0],[0,1],[1,0],[1,2],[1,0],[0,1],[1,0],[0,7],[1,0],[0,1],[2,2],[0,3],[-1,1],[0,1],[1,0],[0,4],[1,0],[0,1],[1,1],[2,0],[2,2],[0,1],[1,0],[0,1],[1,0],[0,2],[1,0],[0,1],[1,0],[0,1],[1,0],[0,1],[1,0],[0,1],[1,0],[1,1],[2,0],[0,-1],[1,0],[0,-2],[1,0],[0,-1],[1,-1],[0,-1],[1,0],[0,-1],[1,0],[0,-2],[1,0],[0,-2],[1,0],[0,-2],[1,-1],[0,-2],[1,-1],[0,-2],[1,0],[0,-4],[1,0],[0,-5],[1,0],[0,-5],[1,0],[0,-5],[1,0],[0,-5],[1,-1],[0,-4],[1,0],[0,-1],[1,0],[1,-1],[0,-17],[-1,0],[0,-2],[-1,-1],[0,-1],[1,0],[0,1],[1,1],[0,3],[1,1],[0,11],[1,0],[0,1],[1,0],[0,-4],[1,0],[0,-21],[-1,-1],[0,-15],[-1,-1],[0,-11],[-1,0],[0,-12],[-1,0],[0,-12],[-1,-1],[0,-12],[-1,-1],[0,-8],[-1,-1],[0,-11],[-1,0],[0,-2]],[[99989,47461],[0,-1],[-1,0],[0,-1],[-1,-1],[0,-1],[-2,0],[0,-1],[-4,0],[-1,-1],[-1,0],[0,-1],[-1,0],[0,-1],[-1,0],[-1,1],[-1,0],[0,1],[-1,0],[0,1],[-1,0],[0,3],[-1,0],[0,1],[-1,1],[0,2],[-1,1],[0,2],[-6,0],[0,-1],[-1,1],[0,3],[-1,1],[0,4],[-1,1],[0,2],[-1,0],[0,3],[-1,0],[-1,2],[-10,15],[-2,2],[-1,0],[-1,-1],[-1,0],[-1,1],[0,1],[-2,1],[-2,2],[0,6],[-1,1],[1,4],[0,1],[1,2],[0,1],[1,2],[0,7],[1,0],[2,2],[2,6],[1,1],[2,-1],[1,-2],[1,1],[2,-2],[1,-2],[1,-3],[3,-2],[9,2],[4,-4],[3,-1],[2,0],[3,1],[1,0],[2,-3],[3,-13],[1,-4],[1,-2],[0,-12],[1,-4],[0,-2],[2,-3],[1,-2],[0,-3],[-1,-3],[0,-11]],[[99501,47002],[0,8],[-1,1],[0,4],[-1,2],[0,5],[-1,0],[0,2],[-1,0],[0,3],[-1,1],[0,3],[-1,0],[0,22],[-1,0],[0,4],[-1,1],[0,9],[1,0],[0,1],[-1,1],[0,2],[-1,0],[0,3],[-1,1],[0,3],[-1,0],[0,3],[-1,0],[0,6],[-1,0],[0,-3],[-1,0],[0,1],[-1,0],[0,2],[-1,0],[0,4],[-1,1],[0,3],[-1,1],[0,2],[-1,0],[0,2],[-1,0],[0,2],[-1,0],[0,2],[-1,1],[0,2],[-1,0],[0,4],[-1,1],[0,2],[-1,0],[0,3],[-1,0],[0,2],[-1,0],[0,4],[-1,0],[0,2],[-1,2],[0,5],[1,1],[0,3],[1,1],[0,2],[1,1],[0,3],[1,1],[0,5],[1,1],[0,10],[1,1],[0,6],[1,1],[0,4],[1,0],[0,5],[1,1],[0,11],[1,0],[1,1],[0,7],[1,1],[0,6],[1,1],[0,6],[1,2],[0,6],[1,1],[0,2],[1,0],[0,2],[1,0],[0,1],[3,0],[0,-1],[1,0],[0,-1],[1,0],[0,-2],[1,0],[0,-3],[1,0],[0,-1],[1,-1],[1,0],[0,1],[1,0],[0,2],[1,0],[0,2],[1,1],[0,1],[1,0],[0,1],[1,0],[0,1],[1,0],[0,1],[1,0],[0,1],[1,0],[0,1],[2,2],[0,1],[1,0],[0,1],[1,0],[0,1],[1,0],[0,1],[1,0],[1,1],[1,0],[0,1],[1,0],[1,1],[1,0],[0,1],[1,0],[0,1],[1,0],[0,1],[1,0],[0,1],[1,0],[0,1],[1,0],[0,1],[1,0],[4,4],[0,1],[1,0],[0,1],[1,1],[0,1],[2,0],[1,1],[0,1],[3,0],[0,2],[1,1],[0,2],[1,0],[0,-3],[2,0],[0,1],[2,0],[1,1],[2,0],[0,1],[1,0],[0,1],[4,0],[0,1],[1,0],[0,1],[1,0],[0,1],[1,1],[0,2],[1,1],[0,2],[1,1],[0,2],[1,0],[0,1],[1,0],[0,1],[2,0],[0,-1],[1,0],[0,1],[1,0],[0,1],[1,0],[0,7],[1,1],[0,3],[1,0],[0,-1],[1,0],[0,2],[1,1],[0,6],[1,1],[0,4],[1,0],[0,3],[1,1],[0,1],[1,0],[0,-8],[1,0],[0,-9],[1,1],[0,3],[-1,0],[0,12],[1,0],[0,1],[2,0],[0,2],[1,0],[0,3],[1,1],[0,2],[1,0],[0,5],[4,0],[0,-1],[2,0],[0,-2],[1,0],[0,-1],[1,0],[0,0],[1,1],[0,1],[2,0],[1,1],[0,6],[1,1],[1,0],[0,2],[1,0],[0,1],[1,1],[0,1],[1,0],[0,0],[1,-1],[0,-1],[1,0],[0,-1],[2,0],[0,0],[2,0],[0,1],[1,1],[0,2],[1,1],[0,6],[-1,1],[1,1],[0,6],[1,1],[0,2],[1,1],[0,1],[1,0],[0,1],[1,1],[0,1],[1,0],[0,1],[2,2],[1,-1],[0,-5],[-1,-1],[0,1],[-1,0],[0,-1],[-1,0],[0,-7],[-1,-1],[0,-3],[-1,-1],[0,-3],[1,0],[0,1],[1,1],[0,1],[1,1],[0,2],[1,0],[0,2],[1,0],[0,5],[1,1],[0,13],[1,1],[2,0],[1,1],[1,-1],[0,0],[1,1],[0,5],[-1,1],[0,5],[1,1],[0,2],[1,0],[0,2],[1,1],[0,1],[1,1],[0,2],[1,0],[0,1],[1,0],[0,6],[1,0],[0,3],[1,0],[0,2],[1,0],[0,1],[1,1],[0,1],[1,0],[0,1],[1,0],[1,1],[1,0],[0,4],[-1,0],[1,1],[0,-1],[1,0],[0,-1],[5,0],[0,1],[1,0],[1,1],[0,5],[1,2],[0,4],[1,1],[0,3],[1,1],[0,1],[1,1],[0,1],[1,2],[1,0],[1,1],[1,0],[0,1],[2,0],[0,1],[-1,0],[0,1],[-1,0],[0,2],[-1,0],[0,12],[1,0],[0,3],[1,1],[0,5],[1,1],[0,20],[1,1],[0,1],[2,0],[0,12],[1,1],[0,1],[1,1],[0,3],[1,1],[0,3],[1,1],[0,2],[1,1],[0,1],[1,0],[1,-1],[0,-1],[1,-1],[1,0],[0,1],[1,0],[0,1],[1,0],[0,1],[1,1],[0,1],[1,1],[0,1],[1,1],[0,2],[1,1],[0,-11],[-1,-1],[0,-4],[2,0],[0,1],[1,0],[0,1],[1,0],[0,1],[1,1],[0,5],[-2,0],[0,4],[-1,0],[1,1],[1,0],[1,-2],[1,0],[0,3],[1,1],[0,3],[-1,2],[0,2],[-1,1],[-1,0],[-1,-2],[-1,0],[0,4],[-1,0],[0,4],[-1,2],[0,11],[1,1],[0,1],[1,1],[0,3],[1,1],[-1,1],[1,1],[0,1],[1,3],[0,6],[2,6],[2,3],[1,1],[1,4],[1,1],[0,-3],[1,0],[2,5],[1,3],[0,2],[1,2],[2,2],[4,3],[3,6],[1,3],[0,9],[1,2],[1,1],[0,5],[-1,2],[0,2],[2,10],[2,7],[2,4],[3,3],[4,3],[5,0],[1,2],[1,4],[2,1],[3,-8],[1,-5],[0,-4],[1,0],[1,1],[0,3],[1,4],[2,7],[0,2],[-1,1],[-3,-2],[-1,1],[-1,2],[0,1],[-1,2],[-1,7],[1,7],[-1,5],[0,3],[1,10],[1,15],[1,4],[0,1],[1,1],[3,12],[2,5],[0,2],[-1,1],[-2,-1],[-1,3],[-1,9],[0,2],[-2,3],[0,4],[-1,1],[0,4],[2,10],[1,6],[3,9],[-2,2],[-2,-6],[-2,-9],[-2,-10],[-3,-7],[1,12],[0,1],[-3,-7],[-1,1],[2,10],[2,7],[1,-1],[1,1],[0,3],[1,9],[3,5],[2,0],[5,-2],[1,3],[2,4],[5,12],[2,3],[2,1],[2,8],[2,4],[2,3],[1,1],[4,6],[3,2],[0,1],[2,0],[1,3],[2,7],[1,1],[6,4],[2,-1],[1,-1],[1,0],[1,1],[6,11],[2,1],[2,4],[3,7],[1,2],[1,0],[0,1],[1,0],[0,1],[1,0],[0,1],[1,0],[1,-1],[-1,-1],[0,-1],[-1,-1],[0,-1],[-1,-1],[0,-1],[1,0],[0,1],[1,0],[0,1],[1,0],[0,1],[1,0],[0,1],[1,0],[0,2],[1,0],[0,1],[1,0],[0,2],[1,0],[0,1],[1,0],[0,2],[1,0],[0,1],[1,0],[0,2],[1,0],[0,1],[1,0],[0,1],[1,0],[0,1],[1,1],[0,2],[1,0],[0,2],[1,0],[0,3],[1,1],[2,0],[0,1],[1,0],[0,1],[1,0],[0,1],[1,0],[1,-3],[3,-3],[-2,5],[4,7],[9,6],[8,3],[13,5],[8,3],[5,-6],[1,-1],[1,0],[0,-1],[1,0],[1,-1],[1,0],[0,-1],[3,0],[0,1],[1,0],[0,2],[1,1],[1,0],[0,-2],[1,0],[0,-2],[1,-1],[0,-1],[1,0],[0,-1],[2,0],[0,-1],[2,0],[0,-1],[1,0],[0,-1],[1,0],[0,-1],[1,0],[0,-1],[1,0],[0,5],[1,1],[1,0],[0,-1],[2,0],[0,-3],[1,0],[0,-2],[4,0],[0,1],[1,0],[1,1],[1,0],[0,1],[1,0],[0,1],[1,0],[0,1],[1,0],[1,1],[1,0],[0,1],[4,0],[0,1],[2,0],[0,1],[9,0],[1,-1],[1,1],[4,0],[0,-1],[2,0],[1,-1],[1,0],[1,-1],[3,0]],[[99923,47910],[-1,-6],[0,-14],[-7,-30],[-6,-23],[-7,-14],[-1,-1],[-2,-1],[-2,0],[-1,-4],[-1,-3],[-1,-5],[-1,-8],[-1,-10],[-7,-16],[0,-1],[-2,-24],[-2,-17],[-6,-4],[-11,-11],[-10,-9],[-3,-8],[-1,-3],[-1,-13],[-5,-21],[-3,-9],[-4,-6],[-1,-1],[-2,-30],[0,-2],[-1,-31],[0,-1],[-5,-15],[0,-2],[1,-9],[3,-12],[0,-1],[-1,-10],[-1,0],[0,-1],[-3,-4],[-2,0],[0,-8],[-3,-3],[-3,-7],[-1,-5],[2,-3],[1,-9],[-2,-5],[-5,-20],[-3,-8],[-3,-4],[0,-1],[-1,-8],[0,-2],[-1,-1],[-2,-8],[0,-9],[-1,-1],[-1,-10],[-1,0],[-1,-4],[-1,0],[0,-8],[3,-13],[0,-19],[1,-9],[1,-8],[0,-14],[-1,-13],[0,-3],[-1,-1]],[[99870,47181],[2,0],[39,-7],[4,16],[-1,8],[0,20],[2,13],[3,3],[4,3],[6,7],[9,6],[9,26],[1,0],[0,1],[7,-1],[1,0],[3,3],[8,-30],[0,-4],[1,-14],[2,-2],[2,-3],[2,-2],[2,-1],[3,1],[1,-1],[2,8],[4,-5],[3,0],[2,-2]],[[99991,47224],[-3,-23],[-2,-14],[-2,-8],[-4,-19],[-2,-20],[0,-67],[-1,-1],[0,-13],[-1,-1],[0,-6],[-1,0],[0,-3],[-1,-1],[0,-1],[1,-1],[-1,-9],[-10,-20],[-1,-10],[0,-9],[-2,-13],[-1,-10],[-2,-9],[-2,-14],[-2,-11],[-2,-13],[0,-4],[-1,-5],[-1,-7],[-2,-9],[-1,-5],[0,-5],[-2,-3],[-1,-5],[-2,-3],[-1,-4],[2,-2],[-1,-6],[-3,-4],[-2,-3],[-4,-3],[-3,-5],[-6,-15],[-1,-4],[-2,-4],[-2,-9],[-2,-7],[-2,-8],[-3,-5],[0,-4],[-2,-5],[-2,-9],[-1,-2],[-2,-7],[-2,-11],[-2,-5],[-1,-6],[-1,-3],[-2,-4],[-2,-3],[-1,-3],[-2,-2],[-2,-3],[-2,-4],[-1,-3],[-1,-1],[0,-2],[-1,0],[-1,-2],[-1,-1],[0,-2],[-4,-6],[-1,-2],[-3,-3],[-3,-5],[-3,-4],[-3,-3],[-3,-1],[-3,4],[-3,2],[-1,1],[-2,-1],[-1,0],[-6,-1],[-5,2],[-4,2],[-1,3],[-3,6],[-3,3],[-3,0],[-2,1],[-2,0],[-2,-1],[-3,-1],[-3,1],[-3,0],[-4,6],[-1,5],[-4,8],[0,2],[-1,3],[0,2],[-1,1],[0,3],[-1,1],[-1,2],[-1,1],[0,3],[-2,3],[-2,4],[-1,1],[-1,4],[-1,3],[-2,4],[-2,2]],[[99788,46776],[0,1],[-1,0],[0,2],[-1,0],[0,1],[-1,0],[0,1],[-1,0],[0,2],[-1,0],[0,2],[-1,0],[0,1],[-1,0],[0,1],[-1,1],[0,1],[-1,1],[0,1],[-1,0],[0,3],[-1,0],[0,4],[-1,0],[0,1],[-1,0],[0,1],[-1,0],[0,1],[-1,0],[0,1],[-1,0],[0,1],[-1,0],[0,2],[-1,0],[0,1],[-1,0],[0,1],[-1,0],[0,1],[-1,0],[0,1],[-1,0],[0,1],[-1,0],[0,2],[-1,0],[0,1],[-1,1],[0,1],[-1,0],[0,2],[-1,0],[0,1],[-1,0],[0,1],[-1,0],[0,1],[-1,1],[1,1],[0,4],[1,0],[0,5],[1,0],[0,2],[1,0],[0,1],[1,1],[0,2],[1,1],[0,2],[2,2],[0,1],[1,1],[0,1],[-1,1],[0,2],[-1,0],[0,3],[-1,1],[0,1],[-1,1],[0,7],[1,0],[0,0],[1,-1],[0,4],[1,1],[0,8],[1,1],[0,8],[1,0],[0,11],[1,0],[0,-1],[1,-1],[0,-1],[1,-1],[0,-2],[1,-1],[0,-2],[1,0],[0,-1],[1,3],[0,2],[-1,0],[0,12],[-2,0],[0,1],[-1,0],[0,1],[-2,0],[0,-2],[-1,-1],[0,-1],[-1,0],[0,-1],[-1,0],[0,-1],[-2,0],[0,-1],[-1,0],[0,-1],[-1,0],[0,-1],[-1,0],[-1,-1],[0,1],[-1,0],[0,4],[-1,0],[-1,-1],[0,-2],[-1,-1],[0,-1],[-1,0],[0,4],[-1,0],[0,9],[-1,0],[0,1],[-1,0],[0,1],[-1,0],[0,-1],[-1,0],[0,-2],[-1,0],[0,-2],[-1,0],[0,-1],[-1,1],[0,1],[-1,0],[0,3],[-1,1],[0,3],[-1,1],[0,5],[1,1],[0,5],[1,1],[0,2],[-1,1],[0,2],[-1,1],[0,1],[-1,0],[0,1],[-1,0],[0,2],[-1,0],[0,11],[1,0],[0,4],[-1,0],[0,3],[-1,1],[0,3],[-1,0],[0,6],[-1,0],[0,2],[-1,0],[0,3],[-1,0],[0,3],[-1,1],[0,-1],[-1,0],[0,-5],[1,0],[0,-2],[1,0],[0,-1],[1,-1],[0,-2],[1,0],[0,-4],[-1,-1],[0,-1],[-3,0],[0,-1],[-1,-1],[0,-1],[-1,0],[-1,-1],[0,1],[-2,0],[0,-1],[-2,0],[0,2],[-1,1],[0,3],[-1,1],[0,1],[-1,0],[0,-1],[-1,-1],[0,1],[-1,0],[-1,-1],[0,-1],[-2,-2],[0,-1],[-1,-1],[0,-5],[-1,-1],[0,-6],[-1,-1],[0,-3],[-1,-1],[-1,0],[-1,-1],[0,-3],[-2,-2],[0,-1],[-1,-1],[0,-3],[-1,0],[0,-1],[-2,0],[-1,1],[0,2],[1,1],[0,1],[-1,1],[-1,0],[0,-3],[-1,-1],[0,-5],[-2,-2],[0,-5],[-1,-1],[0,-2],[-2,-2],[-1,0],[0,-1],[-1,0],[0,-1],[-1,-1],[0,-5],[-1,-1],[0,-1],[1,-1],[-1,-1],[0,-2],[-1,-1],[0,-3],[1,0],[0,-3],[-1,-1],[0,-3],[1,0],[0,-2],[1,-1],[0,-3],[1,-1],[0,-4],[1,-1],[0,-2],[-1,-1],[0,-5],[-1,-1],[0,-5],[-1,0],[0,-1],[-1,0],[0,-1],[-1,0],[0,-1],[-2,0],[0,1],[-1,1],[0,1],[-2,0],[0,-1],[-1,1],[0,1],[-1,0],[0,1],[-2,0],[0,1],[-2,0],[0,1],[-1,0],[0,1],[-1,0],[0,1],[-6,0],[0,-2],[-1,-1],[0,-1],[-1,0],[0,3],[-1,0],[0,2],[-1,1],[-1,0],[0,-10],[-1,-1],[0,-4],[-1,-1],[0,-2],[-1,-1],[0,-1],[-2,0],[-2,-2],[0,-1],[-2,0],[0,1],[-1,0],[0,1],[-1,0],[0,1],[-3,0],[0,1],[-1,0],[-2,-2],[-1,0],[0,-1],[-3,0],[0,1],[-1,0],[0,1],[-1,0],[-2,-2],[0,-2],[-1,-1],[0,-2],[-2,0],[0,3],[-1,1],[-2,0],[0,-6],[-2,0],[0,1],[-1,0],[-1,1],[0,1],[-1,0],[0,1],[-7,0],[0,1],[-4,0],[0,0],[-1,0],[0,1],[-1,1],[-2,0],[0,1],[-3,0],[0,1],[-1,0],[-1,1],[0,1],[-1,0],[0,-1],[-1,0],[0,-2],[-1,-1],[-2,0],[0,1],[-1,0],[0,-1],[-1,0],[0,-2],[-1,0],[0,-1],[-1,0],[0,-1],[-1,0],[0,-2],[-1,-1],[-1,0],[-2,2],[-1,0],[0,1],[-1,0],[-1,1],[-1,0],[0,1],[-1,0],[-2,2],[-1,0],[0,1],[-1,1],[0,1],[-1,1],[0,2],[-1,1],[0,5],[-1,0],[0,-10],[1,-1],[0,-3],[1,-1],[0,-2],[1,-1],[0,-1],[1,-1],[0,-2],[1,0],[0,-1],[2,-2],[0,-1],[2,-2],[2,0],[0,-1],[2,-2],[0,-1],[1,0],[0,-1],[1,0],[0,-1],[1,0],[0,-1],[1,0],[0,-1],[1,0],[0,-1],[1,-1],[0,-1],[1,0],[0,-2],[1,0],[0,-1],[1,-1],[0,-1],[2,0],[0,-1],[1,0],[0,-1],[1,0],[0,-1],[5,0],[0,-3],[1,0],[0,-2],[1,0],[0,-2],[1,0],[0,-1],[1,-1],[0,-1],[1,0],[0,-2],[1,0],[0,-1],[1,0],[0,-1],[2,-2],[1,0],[0,-2],[2,0],[1,-1],[3,0],[0,1],[1,0],[0,1],[1,1],[0,1],[1,0],[0,1],[2,0],[1,-1],[0,-1],[1,0],[0,1],[1,0],[0,2],[1,0],[0,1],[1,1],[1,0],[0,1],[1,0],[0,1],[1,0],[1,1],[2,0],[0,-1],[3,0],[0,1],[2,0],[0,2],[1,1],[0,1],[1,0],[0,2],[1,0],[0,1],[1,0],[0,1],[2,0],[0,1],[1,0],[0,-1],[1,-1],[0,-1],[2,0],[0,1],[2,0],[0,2],[1,0],[0,1],[1,0],[0,1],[3,0],[0,-1],[1,0],[0,-1],[1,0],[0,-1],[1,0],[0,-1],[1,0],[0,1],[1,0],[0,1],[1,1],[1,0],[0,-1],[2,0],[1,1],[1,0],[0,-1],[1,0],[0,1],[3,0],[0,1],[1,0],[1,1],[0,1],[1,1],[0,1],[1,1],[1,0],[0,1],[1,0],[0,1],[1,0],[0,2],[1,1],[0,1],[1,0],[0,4],[1,0],[0,1],[1,0],[0,-1],[1,0],[0,1],[1,0],[0,1],[1,0],[0,1],[1,0],[0,2],[1,0],[0,1],[1,0],[0,1],[1,0],[0,3],[-2,0],[0,5],[2,1],[1,0],[2,2],[0,1],[1,0],[0,1],[1,0],[0,1],[1,1],[0,2],[1,2],[0,14],[1,0],[0,1],[1,0],[0,1],[1,1],[0,1],[1,0],[0,1],[1,1],[0,1],[1,0],[0,2],[1,1],[0,12],[1,0],[0,-2],[1,-1],[0,-2],[1,0],[1,1],[0,2],[-1,1],[0,2],[1,1],[0,2],[1,2],[0,-29],[-1,0],[0,-6],[-1,-1],[0,-1],[-1,-1],[0,-2],[-1,-1],[0,-2],[-1,0],[0,-2],[-1,0],[0,-3],[-1,0],[0,-3],[-1,0],[0,-1],[-1,-1],[0,-1],[-1,0],[0,-1],[-1,0],[0,-1],[-1,0],[0,-1],[-1,0],[0,-2],[-1,0],[0,-1],[-1,0],[0,-2],[-1,0],[0,-1],[-1,-1],[0,-1],[-1,0],[0,-1],[-1,-1],[0,-1],[-1,0],[0,-2],[-1,0],[0,-1],[-1,0],[0,-2],[-1,0],[0,-1],[-1,0],[0,-2],[-1,0],[0,-1],[-1,-1],[-1,0],[0,-2],[-1,0],[0,-1],[-1,0],[-2,-2],[-2,0],[-1,-1],[-2,0],[0,-1],[-3,0],[0,-1],[-2,0],[0,-2],[-1,0],[-1,-1],[-1,0],[0,-1],[-2,0],[0,-1],[-2,0],[0,-1],[-3,0],[0,-1],[-1,0],[0,-1],[-1,0],[0,-1],[-1,0],[0,-1],[-6,0],[0,-1],[-2,0],[0,-1],[-1,0],[0,-1],[-1,0],[0,-1],[-1,0],[0,-1],[-1,0],[0,-1],[-1,0],[0,-1],[-1,0],[-2,-1],[-1,0],[0,-1],[-1,0],[-1,-1],[-1,0],[0,-1],[-1,0],[0,-1],[-1,0],[0,-1],[-2,0],[0,-1],[-1,0],[0,-1],[-1,0],[-1,-1],[-1,0],[0,-1],[-1,0],[0,-1],[-2,0],[0,-1],[-1,0],[-1,-1],[-7,0],[0,1],[-2,0],[0,1],[-2,0],[0,1],[-1,0],[0,1],[-2,0],[0,1],[-1,0],[0,1],[-1,0],[0,1],[-2,0],[0,1],[-2,2],[0,1],[-1,0],[0,1],[-1,0],[0,1],[-1,0],[0,1],[-1,0],[0,2],[-1,0],[0,1],[-1,0],[0,1],[-1,0],[0,1],[-1,0],[0,2],[-1,0],[0,1],[-1,0],[0,1],[-1,0],[0,1],[-1,0],[0,1],[-1,0],[0,1],[-1,0],[0,1],[-1,0],[0,1],[-1,0],[0,1],[-1,0],[0,1],[-1,0],[0,1],[-1,0],[0,1],[-1,0],[0,1],[-1,0],[0,2],[-1,0],[0,1],[-1,0],[0,1],[-1,0],[0,1],[-1,0],[0,2],[-1,0],[0,2],[-1,0],[0,2],[-1,1],[0,1],[-1,0],[0,1],[-1,0],[0,1],[-1,0],[0,2],[-3,0],[0,1],[-3,0],[0,1],[-2,0],[0,1],[-1,0],[0,1],[-2,0],[0,1],[-1,0],[0,1],[-2,0],[0,1],[-2,0],[0,1],[-3,0],[0,1],[-1,0],[0,1],[-2,0],[0,1],[-1,0],[0,1],[-1,0],[0,1],[-1,1],[0,2],[-1,1],[0,1],[-2,0],[-1,1],[-2,0],[0,1],[-2,0],[0,1],[-2,0],[0,1],[-1,1],[0,1],[-1,0],[0,4],[-1,0],[0,3],[-1,0],[0,1],[-2,0],[0,1],[-1,0],[0,-1],[-1,0],[0,0],[-1,0],[0,1],[-1,0],[0,1],[-1,0],[0,1],[-1,1],[-1,0],[0,1],[-1,0],[0,1],[-1,0],[0,1],[-1,0],[0,1],[-1,1],[-1,0],[0,1],[-1,0],[0,1],[-1,0],[0,1],[-2,0],[0,1],[-1,0],[0,1],[-1,0],[0,1],[-2,0],[0,1],[-1,0],[0,1],[-1,0],[0,-1],[-2,0],[0,1],[-1,0],[0,1],[-1,1],[0,1],[-1,0],[0,1],[-1,1],[0,1],[-1,0],[0,2],[-1,0],[0,3],[-1,0],[0,3],[-1,0],[0,4],[-1,0],[0,2],[-1,1],[0,2],[-1,0],[0,5],[-1,0],[0,4],[-1,0],[0,2],[-1,0],[0,3],[-1,1],[0,3],[-1,0],[0,4],[-1,0],[0,9],[-1,0],[0,2],[-1,1],[0,1],[-1,1],[0,4],[-1,0],[0,5],[-1,0],[0,4],[-1,0],[0,6],[-1,1],[0,6],[-1,0],[0,1],[-1,0],[0,8],[-1,0],[0,2],[-1,0],[0,3],[-1,0],[0,9],[-1,0],[0,3],[-1,0],[0,3],[-1,0],[0,5],[-1,0],[0,13],[2,0],[0,1],[1,0],[0,1],[1,1],[1,0],[0,-3],[1,-1],[0,-3],[1,-1],[0,-2],[2,0],[0,-2],[1,0],[0,-2],[1,0],[0,-5],[1,-1],[0,-1],[-1,-1],[0,-6],[1,0],[0,-6],[1,-1],[0,-11],[-1,-1],[-1,0],[0,-4],[1,0],[0,1],[1,0],[0,1],[1,0],[0,-1],[1,-1],[0,9],[1,1],[0,1],[1,1],[1,0],[1,1],[2,0],[0,-3],[1,-1],[0,-10],[-1,-1],[0,-15],[1,-1],[0,-3],[1,0],[0,-3],[1,0],[0,-2],[1,-1],[0,-2],[1,-1],[0,-1],[1,0],[0,2],[-1,0],[0,3],[-1,0],[0,3],[-1,1],[0,4],[-1,0],[0,5],[-1,0],[0,5],[1,1],[0,9],[1,1],[0,3],[-1,1],[0,6],[-1,0],[0,4],[-3,0],[0,-1],[-1,0],[0,1],[-1,0],[-1,1],[1,1],[0,5],[-1,0],[0,7],[-1,1],[0,11],[-1,0],[0,1]],[[99501,47002],[14,-1],[3,3],[7,1],[3,0],[9,4],[4,7],[8,31],[1,13],[1,0],[0,1],[9,9],[1,0],[2,-3],[8,-3],[7,-10],[6,-1],[8,-5],[4,-1],[10,11],[3,11],[16,13],[0,1],[1,5],[0,2],[-1,5],[-1,1],[0,1],[3,16],[7,23],[1,16],[0,2],[3,2],[6,8],[1,0],[2,10],[0,1],[7,-3],[4,8],[4,4],[5,-1],[0,1],[1,0],[5,15],[0,1],[6,5],[3,5],[7,1],[11,5],[5,-9],[5,-1],[6,7],[2,2],[8,-8],[6,10],[2,13],[11,12],[1,1],[4,12],[5,31],[0,1],[19,11],[4,12],[13,7],[8,3],[3,6]],[[99802,47326],[2,-9],[1,-4],[1,-5],[9,-35],[2,-4],[23,4],[3,0],[0,-1],[1,0],[0,-2],[26,-70],[-1,-4],[0,-1],[1,0],[0,-14]],[[99870,47181],[0,-24],[-4,-12],[-1,-19],[2,-27],[-1,-19],[0,-12],[1,-9],[0,-1],[3,-7],[1,-1],[1,-8],[0,-2],[-4,-14],[-2,-5],[-1,-5],[0,-19],[-3,-8],[-1,-6],[-1,-1],[-7,-21],[-5,-5],[-1,-7],[-7,-11],[-3,-5],[-2,-25],[-1,-7],[-14,-24],[-8,-9],[-6,-6],[0,-1],[-5,-19],[-5,0],[-4,-8],[-2,-29],[-1,-22],[-1,-7]],[[81413,65083],[1,1],[0,1],[2,1],[1,2],[1,1],[0,1],[1,0],[0,0],[1,0],[0,2],[1,1],[1,3],[1,-1],[2,0],[2,-2],[0,2],[1,0],[0,1],[2,0],[1,-1],[0,-1],[1,0],[0,-1],[1,0],[0,-3],[1,0],[0,-2],[2,0],[0,-2],[1,-1],[0,-3],[-1,0],[1,-1],[-1,-1],[0,-6],[-1,0],[0,-5],[-1,-3],[1,-1],[0,7],[1,1],[0,4],[1,1],[0,10],[1,0],[0,1],[1,0],[1,-2],[2,0],[0,1],[3,0],[2,-4],[0,-3],[1,0],[1,-2],[1,0],[1,-3],[1,-6],[3,-6],[0,-1],[1,-3],[0,-3],[1,-4],[0,-7],[1,0],[0,-14],[-1,-6],[-1,-3],[0,-2],[-1,-2],[-1,-1],[0,-2],[-1,-4],[-1,0],[-1,-1],[3,0],[0,-1],[1,0],[-1,-2],[1,-3],[0,-1],[1,0],[0,-9],[1,0],[1,-5],[0,-1],[1,-1],[0,-5],[1,-2],[0,-2],[-1,-1],[0,-2],[-1,0],[0,-2],[-1,-2],[-1,-5],[0,-3],[-2,-4],[0,1],[2,0],[0,2],[1,4],[0,4],[1,3],[1,1],[1,0],[1,2],[0,5],[1,3],[1,1],[1,0],[1,2],[0,4],[1,1],[1,0],[1,1],[2,0],[1,3],[0,1],[1,-1],[0,-1],[1,-2],[0,2],[1,0],[1,-1],[0,-1],[1,-2],[1,2],[-1,1],[0,6],[1,2],[0,6],[1,1],[0,1],[1,0],[0,1],[1,2],[0,2],[1,1],[0,1],[3,3],[0,-1],[1,-1],[1,-3],[1,0],[0,1],[1,1],[1,0],[0,10],[1,-1],[0,1],[1,1],[0,3],[2,2],[0,2],[1,2],[-1,3],[0,1],[-1,1],[0,11],[1,0],[0,4],[1,3],[0,1],[1,0],[0,5],[2,1],[0,-1],[1,-1],[-1,-1],[1,-3],[0,4],[1,1],[0,3],[-1,-1],[0,-1],[-1,7],[0,3],[1,1],[2,0],[1,2],[2,-2],[0,4],[-1,-1],[-1,0],[0,-1],[-1,-1],[-1,0],[-2,-1],[-1,1],[0,7],[-1,4],[1,6],[0,5],[1,0],[0,11],[1,3],[1,1],[0,5],[1,1],[1,3],[0,3],[-1,-3],[0,-1],[-1,2],[-1,7],[2,4],[0,2],[1,3],[0,1],[1,2],[3,2],[3,3],[0,3],[2,2],[1,0],[1,-2],[0,-1],[1,0],[0,1],[2,0],[0,1],[1,0],[0,-1],[1,1],[0,1],[1,0],[1,2],[1,0],[1,-1],[0,1],[1,0],[0,1],[1,1],[1,-1],[0,-1],[1,1],[1,0],[0,3],[1,1],[1,3],[2,2],[1,-1],[0,3],[1,0],[0,4],[1,1],[1,0],[0,1],[1,0],[0,1],[1,0],[0,-1],[1,-1],[0,2],[1,1],[0,1],[3,0],[1,-1],[0,2],[2,0],[0,-2],[4,-4],[0,-2],[1,0],[1,-2],[0,-10],[-1,0],[0,-7],[-1,-1],[0,-3],[-1,-3],[0,-3],[-1,-3],[-1,-2],[0,-3],[-2,-4],[0,-1],[-1,0],[0,-1],[-1,1],[0,-1],[-1,0],[0,-1],[-1,-1],[-1,0],[0,2],[-1,-1],[-1,-3],[0,1],[2,-2],[0,-6],[-1,-2],[0,-5],[1,-1],[0,-2],[-1,-3],[-1,-1],[0,-2],[-1,1],[0,-4],[1,-2],[0,-22],[-1,-2],[-1,0],[1,-2],[1,1],[1,-1],[0,-2],[1,-1],[-1,-1],[1,-2],[2,2],[0,-1],[1,0],[1,-1],[0,-3],[1,0],[0,-2],[1,-1],[0,1],[1,-1],[1,-2],[0,-1],[1,-2],[2,-2],[0,-2],[2,-3],[0,-8],[1,-1],[0,-1],[1,-1],[0,2],[2,0],[0,-6],[-1,0],[1,-1],[0,-1],[1,-1],[0,1],[1,-1],[1,2],[1,0],[2,1],[0,-1],[1,-1],[1,-2],[0,1],[1,-1],[0,-1],[1,-1],[0,-3],[1,-2],[-1,-5],[1,-3],[0,-2],[1,-1],[0,-5],[1,-1],[0,-1],[1,-2],[0,-5],[-1,-2],[0,-13],[-1,-2],[0,-1],[-1,-1],[0,-6],[-3,0],[0,-1],[-2,-1],[-5,-5],[-2,-3],[-1,0],[0,-1],[-2,-3],[-2,-2],[0,-1],[2,2],[4,6],[1,0],[0,1],[5,5],[1,0],[1,1],[2,0],[0,-3],[-1,-1],[0,-2],[-1,-1],[-1,0],[0,-7],[-1,-1],[1,-1],[-1,-4],[-1,0],[0,-4],[-1,0],[0,-9],[1,-3],[-1,-2],[-1,0],[1,-1],[0,-2],[1,-1],[0,-5],[-2,-1],[-1,-1],[0,-1],[-1,1],[0,-1],[1,0],[1,1],[2,1],[0,1],[1,-1],[0,-3],[1,-1],[1,-2],[0,-2],[-1,0],[1,-1],[0,-11],[1,-1],[0,-3],[1,0],[0,-2],[1,-1],[0,-2],[1,-2],[0,-4],[1,-1],[0,-2],[1,-2],[0,-1],[1,-3],[0,-3],[1,-1],[0,-4],[1,-1],[0,-14],[1,0],[0,-6],[1,-1],[0,-1],[-1,0],[0,-5],[1,0],[0,-11],[1,-1],[0,-13],[-1,0],[-1,1],[0,-2],[-1,0],[1,-1],[0,-1],[-1,-1],[0,0],[1,1],[0,1],[1,1],[0,1],[1,0],[0,-10],[-1,0],[0,-1],[-1,0],[0,1],[-1,1],[0,0],[-1,0],[-1,-3],[-2,-2],[-1,-2],[0,-4],[-1,-1],[-1,-2],[0,-1],[-1,0],[0,0],[1,0],[1,-2],[0,-3],[1,-3],[0,-4],[1,-1],[0,-5],[-1,-2],[1,-1],[0,1],[1,0],[0,1],[2,4],[0,4],[1,1],[0,4],[1,2],[0,2],[1,-1],[0,1],[1,-1],[0,1],[1,-1],[-1,-2],[1,-1],[0,-5],[-1,0],[0,1],[-1,0],[0,-1],[1,0],[0,-4],[1,-1],[0,-10],[1,-2],[0,-6],[1,-2],[0,-7],[1,-1],[0,-4],[1,-1],[0,-2],[1,-1],[0,-7],[1,0],[0,-4],[1,0],[0,-4],[1,-1],[0,-5],[1,-1],[0,-4],[1,1],[0,-4],[1,0],[-1,-2],[1,0],[0,-6],[1,0],[-1,-2],[0,-1],[1,-1],[0,-1],[1,0],[2,-2],[0,-13],[-1,-2],[0,-11],[1,-1],[0,-1],[-1,-1],[1,-2],[-1,-2],[-1,-1],[0,-5],[-1,-2],[0,-2],[-1,-1],[0,-3],[1,0],[0,-3],[-1,-6],[0,-2],[-1,-1],[-1,0],[0,-1],[-1,-2],[0,-2],[-1,-1],[0,-2],[-1,-1],[0,-4],[-1,-2],[-1,-1],[0,-1],[-1,0],[-1,-1],[0,-6],[-1,1],[0,-4],[-1,-1],[0,-1],[-1,-1],[0,1],[-1,0],[0,-2],[1,0],[0,1],[2,2],[0,2],[1,1],[0,5],[2,2],[1,0],[1,-1],[0,-1],[1,-2],[1,-1],[0,-1],[1,0],[1,-1],[0,-3],[1,-2],[0,-7],[-1,-1],[0,-1],[1,-1],[0,-1],[1,-2],[0,-5],[-1,0],[0,-1],[1,-1],[0,-6],[1,-1],[1,-3],[1,-5],[0,-3],[1,0],[0,-2],[1,-2],[1,-1],[0,-3],[-1,-2],[1,1],[0,1],[2,7],[1,-1],[1,0],[3,-1],[1,2],[1,1],[0,-2],[1,-1],[3,-9],[2,-7],[0,-3],[1,-2],[1,-4],[0,-4],[1,-3],[0,-4],[1,-20],[0,-12],[-1,-6],[-1,-5],[-1,-3],[-1,-1],[-1,-3],[-4,-8],[-1,-3],[-2,0],[0,-5],[-1,-3],[-2,-5],[-2,-4],[-1,-1],[-1,-3],[-2,-4],[-1,2],[0,-4],[-1,-2],[-1,-1],[-1,1],[0,-3],[-1,-2],[-1,-1],[0,-2],[-2,-2],[-3,3],[-1,-3],[0,-5],[-1,-3],[-2,-3],[-1,-3],[-1,-5],[-1,-4],[-2,-3],[-1,-6],[-2,-4],[-3,1],[-2,-1],[-1,2],[-1,-1],[0,-2],[-1,-1],[0,-10],[-2,-3],[-3,-6],[-2,3],[-1,13],[-1,2],[0,2],[-1,1],[0,6],[-1,3],[-1,2],[1,4],[0,23],[-1,2],[-1,3],[-1,2],[1,2],[-1,1],[-1,6],[-2,11],[-1,7],[0,16],[-1,4],[0,7],[-1,4],[0,5],[-1,0],[-2,4],[-1,3],[0,2],[-1,-1],[-1,0],[-1,2],[-1,0],[0,-4],[-1,-1],[-1,-3],[-1,0],[-1,-3],[0,-7],[-2,-2],[0,2],[-1,2],[-1,-1],[-1,2],[-1,1],[0,-2],[-2,-1],[-1,-3],[-1,-4],[-2,-4],[-5,-5],[-1,-2],[-3,-1],[-3,1],[-1,3],[-1,0],[-2,4],[-1,3],[0,3],[-1,6],[1,3],[0,10],[-1,1],[-1,0],[0,4],[-1,3],[0,4],[3,4],[1,3],[0,9],[1,3],[1,2],[1,0],[0,2],[-1,-1],[-1,2],[-1,3],[-1,0],[-3,7],[-5,7],[-1,2],[-3,2],[-2,4],[-1,1],[0,2],[-3,5],[-2,0],[-1,3],[0,3],[-3,2],[-1,2],[0,4],[-1,1],[-2,5],[-1,2],[-1,-2],[-2,-2],[-1,2],[-2,6],[0,5],[-2,3],[0,2],[-1,-1],[-1,0],[-1,-3],[-1,1],[-1,2],[-1,0],[-1,-2],[-1,0],[0,-2],[-1,-1],[0,-2],[-1,-4],[-1,-2],[0,-1],[-2,1],[0,3],[-1,2],[-1,0],[-2,-4],[0,-3],[-1,0],[1,-1],[2,-4],[0,-2],[1,1],[0,1],[1,0],[1,1],[1,-1],[1,-3],[1,-2],[1,0],[0,2],[1,2],[0,3],[1,3],[1,2],[0,1],[1,-1],[0,2],[1,0],[0,-1],[1,1],[0,0],[1,-1],[0,-1],[1,1],[0,-1],[1,-1],[0,-8],[-1,-1],[2,0],[0,-1],[1,-1],[0,-1],[1,-2],[1,-1],[0,-1],[1,1],[0,-2],[1,-1],[0,0],[1,0],[0,-2],[1,1],[0,0],[1,-1],[0,-1],[1,1],[1,-1],[0,-19],[-1,-1],[-1,0],[0,-1],[1,0],[0,1],[1,2],[1,3],[0,8],[1,1],[1,-1],[0,-2],[1,1],[1,-2],[0,1],[2,-4],[2,-2],[0,-1],[1,-1],[3,-4],[0,0],[2,-2],[0,0],[2,-2],[1,0],[0,-1],[1,-1],[1,-2],[0,-8],[1,-1],[0,-2],[-1,-4],[0,-1],[-1,-3],[0,-2],[-1,-1],[0,-3],[-1,-3],[0,-1],[-1,-3],[0,-7],[-1,-4],[0,-5],[-2,-5],[0,-2],[-1,-2],[0,-1],[-1,1],[0,-2],[-2,-2],[-1,-3],[-2,-1],[-1,-1],[0,-1],[-1,0],[-2,-2],[0,-1],[-1,-2],[-1,-1],[-1,0],[0,-1],[-1,-1],[-1,1],[0,-1],[-3,0],[0,-1],[-2,2],[0,8],[-1,-4],[0,-5],[1,-3],[0,-2],[1,-2],[0,-6],[-1,-3],[0,-1],[-1,-2],[0,-2],[-1,-2],[-1,-3],[0,-2],[-1,-1],[1,-2],[0,-5],[-1,-4],[0,-10],[-1,-2],[0,-11],[-1,-2],[0,-1],[-1,-1],[0,-1],[-1,-1],[-1,0],[0,1],[-1,1],[0,2],[-1,0],[0,1],[-2,3],[0,2],[-1,1],[0,2],[-1,1],[-2,4],[0,2],[-1,-1],[0,1],[-1,2],[0,3],[-1,3],[0,3],[-3,3],[0,3],[-1,-2],[-2,-1],[-2,1],[-1,1],[-1,3],[0,3],[-1,-1],[-2,-4],[-1,-1],[-3,2],[-4,0],[-1,3],[-1,4],[0,3],[-1,4],[-2,4],[0,-1],[1,-1],[0,-2],[1,-2],[1,-5],[1,-4],[1,-3],[0,-1],[1,-2],[0,0],[2,0],[0,-1],[1,-2],[0,-4],[1,0],[0,-3],[1,-1],[0,-13],[1,0],[0,-7],[1,0],[0,-1],[1,-2],[0,-6],[1,0],[0,-2],[1,-1],[0,-2],[1,-2],[0,-1],[2,-6],[0,-2],[1,-1],[0,-2],[1,-1],[0,-4],[1,-5],[2,-5],[1,-1],[-1,-2],[-1,1],[-1,2],[-1,0],[0,3],[-1,-3],[-1,0],[1,-1],[0,-2],[-1,0],[0,-2],[-1,-1],[1,-1],[0,-8],[1,-2],[0,-1],[1,0],[0,-4],[1,-1],[-1,-1],[-1,-2],[0,-4],[-1,-1],[-1,1],[-1,2],[0,3],[-1,2],[0,1],[-2,1],[0,1],[-1,0],[0,-1],[1,-1],[0,-1],[2,-2],[0,-1],[1,-1],[0,-1],[1,-2],[0,-9],[1,-3],[-1,-1],[1,-1],[2,0],[1,-2],[0,1],[1,-1],[0,-1],[-1,-2],[2,-4],[2,-2],[2,-3],[1,0],[1,-3],[1,-2],[1,-1],[-1,-5],[-1,0],[0,-4],[1,-2],[0,-1],[1,-1],[0,-5],[1,-5],[1,-1],[0,-2],[1,-2],[1,1],[0,-2],[1,-2],[0,-1],[1,0],[0,-12],[1,0],[0,-1],[1,-1],[0,1],[1,0],[0,-1],[1,0],[0,-2],[1,0],[1,-3],[1,0],[1,1],[2,0],[2,-3],[0,-15],[-1,-1],[0,-7],[1,1],[0,-1],[1,0],[0,-4],[1,-2],[-1,0],[1,-4],[0,14],[-1,2],[0,1],[1,1],[0,2],[1,2],[0,4],[1,1],[0,2],[1,-1],[0,1],[1,1],[1,-1],[0,0],[1,-1],[0,0],[1,0],[1,-1],[0,0],[3,0],[0,-3],[1,0],[0,1],[1,0],[0,-1],[1,-1],[0,-3],[1,-1],[1,1],[0,-1],[1,-1],[0,1],[1,0],[0,2],[1,-1],[0,2],[1,0],[0,-1],[1,-2],[1,0],[0,1],[1,0],[1,-1],[0,-6],[-1,-4],[-1,-3],[0,-1],[-1,-2],[-1,-1],[0,-1],[-1,-2],[0,-1],[-1,0],[0,-2],[-1,0],[0,-1],[-1,-2],[-1,-1],[0,-1],[-1,-2],[0,-2],[-1,-1],[0,-2],[1,-1],[0,0],[1,0],[0,-1],[1,1],[0,1],[1,1],[0,1],[2,2],[1,0],[0,-2],[1,1],[0,-2],[1,-1],[0,-7],[1,0],[0,-2],[1,-1],[0,-4],[1,-1],[0,-1],[1,-1],[0,1],[-1,2],[2,-3],[0,-2],[1,-1],[0,-1],[1,-2],[1,-3],[0,0],[1,0],[0,1],[1,0],[0,1],[1,1],[0,2],[1,2],[0,3],[1,1],[0,1],[2,0],[0,1],[2,0],[0,-1],[1,1],[-1,1],[1,2],[4,-10],[1,-3],[-1,-4],[0,-1],[1,-11],[1,-4],[0,-6],[1,-3],[0,-12],[-1,-2],[1,-5],[1,-6],[-1,-2],[0,-3],[1,0],[1,-2],[0,2],[2,7],[1,-2],[2,0],[2,-3],[1,-3],[0,-6],[-1,-1],[0,-2],[-1,-1],[-1,0],[0,-3],[2,-2],[0,-4],[2,-2],[0,-3],[1,0],[1,-2],[0,-3],[1,-2],[0,-3],[-1,-1],[1,-2],[0,-2],[1,-4],[1,-3],[0,-7],[-1,-2],[0,-12],[-1,-4],[0,-2],[-1,-1],[0,-1],[1,0],[0,-2],[-1,-1],[1,-1],[0,-26],[-1,-1],[0,-9],[-1,-4],[-1,-2],[-1,-6],[0,-5],[-1,-4],[-1,-3],[0,-2],[-1,-1],[1,-1],[0,-3],[-1,-4],[0,-5],[-1,-3],[0,-4],[-1,-3],[0,-5],[-1,-1],[0,-6],[-1,-3],[1,-1],[0,-3],[-1,-7],[0,-1],[-1,-6],[0,-3],[-1,-1],[0,-4],[-1,-2],[0,-6],[-1,-1],[0,-3],[-1,-1],[0,-2],[1,-1],[0,-7],[-1,-1],[1,0],[0,-2],[1,-2],[0,-7],[-2,-10],[-2,-8],[0,2],[-1,-2],[-1,-1],[-1,-2],[-1,-3],[-2,-3],[-2,-4],[-1,-3],[-2,-2],[-1,0],[0,-4],[-2,-1],[0,-3],[-1,-1],[-2,0],[-2,-6],[-1,-2],[-1,-1],[-1,-2],[-2,-1],[-2,-2],[-1,0],[0,-3],[-1,-4],[-2,-4],[-2,-1],[-2,-2],[-2,0],[0,3],[-1,1],[0,0],[-1,0],[1,-1],[0,-7],[-1,-2],[0,-1],[-1,-3],[0,-3],[-1,-3],[-2,-3],[-1,-4],[-1,-2],[-1,-1],[-1,-2],[0,-3],[-3,-3],[-1,-2],[0,1],[-1,-1],[-1,-3],[-4,-6],[-1,-1],[-1,0],[0,-5],[-1,-6],[1,-2],[0,-11],[1,1],[0,1],[1,-1],[0,-1],[2,0],[0,-2],[1,-2],[0,-1],[1,0],[0,-11],[1,-2],[1,-1],[0,-5],[1,-3],[0,-1],[1,1],[0,-2],[1,0],[0,-4],[1,-1],[0,-2],[-1,-1],[0,-2],[-2,-4],[-2,-3],[0,-4],[-1,-2],[0,-1],[-2,-2],[0,-1],[1,0],[1,-1],[0,-2],[2,-2],[0,-1],[1,-1],[1,0],[1,-2],[0,-3],[1,-2],[1,-1],[0,-4],[1,0],[0,-2],[1,0],[0,1],[1,-1],[0,-4],[1,0],[1,-1],[-1,-3],[0,-4],[1,1],[1,0],[0,2],[2,-1],[1,-1],[0,-2],[3,-3],[1,-3],[1,2],[2,-5],[0,-1],[1,-1],[-1,-6],[-1,1],[0,-3],[-2,-2],[0,-3],[-2,-5],[-2,-6],[-1,-2],[-2,0],[0,-2],[-1,0],[0,-4],[-1,-4],[-1,0],[0,-2],[-1,-1],[-1,-2],[-1,0],[0,1],[-1,0],[0,-1],[-1,-1],[0,-5],[-1,-1],[0,-1],[-1,0],[0,-5],[-1,0],[-1,-2],[-1,-1],[0,-3],[-1,-1],[0,-2],[-1,0],[0,-1],[-1,-3],[-1,0],[0,1],[6,18],[1,2],[0,1],[-1,1],[0,-3],[-1,-1],[0,-1],[-2,0],[0,-2],[1,-1],[-5,-15],[0,-2],[-1,-1],[0,-1],[-1,-1],[-1,-3],[0,-3],[-1,-2],[-1,1],[-2,7],[0,-1],[2,-7],[1,-1],[-1,-1],[0,-3],[-1,0],[0,-3],[-1,-2],[-1,-1],[-1,0],[-1,-2],[-1,0],[0,-2],[-1,0],[0,-2],[-1,-1],[-1,-2],[-1,-1],[0,-1],[-2,0],[0,-2],[-1,-2],[-1,-1],[0,-1],[-2,1],[0,1],[-1,0],[0,-1],[-1,-1],[-1,0],[-2,-2],[-1,1],[-1,0],[0,-1],[-1,1],[0,1],[-1,1],[0,-1],[-1,-1],[0,1],[-1,0],[-1,1],[0,2],[-1,2],[0,4],[-3,3],[0,7],[-1,4],[1,1],[0,1],[7,4],[0,1],[-7,-4],[-1,1],[0,1],[-1,2],[-1,1],[0,1],[-1,1],[0,1],[-1,2],[-1,1],[1,1],[-1,0],[0,-1],[-1,0],[0,2],[-1,0],[-1,1],[0,2],[-1,1],[1,2],[0,1],[-1,2],[1,1],[0,2],[-1,-2],[0,-5],[-2,0],[0,0],[-2,-2],[-1,0],[0,1],[-1,2],[-1,1],[-1,0],[0,3],[-1,1],[0,2],[1,0],[0,2],[-1,0],[0,2],[1,0],[0,2],[1,1],[-1,2],[-1,-1],[-1,1],[-1,-3],[-3,-3],[0,-1],[1,-1],[-1,-1],[-1,0],[0,-1],[-1,-1],[0,-1],[-1,1],[0,3],[-1,0],[-1,1],[-1,2],[0,1],[-1,-1],[-1,1],[0,1],[-1,2],[0,1],[1,2],[-1,0],[-1,3],[-1,1],[0,2],[-1,3],[-1,0],[-1,3],[0,6],[1,2],[-1,-1],[-1,0],[-1,1],[-1,3],[1,2],[0,3],[1,0],[1,1],[0,3],[1,0],[0,1],[1,0],[0,3],[1,1],[1,2],[0,2],[1,1],[0,2],[1,1],[-1,1],[0,-1],[-1,-1],[0,-2],[-1,-2],[0,-2],[-1,-1],[0,-1],[-1,0],[0,0],[-1,0],[-1,-1],[-1,0],[-1,1],[0,2],[-1,1],[0,1],[-1,1],[0,-1],[-1,1],[0,5],[-1,1],[-1,0],[-1,2],[0,4],[-1,1],[-1,0],[0,1],[-1,2],[0,8],[1,1],[0,1],[-1,0],[0,3],[-1,-2],[0,-2],[1,0],[0,-3],[-1,-1],[-2,2],[0,7],[-1,1],[0,3],[1,0],[0,-1],[1,0],[0,4],[1,1],[-1,0],[0,1],[-1,0],[0,2],[-1,1],[0,3],[-1,0],[0,3],[-1,1],[-1,2],[0,2],[-2,5],[0,1],[-1,-1]],[[81600,64196],[-1,-1],[0,-4],[1,-2],[1,-1],[-3,-9],[1,-1],[0,-3]],[[81599,64174],[-1,-2],[0,-1],[-1,2],[-1,0],[-1,-2],[-1,-4],[-1,1],[0,-3],[-2,-3],[0,-7],[2,-1],[0,2],[-1,1],[1,1],[2,0],[0,-9],[1,-5],[-3,-6],[-1,2],[0,1],[-1,1],[0,-5],[-13,-25],[0,-2],[-2,0],[-2,3],[-1,5],[-1,0],[-1,3],[-1,1],[0,3],[-1,0],[0,2],[-1,1],[-1,6],[-1,2],[-1,3],[0,2],[-1,1],[0,9],[1,2],[2,1],[2,0],[4,-4],[0,4],[-1,0],[-1,1],[-1,0],[0,2],[1,2],[-1,1],[-1,-1],[0,-2],[-1,-1],[-1,0],[-2,1],[0,-1],[-1,1],[0,-2],[-1,-2],[-2,0],[-1,-2],[-1,1],[-1,-3],[-2,-1],[-2,0],[-2,2],[-3,5],[-1,3],[-2,1],[0,3],[-2,1],[-1,1],[0,-7],[1,-1],[1,-8],[-2,-2],[0,-1],[-1,-2],[-1,1],[0,-2],[-1,-3],[0,-2],[-1,0],[1,-1],[0,-3],[-1,-2],[-1,-1],[0,-1],[-2,0],[0,-3],[-1,-3],[-1,-1],[-2,2],[0,3],[-1,2],[0,3],[-1,0],[1,-5],[0,-6],[-2,0],[-3,3],[-1,3],[0,10],[1,6],[1,2],[-1,1],[0,8],[-1,0],[-1,3],[0,3],[2,2],[-1,1],[-1,2],[0,3],[1,3],[1,1],[0,6],[-1,2],[0,6],[-1,3],[1,1],[1,0],[0,7],[-1,0],[0,1],[-1,1],[-3,-8],[0,1],[1,5],[0,2],[1,0],[0,12],[-1,1],[1,3],[0,22],[1,5],[2,5],[0,3],[1,1],[1,0],[1,2],[0,2],[1,2],[2,2],[0,1],[1,1],[0,1],[1,2],[1,3],[1,4],[1,1],[0,2],[1,-1],[1,1],[1,2],[2,8],[0,10],[1,3],[2,4],[0,2],[1,3],[0,2],[1,0],[1,2],[2,1],[0,3],[1,2],[0,1],[1,2],[1,1],[0,-6],[-2,-8],[0,-2],[1,-5],[0,-2],[1,-2],[0,-6],[1,-1],[0,-2],[1,0],[1,1],[1,-1],[1,1],[1,-2],[0,-1],[1,3],[0,1],[1,0],[0,1],[2,-2],[1,-3],[-1,-2],[1,0],[1,-1],[1,0],[0,2],[1,-2],[0,-4],[1,-1],[0,1],[1,0],[0,1],[1,-1],[1,2],[0,1],[-1,3],[0,2],[1,3],[1,0],[1,-3],[0,-2],[1,-1],[0,0],[1,-1],[0,6],[1,0],[0,1],[1,2],[1,1],[0,1],[2,0],[0,1],[1,0],[2,-2],[4,0],[1,-2],[0,-1],[1,-3],[1,0],[0,-3],[1,-2],[0,-1],[1,-2],[0,-7],[1,0],[0,-4],[1,0],[-1,10],[-1,12],[0,3],[-1,13],[0,4],[-1,4],[0,3],[1,0],[0,-9],[1,-6],[0,-3],[1,-5],[0,-10],[1,-3],[0,-8],[1,-3],[0,-8],[-1,-2],[1,-1],[0,-7],[-1,-1],[0,-4],[1,-2],[-1,-3],[0,-3],[1,-1],[2,-5],[1,-1],[0,-1],[1,0],[1,-1],[0,-2],[1,-2],[0,-14],[-1,0],[0,-11]],[[81692,64284],[2,-3],[1,-4],[1,-2],[2,-6],[1,-5],[1,-4],[1,-3],[2,-5],[1,-4],[1,-6],[0,-2],[2,-2],[1,1],[1,0],[1,-1],[0,1],[1,1],[0,1],[2,-2],[2,-6],[0,-3],[-2,-8],[-1,-2],[-1,-3],[-2,-3],[-3,-1],[-4,1],[-4,2],[-4,1],[-4,0],[-2,-1],[-1,0],[-1,-1],[-4,2],[-3,0],[-1,1],[-1,0],[-2,-1],[-5,-2],[-4,-2],[0,1],[-2,3],[-1,0],[0,6],[-4,2],[-4,0],[-3,1],[-2,5],[-2,1],[0,7],[1,1],[0,-2],[1,1],[0,-1],[1,1],[1,-1],[0,1],[2,-2],[3,-4],[2,-6],[4,-3],[1,-1],[0,2],[1,1],[3,-3],[0,1],[1,0],[1,2],[0,2],[1,3],[2,1],[0,7],[1,3],[0,1],[1,7],[0,4],[-1,2],[0,2],[1,3],[1,1],[1,2],[0,6],[-1,2],[0,5],[-1,0],[0,3],[1,2],[1,0],[2,3],[1,-1],[6,3],[2,0],[2,-1],[2,-2]],[[81685,64394],[0,-2],[1,-1],[0,-1],[1,-1],[0,-2],[1,0],[0,-1],[1,0],[1,-1],[-1,-1],[-1,0],[0,-3],[-1,-3],[0,-2],[-1,-1],[0,0],[-1,0],[0,-1],[-1,0],[0,-3],[-1,1],[0,-4],[-1,0],[0,-1],[-1,0],[0,-1],[-1,-1],[-1,0],[0,-4],[-1,-1],[0,-3],[-1,-2],[0,-8],[-1,-1],[0,-1],[-1,-1],[0,-1],[-1,-1],[0,-2],[-1,-1],[0,-3],[-1,-1],[0,-2],[-1,-1],[0,-1],[-1,-1],[0,-1],[-1,0],[0,-1],[-1,0],[0,-1],[-2,0],[-1,1],[0,1],[1,1],[0,3],[1,1],[0,1],[1,0],[0,2],[1,0],[0,1],[-1,0],[0,1],[1,0],[0,-1],[1,1],[0,6],[1,1],[-1,0],[0,1],[1,1],[1,2],[0,3],[1,1],[0,2],[1,0],[1,2],[0,2],[1,1],[0,3],[1,1],[-1,2],[2,0],[0,2],[-1,1],[0,4],[1,0],[0,3],[-1,0],[0,1],[1,1],[0,1],[-1,0],[-1,1],[0,1],[-1,0],[1,1],[0,-1],[2,-2],[1,4],[2,4],[0,1],[1,1],[0,2],[1,1],[0,1],[2,0]],[[81599,64174],[0,1]],[[81599,64175],[1,1],[0,1],[-1,2],[0,1],[1,3],[1,1],[0,3],[2,-2],[0,1],[3,-1],[1,3],[-1,5],[-2,1],[0,10],[3,-3],[1,0],[1,-5],[0,-3],[1,-5],[1,0],[-1,-2],[-1,0],[1,1],[0,3],[-1,1],[0,-3],[-1,-1],[0,-4],[-1,-2],[0,1],[-1,-1],[0,-1],[-1,-2],[0,-2],[-1,-2],[0,-2],[-1,-4],[-2,0],[0,-3],[-1,0],[-2,-3],[-1,-3],[-1,3],[2,2],[1,5],[-1,2],[1,2],[0,1]],[[81699,64379],[0,-5],[1,0],[0,-8],[-1,-1],[0,-4],[-1,-1],[0,-2],[-1,-1],[0,-1],[-1,0],[0,0],[-1,-1],[-1,0],[0,2],[1,2],[-1,0],[0,6],[1,3],[0,2],[1,1],[1,0],[0,1],[1,1],[0,1],[-1,0],[0,3],[-1,1],[-1,2],[-1,1],[0,1],[1,0],[0,-1],[1,-2],[1,1],[0,-1],[1,-1],[1,1]],[[81609,64173],[1,-2],[-7,-12],[0,-3],[-1,-1],[0,1],[-1,-1],[0,-1],[-1,-2],[0,1],[-1,-2],[-1,0],[0,5],[1,1],[0,1],[1,1],[0,3],[1,0],[1,2],[0,3],[3,3],[0,1],[1,1],[0,2],[1,-1],[1,1],[1,0],[0,-1]],[[81638,64173],[-1,0],[0,1],[-1,1],[0,2],[-1,1],[0,2],[1,1],[0,4],[1,0],[0,5],[-1,0],[0,2],[1,1],[0,1],[1,0],[1,-3],[0,-2],[1,-1],[0,-11],[-1,0],[0,-3],[-1,-1]],[[81606,64242],[1,0],[1,-1],[0,-5],[-1,-1],[-1,0],[-1,-3],[-1,1],[0,3],[-1,1],[0,2],[1,0],[0,2],[1,0],[0,1],[1,0]],[[81606,64188],[0,-1],[-3,0],[1,6],[2,0],[0,-5]],[[81601,64195],[1,-1],[1,0],[0,-7],[-2,1],[0,6]],[[81602,64199],[0,7],[2,-1],[-1,-7],[-1,1]],[[81600,64196],[0,3]],[[81600,64199],[1,1],[0,-5]],[[81601,64195],[0,-1]],[[81601,64194],[-1,0],[0,2]],[[81413,65083],[0,-2],[-1,-5],[0,-10],[-2,-2],[-1,-3],[-1,-1],[-4,-6],[-1,-1],[-2,1],[-1,0],[-3,-2],[-3,-4],[-1,-1],[-2,-3],[-1,-1],[0,-2],[1,-6],[1,-4],[0,-13],[1,-13],[-2,1],[0,-1],[-2,-5],[-1,-3],[-2,-2],[-2,2],[-1,0],[-1,-2],[-2,-1],[-1,-3],[-1,-1],[-1,-3],[-1,-4],[-1,-1],[-1,2],[-1,-1],[-1,4],[-2,5],[-1,3],[-2,1],[-1,0],[-1,-1],[-2,-3],[-1,3],[-1,0],[-1,-2],[-2,2],[-8,4],[-3,3],[0,1],[-6,-16],[-29,-77]],[[81249,65420],[0,-1],[1,1],[0,12],[1,0],[1,-1],[2,0],[0,-1],[1,0],[0,-1],[2,-2],[0,-1],[1,0],[0,-4],[1,-1],[0,7],[1,2],[1,1],[0,1],[1,0],[0,-2],[1,0],[0,1],[-1,1],[0,4],[1,1],[1,-1],[0,2],[-2,2],[0,18],[1,3],[0,5],[1,0],[0,4],[1,1],[0,1],[-1,0],[1,8],[1,1],[-1,0],[0,10],[1,4],[-1,1],[1,3],[0,2],[1,1],[0,1],[1,3],[0,6],[-1,0],[0,10],[-1,3],[-1,6],[0,2],[-1,5],[1,3],[1,1],[0,1],[1,0],[1,1],[1,2],[0,-1],[1,1],[0,1],[1,0],[0,-5],[1,-1],[0,2],[-1,1],[0,4],[2,2],[0,3],[1,3],[2,5],[2,3],[1,2],[1,1],[0,1],[1,1],[1,0],[1,1],[1,0],[0,2],[1,1],[0,3],[-1,3],[1,2],[-1,2],[1,1],[0,-7],[1,-4],[1,-1],[1,0],[0,-1],[1,3],[1,-1],[0,2],[1,1],[2,0],[1,2],[0,4],[1,1],[0,9],[1,2],[1,1],[0,-1],[1,-1],[-1,-1],[0,-1],[-1,0],[0,-5],[-1,0],[0,-5],[1,0],[0,-1],[2,0],[0,1],[1,0],[1,2],[5,3],[0,-2],[1,0],[0,1],[1,1],[2,0],[0,-1],[3,0],[1,1],[1,-1],[1,0],[0,-1],[1,0],[1,2],[1,1],[0,0],[1,0],[0,1],[1,-1],[1,0],[0,1],[1,1],[2,0],[0,-1],[1,0],[0,-1],[3,0],[1,-1],[1,0],[0,-3],[2,-2],[0,-1],[1,-2],[0,-2],[1,1],[0,-2],[1,-1],[0,-4],[-1,-1],[0,-8],[-1,0],[1,-1],[-1,-2],[0,-4],[-1,-1],[-1,2],[0,0],[0,-11],[-1,-2],[0,-1],[-1,-4],[-1,0],[-2,-4],[0,-1],[-1,0],[0,-3],[-2,-3],[-1,0],[0,0],[-2,-1],[0,1],[-1,-1],[0,-1],[-1,0],[0,-1],[-1,0],[0,-5],[1,-4],[-1,-1],[1,-2],[0,-1],[-1,-1],[0,-9],[-1,0],[0,-1],[1,0],[-1,-1],[0,-1],[1,0],[0,1],[1,-1],[1,0],[-1,-1],[0,-6],[1,0],[0,-2],[1,0],[1,-1],[1,2],[1,-1],[0,-1],[1,1],[1,12],[3,-4],[0,-7],[-1,0],[0,-2],[1,0],[0,1],[2,-1],[0,2],[1,1],[1,-1],[0,-2],[1,-1],[1,0],[0,-7],[-1,-1],[0,-3],[-1,-2],[1,-1],[0,3],[1,0],[0,1],[-1,1],[1,1],[0,6],[2,0],[0,-2],[1,0],[0,1],[1,0],[1,-1],[0,1],[1,0],[2,-3],[1,-3],[0,2],[1,1],[0,-1],[1,1],[1,-1],[1,0],[1,-1],[0,2],[2,2],[6,0],[0,-5],[1,1],[1,0],[0,2],[1,2],[4,0],[0,0],[1,0],[3,3],[1,-1],[1,1],[1,-1],[0,-1],[1,1],[3,-3],[3,-4],[0,-6],[2,0],[0,-2],[1,-1],[0,-3],[1,-1],[1,-4],[0,-3],[1,-2],[0,-11],[1,-1],[0,-2],[-1,-1],[0,-2],[-1,-1],[1,0],[1,-1],[0,-3],[-1,0],[0,-6],[-1,-4],[-1,-2],[-1,-3],[-1,-1],[0,-6],[-1,0],[0,-20],[-1,-2],[1,-1],[-1,-3],[-1,-2],[1,-4],[-1,-2],[0,-1],[1,-1],[-1,-7],[0,1],[-1,0],[0,-3],[-1,-17],[0,-1],[-1,-3],[1,-1],[0,-8],[1,-1],[0,-4],[1,-3],[2,-10],[1,-3],[1,-2],[1,-3],[1,-6],[1,-5],[1,-4],[0,-7],[1,-3],[0,-12],[-1,-2],[0,0],[2,0],[2,-4],[0,-1],[1,-5],[0,-2],[1,-1],[0,-5],[1,0],[0,-3],[1,0],[0,-6],[1,-2],[0,-12],[-1,-2],[0,-1],[-1,0],[0,-1],[-1,0],[0,-1],[-1,1],[0,-5],[-1,1],[1,-2],[0,-11],[-3,-6],[-2,-2],[-1,0],[0,-1],[2,0],[1,1],[1,0],[-2,-4],[-1,1],[0,-10],[-1,-1],[0,-1],[-1,0],[-1,1],[-1,0],[0,-2],[2,0],[0,-2],[-1,-1],[0,-2],[1,1],[0,1],[1,0],[1,-1],[1,-2],[0,-2],[1,0],[0,-2],[-1,-1],[0,-14],[1,-2],[0,0],[1,1],[2,0],[1,-2],[1,0],[0,-4],[1,0],[1,-2],[0,-4],[1,0],[0,-6],[1,-2],[-1,-1],[0,-6],[1,-2],[0,-8],[-1,0],[0,-13],[-1,-1],[0,-2],[-1,-1],[0,-1],[-1,-1],[0,-1],[1,-1],[0,-1],[1,0],[1,-1],[2,-3],[1,-2],[0,-5],[1,0],[1,1],[0,-1],[3,-3],[0,-1],[1,-1],[1,-2],[0,1],[2,-1],[1,1],[-1,4],[1,2],[0,1],[2,-2],[1,-3],[1,-1],[1,-2],[0,10],[1,8],[0,18],[1,2],[-1,3],[0,2],[1,1],[0,-24],[-1,-10],[0,-9]],[[81484,65481],[0,-8],[-1,-2],[0,-2],[-1,-1],[0,-2],[-1,-1],[0,-2],[1,-2],[0,-6],[-1,-2],[0,-12],[-1,-2],[0,-2],[-2,-4],[0,-3],[-1,-1],[1,0],[0,-4],[-1,-1],[0,1],[-1,0],[-2,-4],[-1,0],[-1,-2],[0,-2],[-1,0],[-1,-3],[-1,0],[0,-2],[1,0],[2,4],[1,1],[1,2],[4,0],[1,-1],[0,-31],[1,-2],[-1,-1],[0,-1],[-2,0],[-1,-3],[0,-2],[1,3],[0,1],[1,1],[1,-1],[0,1],[1,1],[1,-1],[1,0],[1,-1],[0,-16],[1,-1],[0,-8],[-1,-2],[0,-1],[-1,-3],[-1,-2],[-1,-1],[-1,1],[-1,-1],[-1,1],[0,-2],[-2,-4],[-1,2],[-1,-1],[-1,3],[-2,2],[0,4],[-1,-3],[-1,2],[0,-1],[-1,2],[0,2],[-1,2],[-1,0],[-1,-2],[-1,0],[0,-2],[-1,-1],[0,-2],[-2,-10],[-1,-1],[-2,1],[-1,1],[0,-1],[1,0],[2,-2],[1,0],[1,3],[1,2],[0,7],[1,3],[1,1],[0,-2],[1,0],[1,-2],[0,-2],[-1,-1],[3,-3],[0,-1],[1,-2],[-1,-3],[0,-2],[1,-1],[0,3],[1,1],[0,-2],[1,-1],[0,-7],[-1,-2],[0,-11],[-1,0],[0,-12],[1,-2],[0,-4],[1,-3],[0,-1],[1,-2],[0,-2],[2,-4],[0,-4],[-2,-12],[-1,-3],[0,-3],[-1,-1],[-1,-3],[0,-5],[-1,-2],[-3,0],[0,-1],[1,-1],[-2,-3],[-3,0],[0,-4],[-1,-2],[-1,1],[0,5],[-2,-2],[-1,1],[0,4],[-2,2],[-1,0],[-3,5],[0,-3],[-2,-1],[1,-2],[0,-2],[-1,-1],[0,-1],[2,-4],[2,-3],[1,-4],[0,-8],[-1,-1],[-1,0],[0,-2],[1,-2],[-1,-3],[2,3],[0,-1],[1,-1],[1,-3],[0,-1],[2,-1],[1,-6],[0,-4],[1,-5],[1,-8],[0,-10],[-3,-3],[0,-17],[-2,-6],[-2,-2],[-1,-2],[-1,0],[-1,-3],[-1,-2],[-1,-1],[-1,1],[0,-2],[-1,-2],[-3,-5],[-1,1],[-1,0],[-1,-1],[-1,2],[-1,1],[0,-3],[-2,-4],[-1,0],[0,-2],[-1,1],[-2,-2],[-2,2],[-2,3],[-3,0],[0,1],[-1,1],[-2,5],[-5,5],[-1,3],[-1,4],[-1,2],[0,-2],[-1,0],[1,7],[0,3],[-1,1],[0,1],[-2,3],[-1,1],[-1,3],[-1,2],[0,4],[1,7],[-1,2],[-1,6],[0,7],[-1,4],[1,4],[1,-1],[2,4],[0,2],[1,3],[-1,7],[1,1],[2,3],[0,-2],[2,-2],[1,0],[1,-5],[0,-3],[1,-1],[0,10],[1,1],[0,7],[1,2],[0,1],[1,0],[0,-10],[1,-1],[0,-5],[1,3],[-1,1],[0,3],[-1,5],[1,2],[0,7],[1,2],[1,1],[1,2],[1,-1],[2,4],[0,3],[2,1],[3,-6],[1,-1],[0,-5],[-1,-3],[1,-3],[1,-2],[0,2],[-1,5],[0,8],[0,0],[-1,1],[0,2],[-1,-1],[-1,3],[0,3],[-1,3],[0,5],[1,1],[0,3],[1,1],[0,4],[1,2],[0,3],[1,2],[0,9],[2,4],[0,2],[1,0],[0,3],[1,0],[0,3],[1,0],[1,1],[0,-1],[1,1],[0,2],[2,2],[0,1],[-1,-1],[-1,0],[-1,-1],[0,-1],[-1,0],[0,1],[-1,2],[0,-1],[-1,4],[0,5],[-1,5],[1,4],[-1,4],[0,4],[1,2],[0,-1],[1,0],[1,-1],[0,-1],[1,4],[0,3],[-1,-2],[-1,2],[0,1],[1,1],[1,0],[0,2],[-1,1],[-1,-1],[-1,0],[-1,3],[-1,4],[0,8],[1,3],[0,3],[1,1],[1,0],[1,3],[1,0],[0,2],[-1,2],[0,6],[2,2],[0,2],[1,1],[0,-1],[1,1],[0,2],[1,3],[-1,0],[-1,5],[0,3],[1,2],[2,0],[0,-3],[1,2],[1,5],[2,8],[1,3],[1,2],[1,6],[1,3],[1,1],[1,2],[1,5],[2,8],[2,11],[1,5],[1,6],[2,8],[2,2],[0,2],[2,4],[2,3],[2,2],[1,0],[2,-1],[1,1],[1,2],[1,1],[5,-5],[0,-1],[1,-1]],[[81409,65648],[0,2],[-1,0],[0,1],[-1,-1],[0,-1],[-1,-1],[-1,2],[-1,-1],[-1,0],[0,2],[-2,0],[-1,1],[0,6],[-1,-1],[0,2],[-2,2],[-2,0],[-1,1],[0,2],[1,3],[0,1],[1,1],[-1,1],[-1,-2],[0,-3],[-1,-1],[-1,0],[0,2],[-1,2],[0,3],[-2,-1],[0,1],[-1,0],[-1,1],[0,1],[-1,0],[-1,1],[0,1],[-1,1],[0,5],[-1,0],[0,4],[-1,3],[0,1],[-1,2],[0,2],[1,4],[0,4],[1,0],[1,1],[1,0],[1,-1],[-1,2],[-1,0],[-1,-1],[-1,1],[0,9],[1,1],[1,3],[-1,2],[0,1],[3,6],[1,1],[0,2],[1,2],[-1,0],[-1,-1],[-1,0],[0,6],[1,0],[0,3],[1,1],[0,1],[1,1],[0,1],[2,1],[1,0],[1,2],[0,-1],[2,2],[0,-1],[2,2],[1,-1],[0,2],[2,0],[1,1],[1,-1],[1,-2],[-1,-2],[0,-2],[-1,0],[0,-1],[-1,0],[0,-1],[-2,0],[0,-1],[-1,-1],[-1,0],[0,-2],[2,0],[1,1],[1,0],[0,2],[1,0],[1,-1],[2,0],[1,-2],[0,0],[1,-2],[1,-1],[0,-2],[2,-2],[0,-2],[1,-2],[0,1],[2,0],[0,-3],[1,0],[2,-2],[0,-2],[1,0],[0,-2],[1,-1],[0,-5],[7,17],[0,1],[-1,0],[-1,1],[0,1],[-2,3],[-1,0],[-1,1],[0,1],[-2,2],[0,5],[-1,0],[0,1],[-1,0],[0,4],[1,1],[0,2],[1,5],[1,2],[0,9],[1,2],[0,2],[1,1],[1,-1],[0,-3],[1,0],[0,2],[2,6],[1,4],[2,3],[0,1],[1,1],[0,1],[1,2],[3,2],[0,6],[1,0],[0,1],[2,0],[0,-1],[1,1],[1,3],[7,5],[1,1],[3,0],[0,1],[1,1],[0,1],[1,1],[1,-1],[0,1],[1,2],[2,1],[1,0],[1,-1],[2,2],[1,0],[2,-1],[1,-1],[2,-4],[3,-3],[1,-3],[2,-3],[0,-2],[1,-3],[0,-3],[-1,-4],[0,-6],[-1,-4],[0,-2],[-1,-3],[-1,1],[-2,-1],[-1,-1],[-2,-3],[-1,0],[0,-1],[-1,0],[1,-6],[0,3],[-1,1],[0,1],[-1,-1],[-1,-2],[0,-1],[-1,0],[0,-1],[-1,-1],[-1,-2],[-1,0],[0,-1],[-1,0],[-2,-2],[-1,-2],[-1,-3],[-1,-2],[-2,0],[0,-2],[-1,-1],[0,-2],[-2,-6],[-1,1],[-1,-3],[-2,0],[-2,-1],[-2,-4],[-3,-1],[0,1],[-2,-2],[-2,0],[0,2],[-1,2],[-1,-2],[0,-1],[-8,-19],[0,-10],[1,-1],[1,-3],[0,-3],[-1,-1],[2,-4],[0,-2],[-1,-2],[0,-5],[-1,-5],[0,-4],[-1,-3],[-1,-2],[-1,-3],[-1,-1],[0,-7],[-1,-2],[-1,-3],[-1,-1],[-1,0]],[[81249,65420],[-1,-3],[0,-3],[3,-14],[0,-19],[1,-3],[0,-2],[1,-4],[0,-8],[-1,-7],[-2,-5],[0,-5],[1,-3],[0,-4],[-1,-1],[0,-5],[-1,-2],[0,-11],[-1,-4],[0,-2],[1,0],[0,-6],[-1,-3],[-1,-1],[0,-8],[1,-3],[0,-1],[1,-3],[0,-2],[1,-1],[4,-3],[1,-1],[1,0],[1,-2],[1,-3],[1,-1],[17,-13],[0,-4],[1,-3],[2,-10],[7,-11],[3,-5],[3,-9],[2,-4],[2,-7],[2,-5],[2,-7],[1,-6],[0,-1],[3,-5],[2,-4],[0,-12],[2,-31],[4,-27],[2,-27],[-1,-31],[0,-23],[-10,-115],[5,-5],[4,-2]],[[81312,64910],[0,-9],[-1,-1],[-2,-10],[-1,-3],[0,-20],[1,-7],[-1,0],[-1,-1],[-2,0],[-2,-1],[-1,2],[-2,0],[-2,4],[-3,0],[-3,-3],[-6,0],[-5,-3],[-2,-3],[-3,-2],[-2,-4],[-5,-5],[-2,-3],[-2,-4],[-4,-6],[-4,-30],[-10,-40],[-1,-12],[-1,-11],[-7,-20],[-2,-8],[-1,-7],[-3,-6],[0,-17],[-1,-4],[0,-11],[1,-2],[0,-1],[-2,1],[-1,2],[-2,1],[-3,-1],[-3,-2],[-2,-4],[-2,-6],[-3,-14],[0,-7],[-1,-14],[0,-2],[-2,-5],[-1,-3],[-4,-3],[0,-3],[-1,-3],[0,-4],[-1,-5],[0,-23],[1,-2],[-1,-3],[-1,-6],[-2,-8],[-1,-6],[-4,-10],[-4,-7],[-1,-6]],[[81069,64651],[37,162],[-25,56],[-6,47],[-2,14],[-15,139],[-14,135],[-1,1],[0,7],[-3,28],[-3,25],[-4,40],[-1,0],[-1,1],[1,9],[1,3],[-1,2],[-1,1],[0,2],[-3,4],[-4,8],[-3,7],[-3,46]],[[81018,65388],[2,0],[3,-6],[3,-3],[3,-4],[2,-1],[3,0],[4,4],[2,1],[2,3],[3,8],[1,2],[2,6],[1,2],[3,1],[0,1],[2,7],[1,4],[0,20]],[[81055,65433],[1,-1],[0,1],[2,2],[1,-1],[0,-2],[1,1],[1,-1],[0,-2],[1,-1],[1,1],[2,0],[1,-1],[0,4],[1,1],[0,2],[1,1],[-1,1],[1,1],[0,-1],[1,3],[1,1],[0,-1],[1,0],[1,-1],[0,-3],[1,0],[-1,1],[1,0],[0,8],[-3,0],[0,1],[2,0],[1,1],[1,0],[2,-2],[-1,0],[0,-3],[-1,0],[0,-1],[-1,-1],[1,-2],[0,0],[1,-1],[0,1],[1,0],[0,-2],[1,2],[0,-1],[1,0],[0,-1],[1,0],[0,2],[2,0],[0,8],[1,1],[3,0],[1,1],[1,-1],[0,-1],[2,4],[0,6],[-1,2],[0,1],[-1,1],[0,6],[-1,1],[0,4],[1,1],[0,1],[-1,1],[0,3],[1,0]],[[81138,65480],[0,-1],[-1,-2],[0,-1],[-1,-2],[0,0],[1,1],[1,2],[0,2],[1,2],[-1,2]],[[81138,65494],[1,2],[0,3],[1,1],[0,-5],[1,-2],[0,-1],[-1,-1],[0,-3],[1,0],[0,0],[1,0],[0,-6],[1,-1],[0,-3],[-1,-1],[1,-1],[0,3],[1,-3],[4,7],[0,1],[1,1],[0,-1],[-1,-2],[-4,-7],[0,-6],[1,-4],[0,-7],[1,-1],[0,-1],[1,-1],[0,-3],[1,0],[0,-4],[1,-2],[0,-5],[-1,-1],[0,-1],[-1,-2],[0,-9],[-1,-3],[0,-2],[-1,-2],[-1,-1],[0,-1],[-1,-2],[0,-4],[-1,0],[0,-2],[-1,1],[0,-2],[1,-1],[0,2],[1,0],[0,2],[1,1],[0,1],[1,2],[0,1],[1,0],[0,2],[1,1],[0,5],[1,4],[0,3],[1,5],[0,1],[1,1],[0,1],[1,2],[2,-1],[0,1],[1,-1],[0,1],[1,-1],[2,-5],[1,-1],[0,-3],[1,0],[1,-3],[0,0],[1,0],[0,0],[1,0],[0,-1],[1,0],[0,-5],[1,-1],[0,-3],[1,0],[0,-4],[1,-1],[0,-1],[1,0],[0,-3],[2,-2],[0,-3],[1,-1],[-1,0],[1,-1],[0,-4],[1,-1],[0,-6],[1,-1],[0,0],[1,1],[0,-1],[1,0],[4,6],[0,-1],[-4,-6],[0,-2],[1,0],[0,-5],[1,0],[0,-1],[1,-1],[0,-3],[1,-2],[-1,3],[0,2],[-1,1],[0,3],[-1,1],[1,3],[0,0],[1,2],[2,-4],[3,-7],[0,-3],[2,-2],[0,-2],[1,-1],[0,-3],[1,0],[0,-4],[1,-4],[0,-9],[-1,0],[1,-3],[-1,-1],[0,-13],[-1,-1],[0,-5],[-1,0],[0,-1],[-1,-2],[0,-2],[-1,-2],[-4,-4],[1,-1],[1,0],[0,-2],[1,-1],[0,-6],[-1,-3],[-1,-2],[0,-1],[-2,-1],[-1,0],[0,-1],[1,1],[1,0],[2,2],[0,2],[1,2],[0,7],[1,0],[0,-1],[1,0],[0,-4],[1,-1],[0,-10],[-1,-1],[-1,0],[0,2],[-1,2],[0,-1],[2,-4],[1,0],[0,-2],[1,0],[0,-7],[-1,0],[0,-2],[-2,-1],[-1,1],[0,2],[-1,0],[0,1],[-1,2],[0,4],[-1,2],[-1,0],[-1,-1],[-1,1],[-1,0],[-2,2],[-2,1],[0,2],[-1,0],[-1,-1],[0,1],[-1,0],[0,1],[-1,-1],[-1,0],[-1,1],[0,-1],[1,-1],[0,-2],[-1,-3],[0,-1],[1,2],[0,3],[1,1],[1,0],[3,-3],[2,0],[0,-1],[1,0],[0,-1],[1,0],[1,-1],[1,1],[2,0],[0,-1],[1,-1],[0,-7],[-1,-2],[0,1],[-1,0],[0,1],[-1,1],[0,-1],[2,-2],[0,-3],[1,0],[0,-1],[1,0],[0,-2],[1,-1],[0,-1],[1,0],[0,-5],[-1,1],[0,-1],[-1,1],[0,-1],[-1,1],[-1,2],[-1,1],[0,-3],[-1,0],[-1,-1],[-1,-2],[0,-8],[-1,-1],[1,-1],[0,0],[1,1],[0,9],[1,2],[1,1],[1,0],[0,0],[1,-1],[0,-1],[2,-2],[1,2],[1,1],[0,2],[1,3],[0,3],[1,2],[0,3],[1,1],[0,2],[1,4],[0,3],[1,2],[1,-3],[1,0],[1,3],[0,3],[2,2],[0,0],[-2,-2],[0,-3],[-1,-2],[-1,0],[-1,1],[0,5],[1,0],[0,7],[1,2],[0,31],[1,1],[-1,0],[1,1],[-1,1],[1,0],[0,2],[-1,0],[1,1],[-1,0],[0,1],[1,0],[-1,1],[0,1],[1,0],[0,4],[1,5],[0,1],[1,0],[0,4],[1,2],[0,2],[1,1],[3,0],[0,-2],[1,-3],[0,-3],[1,-1],[0,0],[0,1],[-2,6],[0,2],[-1,0],[0,2],[-1,0],[0,2],[-1,0],[0,3],[-1,0],[0,0],[-1,1],[0,-1],[-1,1],[0,1],[1,0],[0,1],[-2,0],[0,3],[-1,0],[0,1],[-1,0],[0,1],[-2,0],[0,1],[-1,2],[0,1],[-1,1],[0,1],[-1,0],[0,2],[-1,1],[0,2],[-1,1],[0,1],[-1,2],[0,1],[-1,1],[1,1],[-1,0],[0,4],[-1,1],[0,2],[-1,0],[0,6],[-1,2],[0,3],[-1,1],[0,8],[-1,1],[0,2],[-1,1],[0,4],[-1,1],[0,1],[-2,0],[0,3],[-2,2],[0,11],[-1,3],[0,12],[-1,0],[0,1],[-2,2],[-1,0],[0,-1],[-2,0],[0,-1],[-1,-1],[-1,0],[-1,1],[0,-1],[-1,0],[0,1],[-1,0],[-1,1],[-1,2],[0,1],[-1,1],[0,5],[-1,2],[1,0],[-1,1],[0,4],[-1,2],[0,3],[-1,1],[0,3],[-1,2],[0,4],[-1,3],[0,4],[-1,0],[0,6],[-1,1],[0,6],[1,2],[0,1],[1,0],[0,2],[1,1],[0,3],[1,0],[0,2],[1,1],[0,1],[1,0],[0,0],[1,0],[-1,2],[0,2],[1,-1],[-1,2],[1,0],[0,2],[1,1],[0,2],[1,0],[0,1],[1,2],[1,0],[0,2],[2,0],[0,4],[1,0],[0,4],[1,0],[0,2],[1,2],[0,2],[1,2],[1,0],[-1,3],[0,13],[-2,-1],[0,1],[2,1],[-1,3],[0,5],[-1,2],[0,2],[-1,0],[1,1],[0,1],[-1,0],[0,14],[-1,0],[0,3],[-1,3],[1,1],[-1,1],[1,3],[-1,2],[1,2],[0,5],[1,2],[0,5],[1,2],[0,3],[1,2],[0,2],[12,31],[0,2],[3,1],[1,-4],[-1,0],[-1,1],[-1,-1],[-11,-30],[-1,-1],[1,0],[0,-2],[1,0],[0,-1],[1,-1],[0,-1],[1,0],[0,-1],[1,0],[0,-1],[1,-1],[0,-3],[1,0],[0,-2],[1,-1],[0,-4],[1,-2],[0,0],[1,0],[0,-2],[1,-1],[0,-3],[1,0],[0,-6],[1,-1],[0,-2],[1,-1],[0,-4],[1,0],[0,-4],[-1,-1],[1,0],[0,0],[1,1],[1,0],[0,-2],[1,0],[0,-1],[1,-2],[1,-3],[1,-1],[0,-5],[1,-4],[0,-2],[-1,-2],[1,1],[1,-2],[0,-1],[1,-2],[1,-4],[0,-4],[1,1],[1,-2],[1,-3],[0,-1],[1,-2],[0,-1],[2,-2],[0,-1],[4,0],[1,-1],[0,-1],[1,-3],[0,-4],[1,0],[1,-2],[0,-1],[2,-4],[0,-2],[1,0],[2,-4],[1,-4],[0,-3],[1,1],[1,-1],[0,-2],[1,-3],[0,-1],[1,-1],[0,-2],[1,1],[0,-1],[1,-2],[1,-3],[-1,-3],[1,1],[0,-1],[1,-4],[0,-3],[-1,-1],[1,-2],[1,1],[1,-3],[1,-1],[0,1],[1,-1],[1,-2],[0,-8],[-1,-2],[0,-2],[1,-1],[0,-3],[1,-2],[0,-3],[-1,-2],[1,-1],[0,-1],[1,-1],[0,-1],[-1,-2],[0,-6],[1,1],[0,1],[1,-1],[1,-3],[0,-3],[1,0],[0,-3],[1,-2],[0,-2],[1,-3],[0,-3],[-1,-4],[0,-4],[-1,-1],[0,-5],[-1,-1],[0,-2],[-1,-1],[0,-4],[-1,-2],[0,-10],[1,-2],[0,-3],[1,-1],[0,1],[1,2],[1,1],[0,1],[1,-1],[1,3],[0,2],[1,1],[1,2],[0,1],[1,1],[-1,1],[1,3],[0,2],[1,0],[0,4],[1,2],[0,1],[1,0],[2,1],[0,1],[2,3],[0,-1],[1,1],[0,-1],[1,0],[1,-1],[2,-1],[1,0],[0,1],[3,0],[0,-1],[1,-2],[-1,-5],[0,-6]],[[81297,65989],[0,-2],[1,-1],[0,-2],[1,-1],[0,-1],[1,-1],[0,-2],[-1,-1],[0,-1],[1,-1],[0,-8],[1,-1],[0,-2],[-1,1],[0,-2],[1,0],[0,-1],[1,0],[0,-1],[1,0],[0,-3],[-1,0],[1,-1],[-1,-2],[0,4],[-1,0],[0,-4],[1,0],[0,-7],[-1,1],[0,-3],[1,0],[1,-1],[0,-13],[1,0],[0,-3],[-1,0],[0,-1],[-1,1],[0,-3],[2,0],[0,-6],[1,-1],[0,-1],[-1,-1],[0,-6],[-1,-2],[1,-1],[-1,-1],[0,-8],[-1,-1],[0,-7],[-1,0],[0,-3],[-1,-2],[0,-2],[-1,0],[0,-1],[-1,0],[0,-3],[-1,-1],[0,0],[-1,0],[0,-3],[-1,-1],[0,-2],[-1,-1],[0,-1],[-1,-1],[0,1],[-1,0],[0,-4],[0,0],[0,-1],[-1,0],[0,-1],[-1,0],[0,0],[-1,0],[-1,1],[0,2],[-1,0],[-1,-1],[0,1],[-1,1],[0,-2],[-1,1],[0,1],[-1,1],[1,1],[0,1],[2,0],[-1,1],[0,12],[0,0],[0,2],[1,0],[0,2],[1,1],[0,-1],[1,0],[0,2],[-1,0],[1,-1],[-2,0],[-1,1],[-2,-2],[0,-2],[-1,0],[0,-2],[-2,-2],[0,-1],[1,1],[1,0],[0,-7],[-1,-1],[0,-3],[-1,0],[0,-1],[-1,0],[0,-1],[-1,0],[0,-1],[-3,0],[0,0],[-1,0],[0,-1],[-1,-2],[0,0],[-1,-1],[0,-7],[-1,0],[0,-2],[-1,0],[0,-1],[-1,0],[-1,-2],[0,-1],[-1,-1],[-1,-2],[0,1],[-1,0],[0,-3],[1,0],[0,-4],[1,-1],[-1,-1],[1,0],[0,-10],[-1,-1],[0,-6],[1,-2],[0,-5],[-1,-1],[0,-9],[-1,-1],[1,-1],[0,-8],[-1,0],[0,0],[-1,-2],[0,-1],[-1,0],[1,-1],[0,-3],[-1,-1],[0,-2],[-1,-1],[0,-2],[-1,0],[0,-2],[-1,0],[0,0],[-1,0],[0,1],[-1,2],[0,1],[-1,1],[0,1],[-1,1],[0,4],[-1,0],[0,2],[-2,-2],[0,-3],[-1,1],[0,2],[-1,0],[0,3],[1,0],[0,1],[1,-1],[0,8],[-1,1],[0,1],[-1,0],[0,3],[-1,1],[0,1],[-1,2],[0,1],[-1,1],[0,15],[1,1],[0,5],[1,3],[-1,0],[0,9],[-1,1],[1,1],[0,5],[1,0],[0,6],[1,1],[-1,0],[0,1],[-1,3],[0,10],[1,2],[0,4],[1,1],[0,1],[-1,1],[1,0],[0,7],[-1,0],[0,2],[1,1],[0,2],[1,0],[0,4],[1,0],[0,4],[-1,1],[0,1],[1,1],[0,6],[1,0],[1,2],[1,-1],[0,1],[-1,1],[0,13],[1,0],[0,1],[1,-1],[0,3],[1,-1],[0,2],[-1,0],[0,1],[1,0],[0,5],[1,1],[0,1],[1,0],[0,0],[-1,1],[0,-1],[-1,0],[-1,-1],[-1,0],[0,-1],[-1,0],[0,-2],[-1,1],[0,-2],[-1,0],[0,-3],[-1,-1],[-1,1],[-1,0],[0,2],[1,0],[0,4],[-1,1],[1,2],[0,1],[1,2],[0,15],[1,2],[0,4],[1,0],[0,1],[1,1],[0,2],[1,1],[0,2],[1,0],[0,3],[1,1],[0,2],[1,1],[0,3],[1,1],[2,0],[0,1],[1,1],[0,1],[1,-1],[2,2],[0,1],[1,0],[0,-2],[1,-1],[0,5],[1,1],[0,2],[2,2],[2,0],[0,-1],[2,4],[2,0],[1,-1],[0,-2],[1,-2],[0,-1],[1,0],[-1,1],[0,1],[-1,1],[0,9],[1,1],[0,5],[1,0],[2,4],[0,2],[1,1],[0,2],[2,2],[0,1],[1,2],[2,2],[1,0],[0,-1],[1,2],[0,0],[1,-1],[0,-3],[1,-5],[1,-3],[-1,-1],[0,0],[1,-1],[0,-2],[1,-2],[0,-8],[1,-1],[0,-6],[1,-1],[0,-4],[1,0],[0,-3]],[[81121,65568],[-4,9],[-1,0],[0,4],[-1,0],[0,1],[-2,5],[0,2],[-2,5],[-3,9],[-1,0],[0,2],[-1,1],[-1,-1],[-1,0],[0,-1],[-1,0],[-1,-1],[-1,0],[-1,-1],[-1,0],[0,-1],[-2,-1],[-3,-3],[-1,0],[0,-1],[-1,0],[0,10],[-1,1],[0,1],[-1,1],[0,3],[1,0],[0,0],[1,0],[0,-11],[1,-2],[0,-1],[4,4],[1,0],[1,1],[2,1],[0,1],[1,0],[0,1],[1,0],[0,0],[2,1],[0,3],[-1,1],[0,2],[-1,4],[-2,0],[0,1],[1,1],[-1,0],[0,3],[-1,0],[0,2],[-1,1],[0,2],[-2,0],[0,-3],[-1,-1],[0,-1],[1,-1],[0,-1],[-1,2],[0,-2],[-2,0],[0,-3],[-1,1],[1,1],[0,2],[1,0],[0,1],[1,1],[0,3],[-1,-1],[0,1],[-1,0],[-1,1],[0,1],[-1,1],[0,1],[2,2],[0,-2],[-1,0],[0,-1],[1,-1],[0,-1],[2,0],[0,1],[1,0],[0,2],[-1,0],[0,1],[-1,0],[0,6],[-1,2],[0,1],[-1,1],[0,1],[-1,0],[0,2],[-1,0],[0,-1],[-1,0],[0,-4],[1,-4],[0,-3],[1,0],[-1,-1],[0,1],[-1,1],[0,-1],[-1,-1],[0,-1],[-1,-1],[0,9],[1,2],[0,6],[1,1],[0,4],[-1,-1],[0,0],[-2,-1],[0,-1],[-1,-1],[0,2],[3,3],[0,1],[-1,2],[0,5],[-2,-1],[0,11],[-1,-1],[-1,3],[1,1],[-1,1],[0,-3],[-1,0],[-1,-5],[-7,21],[-1,2],[0,5],[-1,1],[0,2],[1,1],[0,11],[1,2],[0,4],[-1,2],[0,12],[1,2],[1,0],[0,2],[-1,0],[0,15],[4,0],[0,2],[-1,2],[1,2],[0,1],[1,4],[1,3],[0,2],[1,1],[0,1],[1,0],[0,2],[1,1],[0,1],[1,1],[0,4],[1,0],[0,-3],[1,0],[0,3],[1,1],[0,1],[1,0],[0,-1],[1,0],[0,1],[1,0],[0,1],[1,0],[0,-1],[1,0],[1,1],[1,0],[1,1],[0,2],[1,1],[0,1],[1,2],[1,1],[1,0],[0,3],[1,0],[0,1],[1,0],[0,1],[1,0],[0,-2],[1,1],[0,1],[2,0],[0,1],[1,0],[0,-3],[2,0],[1,-1],[1,-2],[1,-1],[0,-8],[1,-2],[0,-10],[1,-1],[0,-4],[1,0],[1,-2],[0,-2],[1,-2],[0,-3],[1,-1],[2,0],[0,-1],[1,0],[0,1],[1,-1],[2,0],[-1,1],[0,5],[1,1],[0,2],[1,0],[0,2],[1,0],[0,1],[1,1],[0,1],[1,1],[0,3],[2,2],[0,1],[1,1],[1,0],[0,-2],[1,1],[-1,0],[1,1],[1,0],[1,-1],[0,-1],[1,-1],[0,2],[1,0],[0,-1],[1,0],[0,-3],[1,-1],[0,-7],[1,0],[0,-4],[1,0],[0,-6],[1,0],[0,-15],[-1,-1],[0,-1],[1,0],[0,-2],[1,0],[-1,-1],[0,-23],[-1,-1],[0,-1],[-1,0],[0,0],[-1,0],[0,-4],[-1,-1],[0,-3],[-1,-1],[0,-2],[-1,1],[0,-4],[-1,-2],[0,-1],[-1,0],[-1,-1],[0,-1],[-1,-1],[-1,0],[0,-4],[-1,-1],[0,-2],[-1,0],[-1,1],[-1,0],[0,1],[-1,-1],[-1,0],[0,-1],[-1,-1],[0,-1],[-1,1],[0,1],[-1,1],[0,1],[-2,2],[-2,0],[0,1],[-1,1],[0,1],[-1,0],[-1,-1],[-1,0],[-1,-1],[0,-1],[-1,0],[-1,1],[0,-1],[-1,0],[0,-1],[1,-2],[-1,-2],[-1,0],[0,2],[-3,0],[0,-2],[-1,-2],[0,0],[-1,0],[0,1],[-1,0],[0,-1],[-1,0],[0,-1],[-1,-1],[0,-2],[-1,0],[0,-1],[-1,-1],[0,-1],[-1,0],[0,-1],[-1,0],[0,-1],[-1,0],[0,-2],[-1,0],[0,-2],[1,0],[0,-1],[1,1],[0,-2],[-1,0],[-1,-1],[0,0],[-1,-1],[0,-1],[-1,1],[0,-1],[-1,-1],[0,-2],[-1,0],[0,-1],[1,-2],[0,-1],[3,0],[0,-4],[1,-1],[0,-5],[1,-4],[2,-3],[0,-2],[1,-1],[5,-14],[1,0],[0,-3],[2,-5],[1,-1],[0,-2],[1,-2],[0,-1],[1,0],[0,-2],[1,-1],[1,-3],[0,1],[1,0],[0,-1],[-1,0],[0,-1],[1,-1],[1,0],[0,1],[1,1],[0,-1],[2,3],[1,2],[0,2],[2,2],[1,2],[0,2],[2,5],[0,2],[-1,0],[-2,-2],[0,-2],[-1,-1],[0,2],[1,1],[0,1],[-1,0],[0,2],[-1,0],[0,1],[-1,1],[0,2],[-1,0],[0,-2],[-1,0],[0,1],[1,1],[0,3],[1,0],[0,-2],[1,-1],[0,-2],[2,-4],[0,1],[2,2],[0,9],[-1,-1],[0,4],[-1,0],[0,1],[-1,2],[-1,1],[0,-1],[-1,0],[-2,-2],[-1,-3],[0,-8],[1,0],[0,-3],[-1,0],[0,6],[-1,2],[0,5],[1,1],[0,0],[1,0],[0,9],[1,1],[0,-7],[1,3],[0,1],[1,2],[0,8],[1,0],[0,-7],[-1,-1],[0,-4],[1,1],[0,0],[1,0],[-1,-1],[0,-3],[1,-1],[1,0],[0,-1],[1,-2],[0,-1],[1,-5],[0,-4],[1,-2],[0,-5],[-1,-1],[-1,-3],[3,0],[0,1],[1,0],[0,2],[-1,0],[0,4],[1,0],[0,3],[1,-1],[-1,-1],[0,-9],[-1,1],[0,-1],[-1,0],[-1,-1],[-2,0],[0,-1],[-2,-2],[0,-1],[1,-1],[-1,-2],[0,-1],[1,-1],[0,0],[0,-1],[3,0],[0,-1],[1,-1],[0,-1],[-1,0],[0,1],[-2,0],[-1,1],[-1,0],[0,7],[-1,-2],[-2,-3],[-1,-2],[-1,-1],[0,-3],[1,-2],[0,-2],[6,-13]],[[81203,65899],[1,-2],[-3,-10],[2,-4],[-1,-5],[-1,-2],[0,-1],[-1,-1],[1,-1],[0,-8],[1,-1],[-1,-1],[1,-1],[0,-7],[1,-1],[0,-4],[-1,-1],[0,-4],[1,1],[0,2],[1,1],[0,1],[1,0],[0,-3],[-1,0],[0,-5],[-1,0],[0,-1],[-1,0],[0,-2],[1,-2],[0,-2],[-1,-1],[0,-1],[1,0],[1,-1],[-1,0],[1,1],[0,2],[-1,1],[0,6],[1,0],[1,2],[1,-2],[0,3],[1,-1],[1,-2],[0,-1],[1,0],[0,-4],[1,-1],[0,-3],[-1,-2],[0,-2],[-1,0],[0,-1],[-1,-1],[0,6],[-1,2],[0,0],[-1,-1],[1,-1],[-1,-1],[0,-2],[1,-2],[-1,-2],[0,-4],[-1,-3],[0,-1],[-1,-1],[0,-2],[-1,1],[0,1],[-1,1],[0,-1],[-1,0],[0,-5],[-1,0],[0,10],[1,0],[0,1],[-1,-1],[0,-3],[-1,-1],[-2,2],[0,-4],[-2,2],[0,3],[-1,2],[0,1],[-1,2],[0,1],[-1,1],[0,3],[-1,2],[0,7],[-1,1],[0,-1],[-1,0],[-1,1],[0,-1],[-1,-1],[0,4],[-1,1],[-1,-1],[0,-1],[-1,-2],[0,4],[1,2],[0,4],[1,2],[0,4],[1,2],[0,30],[1,0],[0,2],[-1,1],[0,8],[1,2],[2,-2],[1,-2],[1,-1],[1,1],[0,-1],[1,1],[1,2],[0,1],[1,0],[0,-2],[1,1],[4,-9],[3,9]],[[81177,65944],[-2,0],[1,-1],[0,-1],[-1,0],[0,1],[-1,1],[0,1],[1,0],[0,1],[-1,-1],[-1,1],[0,-1],[-1,-1],[-2,0],[-1,1],[0,3],[-1,1],[0,4],[-1,2],[0,9],[-1,1],[0,7],[-1,2],[1,0],[-1,2],[0,5],[1,1],[0,-3],[1,-2],[1,0],[2,-3],[1,-1],[1,-3],[0,-1],[2,-4],[1,0],[2,2],[1,-2],[0,-4],[1,-5],[0,-5],[1,-2],[-1,-3],[-1,-2],[-1,0]],[[81087,65478],[-1,1],[0,3],[1,0],[-1,3],[0,-1],[-1,1],[0,4],[1,0],[-1,1],[0,1],[1,0],[0,1],[-1,0],[0,4],[1,-1],[0,6],[-1,1],[0,-3],[-1,0],[0,4],[-1,1],[0,1],[1,0],[0,3],[1,0],[0,1],[1,0],[0,3],[-1,-1],[0,-1],[-1,0],[0,-1],[-1,1],[0,11],[1,0],[0,7],[0,0],[0,2],[1,3],[-1,0],[0,23],[1,2],[0,3],[1,0],[0,2],[1,0],[0,1],[1,2],[3,3],[0,-2],[0,0],[1,1],[0,2],[1,-1],[0,1],[-1,0],[2,2],[0,1],[-1,0],[-2,2],[0,1],[1,0],[0,-1],[2,-1],[0,-1],[1,0],[0,-3],[1,0],[0,2],[-1,0],[0,2],[-1,0],[0,1],[-1,0],[0,2],[1,0],[0,-1],[2,-2],[0,1],[-1,0],[0,2],[-1,0],[0,1],[-1,1],[1,0],[1,-1],[0,-1],[1,0],[0,-1],[1,1],[0,-1],[1,0],[-1,1],[0,3],[1,4],[0,3],[1,0],[0,3],[0,0],[2,2],[1,-1],[0,0],[1,1],[0,1],[1,1],[1,-2],[0,6],[1,0],[0,-4],[1,0],[0,-6],[-1,-2],[0,-3],[1,1],[1,-1],[0,-1],[1,-1],[-1,-1],[0,-1],[2,2],[0,-7],[-1,-1],[1,0],[0,2],[1,0],[0,1],[1,0],[0,-1],[2,-3],[0,-2],[1,-1],[0,-1],[1,-2],[0,0],[1,-1],[0,0],[1,0],[0,1],[1,-1],[1,0],[0,1],[1,2]],[[81121,65568],[0,1],[1,2]],[[81122,65571],[0,-3],[1,-3],[2,-4],[1,0],[0,-4],[1,0],[0,-5],[1,1],[2,-7],[0,-3],[-1,-2],[0,-1],[1,1],[0,-1],[1,1],[0,-2],[1,1],[0,-2],[-1,-1],[0,-1],[2,-6],[0,-5],[1,1],[-1,-2],[1,-1],[-1,-1],[0,-2],[1,-2],[0,0],[1,-2],[0,-1],[1,-1],[0,-3],[1,2],[2,-4],[2,5],[-1,1],[1,1],[0,1],[1,1],[0,-4],[-2,-2],[0,-1],[-2,-4],[0,-2],[1,-2],[0,-2],[-1,-6],[0,-1]],[[81138,65494],[0,-11]],[[81138,65483],[0,-3]],[[81138,65480],[-1,2],[-2,-5],[-2,3],[0,-2],[-1,-3],[0,-5],[-2,-2],[-3,-6],[0,-1],[-1,-3],[-2,-7],[0,-12],[-1,-3],[-1,1],[-2,6],[0,1],[-1,0],[-2,4],[0,-2],[-3,-4],[0,-8],[1,-2],[0,-3],[-1,-4],[0,-4],[2,-1],[0,-4],[-1,-2],[-2,-2],[-1,-4],[-2,-2],[-1,-3],[-1,-6],[-6,9],[-3,12],[-2,15],[-2,13],[0,15],[2,4],[-1,1],[-3,2],[-1,0],[0,1],[-2,1],[-1,2],[0,2],[-1,5],[-1,-1]],[[81069,64651],[22,4],[14,-30],[5,-33],[8,-18],[36,-23],[4,-12],[22,-5],[6,-18],[5,3]],[[81191,64519],[2,0],[6,3],[1,0],[0,2],[1,-2],[0,-1],[1,-6],[1,-3],[0,-2],[1,-2],[1,-4],[1,-3],[1,-9],[0,-3],[1,-9],[1,-7],[3,-15],[2,-3],[1,-3],[1,-2],[1,-6],[1,-5],[0,-16],[-1,-8],[-1,-10],[-1,-6],[0,-8],[-1,-11],[-3,-17],[-1,-4],[-2,-7],[-2,-12],[-2,-4],[-1,-3],[-1,-5],[-2,-3],[0,-1],[2,0],[2,-1],[4,-6],[2,-5],[2,-6],[2,-2],[1,-4],[3,-6],[1,-6],[1,-7],[2,-8],[0,-3],[2,-1],[1,-3],[0,-14],[1,-6],[0,-6],[1,-5],[0,-2],[49,14],[26,-108],[24,-39],[16,-149],[4,-38],[6,-53],[15,-90],[-3,-6],[-3,-3],[-1,-2],[0,-7],[-1,-5],[1,-3],[0,-6],[1,-1],[0,-2],[1,-4],[0,-5],[-1,-2],[0,-8],[1,-2],[0,-2],[-1,-4],[0,-2],[-2,-4],[0,-5],[1,-4],[2,-7]],[[81362,63686],[0,-4],[-1,-2],[0,-3],[-1,-1],[-1,0],[0,-3],[-1,0],[0,-1],[-1,-1],[0,-1],[1,-2],[0,-3],[1,-2],[0,-1],[-1,-1],[0,-1],[-1,0],[0,2],[-1,0],[0,2],[-1,-1],[0,2],[-1,0],[-1,-1],[-1,0],[0,-3],[1,-1],[-1,-1],[0,-1],[1,0],[0,-10],[-1,-2],[-1,-4],[0,-2],[-1,-1],[0,-9],[-1,-2],[-1,-3],[0,-3],[-1,-2],[0,-1],[-2,0],[0,-2],[-1,-1],[1,-1],[0,-6],[1,-2],[-1,-2],[0,-9],[-1,-1],[0,-1],[-4,-2],[-1,1],[0,1],[-3,6],[0,18],[1,1],[0,3],[-1,2],[0,14],[-1,1],[0,2],[1,0],[0,1],[-1,0],[0,2],[1,0],[0,4],[1,0],[0,4],[1,3],[0,5],[-1,2],[0,1],[1,0],[-1,1],[0,2],[-1,0],[0,4],[-1,1],[0,6],[-1,0],[0,1],[-1,1],[0,1],[2,6],[0,4],[-1,-2],[0,-3],[-1,-3],[-1,-6],[-1,-1],[-1,-6],[0,4],[1,1],[-1,2],[-1,1],[0,3],[-1,2],[0,2],[-1,2],[0,2],[-1,5],[1,2],[0,4],[1,3],[0,1],[1,1],[-2,1],[0,3],[-1,1],[0,2],[-1,0],[0,1],[-1,0],[0,1],[-1,2],[0,5],[1,1],[0,1],[-1,3],[0,8],[-1,3],[0,0],[-1,0],[0,-2],[-1,0],[-1,-1],[0,1],[-1,2],[0,1],[-1,0],[0,-1],[-1,-1],[0,1],[-1,0],[-1,1],[-1,0],[-1,2],[0,2],[-1,-1],[-1,2],[0,1],[-1,0],[0,1],[-1,0],[0,-1],[-1,-2],[-2,0],[-1,1],[-1,0],[0,1],[-1,1],[-1,-1],[-1,0],[-1,1],[0,3],[-1,0],[-1,1],[-1,2],[-1,0],[0,1],[-1,-1],[-2,0],[0,-3],[-1,0],[-1,-1],[-1,1],[-1,0],[0,-4],[-1,-2],[0,-9],[1,-1],[0,-3],[-1,-4],[1,0],[0,-3],[-1,-2],[-2,-1],[-1,-1],[-1,0],[1,-1],[2,0],[3,-1],[-1,-5],[1,-5],[0,-1],[-1,0],[-1,-1],[0,-3],[-1,0],[0,-1],[-1,-1],[1,0],[0,-2],[-1,0],[0,-11],[1,-3],[0,-2],[-1,-3],[0,-1],[1,1],[0,1],[1,1],[1,-1],[1,0],[1,-2],[1,0],[0,-2],[2,0],[0,-1],[1,1],[1,0],[1,1],[2,0],[0,-1],[2,0],[0,1],[1,0],[0,-5],[1,0],[0,-3],[1,-1],[1,-2],[0,-1],[1,-4],[0,-5],[1,-1],[0,-5],[2,-2],[0,-2],[1,-1],[0,-11],[-1,-3],[0,-11],[-1,-4],[0,-4],[-1,-4],[-1,-2],[-1,-1],[-1,0],[0,-2],[-1,0],[0,-2],[-1,0],[-1,-1],[0,0],[-2,-2],[-1,0],[-1,1],[0,-1],[-1,-2],[0,-1],[-1,0],[0,1],[-1,0],[0,1],[-1,1],[0,0],[-1,1],[0,-3],[-1,0],[-1,-1],[-1,0],[0,-1],[-1,-1],[-1,0],[0,-1],[-1,-1],[0,-1],[-2,0],[-1,-2],[-1,0],[0,-1],[-1,0],[0,0],[-1,0],[0,-1],[-3,-3],[-2,0],[0,-1],[-1,-1],[0,-1],[1,-1],[-1,-1],[0,-1],[-1,-2],[0,-1],[-1,0],[0,-6],[-1,-1],[-1,0],[-1,1],[0,1],[-1,0],[-1,1],[-2,0],[0,1],[-1,0],[-1,2],[0,2],[-1,-1],[-1,1],[0,-1],[1,0],[0,-4],[-1,-1],[0,-1],[-1,0],[-1,1],[0,-1],[-1,-2],[-1,1],[0,-1],[-1,0],[0,-1],[-3,0],[0,-2],[-1,0],[0,-1],[-1,0],[0,1],[-2,0],[0,-1],[-1,0],[-1,-1],[-1,0],[0,2],[-1,0],[-1,1],[0,1],[-1,-2],[-1,2],[-1,0],[-1,1],[-1,2],[0,1],[-1,3],[0,2],[-1,1],[1,1],[-1,0],[-2,5],[0,3],[-1,-1],[-2,0],[0,4],[-1,2],[-1,1],[-1,2],[0,2],[-1,1],[0,2],[-1,2],[0,1],[-1,1],[0,1],[-1,1],[0,6],[-1,2],[0,7],[1,2],[0,1],[1,5],[0,1],[-1,-6],[-1,-1],[0,-3],[-1,0],[-1,1],[-1,2],[0,4],[-1,0],[-2,2],[-1,-1],[-2,2],[-1,2],[0,3],[-1,1],[0,3],[-2,3],[0,3],[-1,1],[0,2],[-1,1],[0,1],[-1,3],[0,3],[-1,0],[0,2],[-1,1],[-1,3],[-1,1],[0,2],[1,1],[-1,0],[-1,3],[-1,2],[0,5],[-1,0],[0,2],[-1,3],[0,1],[-1,5],[-1,1],[0,7],[-2,3],[-1,-1],[1,-2],[0,-10],[1,0],[0,-6],[1,-3],[0,-3],[1,-3],[0,-31],[-1,-2],[0,-3],[-1,-1],[-1,0],[0,-1],[-1,-1],[0,-1],[-1,0],[0,-1],[-1,0],[0,-8],[-1,-4],[1,0],[-1,-1],[0,-2],[-1,-1],[0,-2],[-1,0],[0,-8],[1,0],[0,-4],[1,-2],[0,-5],[1,0],[0,-2],[1,-4],[3,-6],[0,-6],[-1,-2],[0,-5],[-1,-1],[1,-1],[-1,-1],[1,-1],[-1,-2],[0,-6],[1,-3],[-1,-1],[0,-6],[-1,-2],[0,-1],[-1,1],[0,-4],[-4,-4],[0,3],[-1,1],[0,1],[1,1],[-1,1],[0,-1],[-1,-1],[0,-2],[-1,-1],[-1,0],[0,3],[-1,0],[0,5],[-1,1],[-1,0],[0,-1],[-1,1],[-1,0],[-1,-1],[0,-5],[-1,-1],[-2,0],[0,1],[-1,1],[0,1],[2,2],[-1,1],[0,12],[-1,1],[-1,0],[0,-1],[-1,0],[0,-3],[-1,-1],[0,-5],[1,-1],[0,-2],[-1,-1],[0,-3],[-1,1],[0,2],[-1,1],[0,1],[-1,0],[0,6],[-1,1],[0,5],[-1,0],[0,2],[1,3],[0,4],[1,1],[0,5],[-1,-2],[0,-4],[-1,1],[-2,-2],[0,-2],[1,-1],[0,-8],[-1,-1],[-1,1],[0,5],[-1,2],[0,-1],[-1,-1],[0,-3],[-1,-2],[1,-1],[0,-2],[1,1],[1,-2],[-1,-1],[0,-3],[-1,0],[0,-1],[-1,1],[0,-3],[-1,-2],[0,-1],[-3,0],[0,9],[1,1],[0,3],[-1,1],[0,1],[-1,-1],[0,-2],[-1,0],[0,-2],[1,-1],[-1,0],[0,-3],[-1,-1],[0,0],[1,-1],[-1,0],[0,-1],[1,-2],[-1,-1],[1,-1],[0,-1],[1,-1],[0,-4],[-1,-1],[-1,0],[0,1],[-1,-1],[-1,1],[0,1],[0,0],[0,-1],[-1,-1],[0,1],[-1,2],[1,1],[-1,0],[1,1],[-1,1],[0,1],[-1,-1],[0,1],[-1,1],[-1,0],[0,1],[-1,0],[-1,1],[0,0],[-1,0],[-1,1],[0,4],[-1,0],[0,-3],[-1,0],[0,5],[1,0],[0,8],[1,1],[0,4],[-1,1],[0,3],[-1,0],[0,2],[-1,0],[0,-2],[1,-1],[0,-2],[1,-1],[0,-3],[-2,-2],[0,-3],[-1,-1],[0,-1],[1,-1],[0,-2],[1,0],[0,-4],[-1,-1],[0,-2],[-1,0],[0,-2],[-1,0],[0,-1],[-2,0],[1,-1],[0,-4],[-1,-1],[0,3],[-1,0],[0,2],[-1,0],[-1,1],[0,1],[-1,-1],[-1,1],[0,1],[-1,0],[0,1],[-1,1],[0,-1],[-1,-1],[0,1],[-1,0],[0,1],[-1,0],[0,1],[-1,0],[0,-2],[-1,0],[0,3],[-1,0],[0,0],[-1,0],[0,-1],[-1,-1],[-1,1],[0,-2],[-1,-1],[0,-1],[-1,-1],[0,1],[-1,1],[0,2],[-1,0],[0,0],[-1,0],[0,9],[-1,-1],[0,-1],[-1,1],[-1,0],[-1,3],[0,8],[-1,0],[0,3],[1,2],[0,9],[1,0],[0,-1],[1,-1],[2,0],[0,7],[-1,1],[0,4],[-1,0],[0,1],[-1,0],[-2,-2],[0,-7],[1,-1],[0,-2],[-1,1],[0,-1],[-1,0],[0,0],[-1,1],[0,-2],[-1,0],[0,0],[-1,0],[0,-2],[-1,0],[0,-2],[-1,0],[0,2],[-1,0],[0,4],[1,0],[0,1],[-1,0],[-1,-1],[1,-1],[0,-1],[-1,-1],[0,2],[-1,1],[0,1],[-1,1],[0,0],[-1,1],[0,12],[1,0],[0,-3],[1,2],[-1,0],[1,2],[0,1],[1,1],[0,1],[-2,0],[0,2],[2,0],[0,-2],[1,1],[0,1],[1,-1],[0,7],[-1,0],[0,2],[1,0],[-1,1],[-1,-1],[0,-3],[-1,1],[0,4],[1,0],[-1,1],[1,3],[0,7],[-1,0],[0,2],[-1,1],[0,1],[-1,0],[0,5],[1,2],[0,0],[-1,-1],[0,-1],[-1,-2],[0,5],[1,0],[0,2],[1,1],[0,5],[1,2],[1,0],[0,-1],[2,2],[0,4],[-1,1],[0,4],[1,0],[0,-1],[1,0],[0,-1],[-1,-1],[1,-1],[0,5],[-1,1],[0,2],[1,0],[0,1],[1,1],[0,-1],[1,0],[0,1],[1,0],[0,1],[-1,1],[0,1],[-1,1],[0,6],[1,1],[-1,1],[0,2],[-1,2],[0,6],[-1,4],[0,6],[1,4],[1,2],[1,0],[0,-2],[1,-1],[1,-2],[1,-1],[0,-1],[1,0],[1,-3],[0,-1],[1,-1],[0,3],[1,0],[0,2],[1,1],[1,-1],[0,1],[-4,0],[-1,1],[-1,3],[0,8],[1,1],[1,-1],[0,2],[1,1],[0,1],[-1,0],[0,-2],[-1,-1],[-1,0],[0,-1],[-1,0],[0,1],[-1,-1],[0,1],[-2,-2],[-1,0],[0,-1],[-2,0],[-1,1],[0,3],[-1,1],[0,10],[1,1],[0,8],[-1,0],[0,-1],[-1,-1],[-1,0],[0,1],[-1,-1],[0,1],[-1,1],[-1,0],[0,1],[-1,-1],[0,-2],[-1,0],[0,2],[-1,1],[0,2],[1,2],[1,1],[0,1],[1,1],[0,4],[-1,1],[0,4],[-1,1],[0,14],[2,-1],[1,-2],[1,0],[0,-4],[1,2],[0,3],[-1,0],[0,1],[-1,1],[0,1],[-1,0],[0,2],[-1,1],[1,4],[0,11],[1,5],[0,11],[-1,3],[0,1],[-1,2],[0,2],[-1,1],[-1,0],[0,1],[-1,2],[0,2],[-2,0],[-1,1],[-3,-1],[-2,2],[-1,0],[-2,2],[-2,8],[-1,2],[0,1],[-1,1],[0,1],[-1,0],[0,1],[-2,0],[0,1],[-1,1],[0,-1],[-2,-2],[-1,-2],[1,0],[0,2],[1,0],[1,2],[1,-2],[1,-1],[1,0],[1,-2],[1,-1],[1,-4],[0,-2],[2,-3],[0,-1],[2,-3],[0,-1],[2,-3],[0,-2],[1,0],[0,-4],[1,-1],[0,-2],[1,1],[1,0],[0,-2],[1,-2],[0,2],[1,0],[1,-3],[0,-7],[-1,1],[0,-2],[1,-2],[0,-1],[-1,-1],[0,-4],[-1,-3],[0,-2],[-1,-1],[0,-2],[-1,-1],[0,-7],[-1,-2],[0,-2],[-1,0],[0,-3],[-1,0],[0,1],[-1,1],[0,1],[-1,2],[0,19],[-1,0],[0,5],[-1,0],[0,1],[-1,1],[0,-1],[1,0],[0,-4],[1,-1],[0,-10],[-1,-1],[0,-6],[-1,-1],[1,-1],[-1,0],[1,-1],[0,-6],[1,-2],[-1,-1],[0,-4],[-1,-1],[-1,1],[-1,0],[0,-1],[-1,0],[0,-2],[-2,0],[0,-2],[-1,-2],[0,-1],[-1,-1],[0,-1],[1,1],[0,-2],[-1,-1],[0,-1],[-1,1],[0,-2],[-1,-2],[-1,-1],[-2,-3],[-1,-2],[-3,-3],[-1,0],[0,-3],[-1,-6],[1,0],[1,-2],[2,1],[0,1],[1,0],[0,0],[1,1],[1,0],[0,-1],[1,1],[0,-1],[1,-1],[2,-5],[0,-1],[1,-1],[0,-2],[1,0],[0,-2],[1,-2],[0,-6],[-1,-2],[0,-9],[-2,-2],[1,0],[0,-4],[-1,-1],[0,-3],[-2,0],[0,1],[1,2],[0,2],[-1,-2],[0,-1],[-1,0],[0,-1],[-1,0],[0,1],[-1,0],[0,-3],[-1,0],[0,2],[1,1],[-1,0],[0,-1],[-3,0],[0,2],[-1,1],[1,1],[-1,2],[-1,-1],[0,2],[-1,0],[0,1],[-1,2],[0,1],[1,3],[0,7],[-1,0],[0,-1],[-1,0],[0,-2],[-1,-1],[0,-3],[1,0],[0,-3],[1,-1],[0,-1],[-1,0],[0,-2],[-1,1],[-2,0],[0,-1],[-1,1],[-1,-2],[0,1],[-2,2],[0,3],[1,4],[0,6],[-1,2],[0,1],[-1,1],[0,7],[-1,0],[0,-1],[-1,-1],[0,1],[-2,-3],[-1,0],[-1,1],[0,-2],[-1,1],[0,1],[1,0],[-1,1],[0,1],[-1,1],[0,-6],[1,0],[0,-1],[1,2],[1,1],[0,-1],[3,3],[0,-2],[-1,-1],[0,-1],[-1,-2],[0,-3],[1,0],[0,-3],[-1,-2],[0,-8],[-1,-2],[0,-1],[-1,-1],[0,-4],[-2,0],[0,-2],[-1,-1],[0,2],[-1,-2],[0,-3],[-1,-1],[0,3],[-1,-1],[-1,1],[0,1],[-1,1],[0,-5],[-1,0],[-1,1],[1,3],[-1,1],[0,3],[-1,4],[-1,0],[0,1],[-1,0],[0,2],[-1,0],[0,3],[-1,0],[0,2],[1,0],[0,2],[-1,0],[0,4],[1,1],[-1,1],[0,1],[-1,1],[0,3],[-1,1],[-1,-1],[0,1],[-2,0],[0,-1],[-1,1],[0,-1],[-1,0],[0,1],[-1,0],[-1,1],[-1,0],[-1,2],[0,3],[-1,0],[0,2],[1,0],[-1,1],[0,2],[1,1],[0,5],[1,1],[-1,1],[1,1],[0,4],[-1,1],[0,2],[-1,0],[0,2],[-1,4],[0,5],[-1,0],[0,15],[-1,-4],[0,-18],[-1,0],[0,-1],[-1,0],[1,-1],[0,-2],[-1,-1],[0,-2],[-1,0],[-1,1],[0,-8],[-1,-2],[0,-2],[-1,0],[0,-3],[-1,-2],[-2,-2],[0,-2],[-1,1],[0,1],[-2,0],[0,1],[-1,1],[-1,0],[-1,1],[0,2],[-1,1],[0,1],[-1,0],[0,1],[-1,0],[0,1],[-1,1],[0,0],[-1,0],[0,-1],[-1,1],[0,-2],[-1,-1],[0,0],[-2,0],[0,-1],[-1,-1],[-1,1],[0,3],[-1,0],[0,0],[-2,0],[0,1],[-1,1],[0,1],[-1,-1],[-1,0],[-2,2],[0,1],[-1,1],[0,2],[-1,-1],[0,1],[-1,0],[0,-1],[-1,0],[-1,-1],[-1,0],[0,3],[-1,-1],[-1,1],[0,1],[-1,1],[0,-2],[-2,2],[0,1],[-1,0],[-1,1],[0,1],[-2,0],[0,3],[-1,0],[0,1],[-2,2],[-1,0],[0,3],[-1,2],[0,1],[1,1],[0,1],[-1,-1],[0,-1],[-1,-1],[-1,1],[-1,2],[0,11],[-1,0],[0,1],[-2,8],[0,7],[1,1],[0,1],[1,1],[0,-2],[1,-1],[0,11],[-1,2],[1,0],[0,1],[-1,2],[0,7],[1,1],[0,2],[1,2],[0,0],[1,1],[0,4],[3,6],[0,1],[1,4],[0,2],[1,0],[0,5],[1,1],[1,0],[1,-2],[0,0],[1,0],[0,2],[1,1],[0,1],[1,2],[2,2],[0,4],[1,0],[0,1],[1,-1],[1,0],[0,1],[-1,1],[0,1],[-1,-1],[0,-1],[-1,-1],[0,-2],[-1,-1],[0,-1],[-1,0],[0,-1],[-1,-1],[-1,-3],[0,-1],[-1,0],[-1,1],[0,0],[-1,-1],[0,1],[-1,-3],[-1,-2],[0,-2],[-1,-2],[0,-1],[-1,-2],[-3,-4],[-3,0],[0,-1],[-1,0],[-1,-1],[0,1],[-1,0],[0,-1],[-1,1],[-1,-1],[-1,0],[-1,1],[-1,0],[-1,-1],[0,0],[-1,0],[-1,1],[0,-1],[-1,0],[-2,5],[1,-3],[0,-5],[-1,1],[0,-11],[-1,0],[0,-8],[-1,-5],[0,-8],[-1,-2],[0,-4],[-1,1],[0,-4],[-1,0],[0,-3],[-1,-1],[-1,-3],[-1,0],[1,-1],[-1,-3],[0,4],[-1,-3],[-2,0],[0,-2],[-2,1],[-1,2],[0,2],[-1,-1],[-1,2],[0,7],[-1,-1],[-1,3],[0,3],[1,5],[0,1],[1,-2],[0,3],[1,3],[0,1],[1,2],[2,3],[1,2],[0,2],[1,1],[0,5],[1,2],[0,3],[1,1],[0,9],[1,1],[0,1],[1,1],[0,4],[1,0],[1,2],[1,-1],[-1,2],[1,2],[0,6],[1,9],[-1,1],[1,2],[-1,1],[-1,4],[1,3],[-1,3],[0,7],[2,5],[2,8],[-2,2],[0,-2],[-2,-1],[0,-2],[-3,-1],[-1,-1],[-1,2],[-2,0],[-2,4],[-1,3],[-1,2],[0,8],[1,2],[1,3],[0,-1],[1,4],[1,3],[0,3],[1,4],[0,14],[1,2],[2,2],[1,3],[0,1],[-1,-3],[-3,-2],[0,-5],[-1,-3],[0,-11],[-1,-7],[-1,0],[0,-2],[-1,-2],[0,-1],[-2,1],[0,1],[-3,0],[-1,4],[0,6],[1,4],[-1,0],[-1,-5],[0,-1],[-1,0],[-1,4],[0,8],[1,1],[0,3],[1,2],[0,1],[-1,1],[0,6],[-1,1],[0,2],[-4,5],[0,-22],[-1,-5],[0,-5],[-2,0],[-1,1],[0,1],[3,0],[0,13],[1,10],[-2,6],[-1,0],[-1,-1],[0,1],[-1,1],[-2,1],[-4,6],[-1,3],[0,2],[-1,1],[0,5],[1,1],[2,4],[0,1],[-1,-3],[-1,-2],[-1,-1],[-1,2],[-1,1],[0,1],[-1,1],[0,1],[-1,2],[0,4],[1,2],[1,3],[0,0],[-1,-3],[-1,-1],[-1,3],[-1,2],[0,3],[-1,1],[0,1],[-1,2],[-1,3],[0,2],[-1,2],[0,2],[-1,4],[-1,5],[0,5],[1,2],[0,8],[-1,1],[0,7],[1,0],[0,3],[-1,0],[0,2],[1,0],[0,2],[1,3],[0,2],[1,1],[0,1],[-1,-1],[0,-1],[-1,-1],[0,1],[-1,0],[-1,2],[0,0],[-1,1],[0,2],[-1,1],[0,8],[-1,1],[0,9],[1,3],[1,2],[0,2],[1,0],[0,1],[1,4],[1,1],[0,2],[1,0],[0,1],[-1,-1],[-1,-2],[0,-1],[-1,-4],[-1,-2],[-1,-3],[-1,0],[0,1],[-1,1],[0,-1],[-1,2],[0,1],[-1,-1],[0,1],[-1,0],[-3,3],[-1,4],[-1,2],[0,1],[-1,2],[1,1],[-1,0],[0,10],[1,0],[0,6],[1,0],[0,4],[1,0],[0,3],[1,1],[1,2],[1,0],[0,1],[1,0],[1,1],[2,0],[1,-1],[0,-2],[1,1],[0,1],[-1,0],[0,1],[1,0],[0,0],[-4,0],[-2,2],[0,4],[-1,0],[0,4],[1,0],[0,2],[1,1],[0,1],[-1,0],[1,1],[0,2],[0,0],[0,1],[1,1],[0,4],[1,0],[1,1],[0,1],[1,0],[0,4],[1,1],[2,-1],[1,0],[0,-1],[1,-1],[0,1],[-1,1],[-1,0],[-2,1],[-1,1],[0,12],[1,3],[0,1],[1,1],[0,2],[1,1],[2,4],[0,3],[1,2],[0,3],[1,1],[1,2],[1,1],[1,-1],[0,0],[3,3],[-1,0],[0,1],[-1,0],[0,5],[1,0],[0,6],[1,1],[0,2],[-1,1],[0,2],[1,0],[0,3],[-1,3],[0,8],[1,2],[0,5],[1,1],[0,8],[1,2],[0,2],[1,2],[0,1],[1,0],[0,1],[1,1],[1,0],[0,6],[1,0],[0,1],[1,0],[0,3],[-2,3],[0,3],[-1,2],[1,1],[0,1],[-1,0],[0,3],[-1,0],[-1,2],[0,4],[-1,2],[0,5],[-1,0],[0,-4],[-1,0],[1,-2],[-1,-1],[0,-1],[-1,2],[0,2],[1,0],[0,1],[-1,0],[0,4],[-1,0],[-1,2],[0,7],[3,6],[1,0],[0,1],[1,1],[0,3],[1,2],[-1,0],[0,5],[1,2],[1,0],[0,1],[-2,-2],[0,-11],[-1,0],[0,-2],[-2,0],[0,-1],[-1,-1],[0,-1],[-1,-2],[0,-14],[-1,-2],[-1,0],[0,-3],[-1,0],[-1,2],[-1,0],[-1,4],[0,8],[1,1],[-1,1],[0,2],[-1,3],[0,3],[-1,3],[-1,2],[0,2],[-1,2],[0,1],[-1,3],[1,2],[0,6],[1,1],[-1,2],[0,14],[1,3],[0,3],[1,0],[0,10],[1,0],[0,3],[1,1],[0,1],[2,0],[1,-1],[3,0],[-2,1],[-1,0],[0,1],[-1,-1],[-1,1],[-1,0],[0,-1],[-1,-1],[0,-1],[-1,-1],[-1,0],[0,-2],[-1,-2],[0,-5],[-1,-2],[0,-3],[-2,0],[0,1],[-1,0],[0,4],[-1,1],[0,7],[-1,1],[0,5],[-1,2],[1,1],[0,6],[-1,1],[1,1],[-1,1],[1,0],[0,7],[-1,5],[0,0],[-1,0],[0,-1],[-1,0],[-1,-2],[0,-1],[-1,-2],[0,-1],[-1,-1],[-1,0],[0,-1],[-1,-2],[-1,-1],[-2,-1],[0,1],[-1,-2],[-2,0],[0,1],[-1,0],[0,-1],[-1,-1],[0,-2],[-1,0],[0,1],[-1,2],[-1,-1],[0,1],[-1,0],[0,1],[-1,0],[0,3],[-1,-1],[0,1],[-1,-1],[0,5],[-1,1],[0,0],[-1,0],[0,1],[-1,0],[0,2],[-1,1],[0,1],[1,1],[-1,0],[0,1],[-1,0],[0,2],[-1,-2],[-1,0],[-1,2],[0,5],[-1,1],[0,1],[-1,1],[0,13],[1,1],[-1,4],[0,10],[1,0],[0,1],[-1,1],[1,1],[0,3],[1,4],[0,2],[1,0],[1,1],[-1,0],[0,1],[1,0],[1,1],[0,1],[1,0],[0,1],[2,2],[0,1],[1,0],[2,2],[0,-2],[1,0],[0,1],[1,1],[1,0],[0,-1],[2,-1],[0,1],[2,-1],[1,-3],[1,0],[0,-3],[2,2],[0,1],[1,0],[0,0],[1,1],[1,-2],[1,-3],[0,-4],[2,-3],[1,-4],[0,-7],[1,-2],[1,0],[1,-3],[2,-7],[0,-3],[1,0],[1,2],[0,4],[3,0],[1,2],[1,3],[1,0],[1,-2],[0,1],[2,-2],[0,1],[1,2],[0,3],[1,0],[0,2],[2,0],[0,-1],[1,4],[1,7],[0,4],[1,2],[0,1],[1,1],[1,0],[1,1],[0,1],[1,1],[0,3],[1,2],[0,7],[1,0],[0,-1],[1,0],[-1,1],[0,1],[1,1],[0,9],[-1,1],[0,2],[1,1],[0,2],[1,2],[0,1],[2,2],[1,0],[0,1],[-1,-1],[-2,2],[-1,3],[-1,8],[0,-1],[-1,0],[-2,1],[-1,3],[0,1],[-1,0],[0,2],[-1,-1],[-1,2],[0,2],[1,2],[-3,1],[0,1],[-1,1],[-1,0],[0,1],[-2,2],[-1,0],[0,-2],[-1,-1],[-1,0],[0,1],[-1,0],[0,-1],[-1,-1],[0,-3],[-1,-2],[-2,2],[-1,2],[0,1],[-1,1],[-1,2],[-1,-1],[-1,1],[0,4],[-1,1],[0,2],[-1,0],[0,2],[-1,1],[0,3],[-1,2],[0,13],[2,6],[1,0],[0,2],[1,0],[0,3],[2,2],[0,1],[1,0],[1,1],[0,5],[-1,0],[0,4],[-1,-2],[-1,-1],[-1,-2],[0,1],[-1,2],[1,2],[-1,0],[0,2],[1,2],[0,7],[1,-1],[0,-1],[1,1],[-1,0],[0,2],[-1,1],[0,4],[-1,0],[0,5],[-1,4],[0,5],[-1,1],[1,1],[-1,2],[0,1],[1,0],[0,7],[1,1],[0,2],[-1,1],[0,6],[-1,0],[0,1],[1,1],[0,2],[1,1],[1,-2],[0,1],[1,1],[0,4],[1,1],[1,2],[0,2],[1,0],[1,-1],[0,1],[1,2],[-1,2],[1,3],[2,1],[-1,2],[1,1],[0,1],[1,1],[0,0],[1,0],[1,-2],[0,-5],[1,0],[0,3],[-2,4],[-1,0],[0,1],[-2,-2],[-1,-3],[-1,0],[-1,3],[-1,2],[-1,1],[0,5],[-1,6],[0,3],[1,2],[1,0],[0,1],[1,1],[1,0],[0,1],[-1,0],[-1,-1],[0,-1],[-1,0],[0,-1],[-2,-2],[-1,0],[-1,1],[-2,5],[0,2],[1,4],[-1,2],[1,2],[0,6],[-1,3],[0,10],[1,3],[-1,1],[0,4],[1,1],[0,6],[1,3],[0,1],[2,2],[0,0],[1,1],[1,-1],[0,4],[-1,0],[0,4],[1,1],[0,4],[1,2],[0,1],[-3,-4],[0,2],[2,2],[0,2],[2,2],[0,2],[-1,0],[0,1],[1,1],[0,1],[1,1],[-2,0],[0,2],[-1,0],[0,1],[-1,1],[0,2],[1,0],[1,2],[0,1],[-2,-2],[0,-2],[-1,-2],[0,-2],[-3,0],[0,1],[-1,-1],[-1,1],[-1,0],[0,3],[-1,2],[-1,3],[0,6],[1,3],[0,7],[1,2],[-1,2],[0,4],[-1,2],[0,4],[1,0],[0,2],[-1,-1],[0,-8],[1,-1],[0,-7],[-1,-2],[1,-1],[-1,-6],[-1,0],[0,-2],[-1,-1],[0,-1],[-1,-1],[-1,1],[-1,-1],[-2,0],[-1,2],[-2,1],[-1,1],[0,4],[-1,0],[0,2],[1,3],[0,3],[1,2],[1,1],[0,1],[0,0],[0,0],[-1,-1],[0,-1],[-1,-1],[0,-2],[-1,-2],[0,-4],[-1,-1],[0,-3],[-1,-1],[0,-1],[-1,-1],[-1,1],[0,-3],[-1,-1],[-1,0],[0,1],[-1,0],[0,0],[-1,1],[-1,2],[0,4],[-1,0],[0,1],[-1,1],[-1,3],[-1,-2],[0,-1],[-1,-1],[-1,-2],[-2,1],[0,4],[-2,2],[-1,0],[-1,-1],[0,0],[1,0],[0,0],[1,0],[0,-1],[1,-1],[0,-2],[1,-1],[0,-1],[2,-4],[1,-1],[0,-7],[-2,-6],[-2,0],[-1,-2],[-1,0],[0,-1],[-1,-2],[0,-3],[-1,-1],[0,1],[-1,2],[0,-3],[-1,-1],[-1,0],[-1,-2],[-1,1],[0,-1],[1,0],[0,-4],[-1,1],[0,2],[-1,-2],[-1,0],[0,2],[-1,-1],[0,-4],[-1,0],[0,-1],[-1,-1],[0,-2],[-1,0],[0,0],[-1,0],[0,-2],[-1,0],[0,0],[-1,-1],[0,-3],[-1,0],[0,-1],[1,0],[0,-4],[-1,0],[0,2],[-1,0],[0,0],[-1,0],[1,-1],[0,-1],[-1,-1],[0,-1],[-1,1],[-1,0],[1,-1],[0,-1],[-1,0],[0,-1],[-1,0],[0,1],[-1,1],[-1,0],[0,2],[-1,1],[0,2],[-1,0],[0,3],[-1,1],[0,-7],[-1,0],[0,-3],[-1,-2],[-1,0],[0,1],[-1,0],[1,-1],[0,-1],[2,0],[0,-1],[2,0],[1,-2],[0,-8],[1,-2],[0,-2],[1,-2],[0,-3],[1,-2],[0,-4],[1,-3],[1,-2],[-1,-2],[0,-1],[-1,0],[0,3],[-1,0],[0,-3],[1,0],[0,-1],[-1,0],[0,-2],[1,0],[0,-20],[1,-4],[0,-2],[1,-3],[0,-4],[-2,-1],[-2,2],[0,0],[-1,-1],[0,-2],[-1,-1],[0,-2],[-1,-1],[0,-1],[-2,0],[-2,-2],[0,-2],[-2,-2],[0,1],[-2,-2],[0,-2],[-1,1],[0,1],[1,1],[-1,0],[-1,1],[0,0],[-1,1],[0,1],[-1,-1],[0,1],[-1,-2],[0,2],[-1,1],[0,4],[-1,0],[0,2],[-1,1],[-1,0],[0,-1],[-1,1],[-1,2],[0,3],[-1,3],[0,5],[1,1],[0,3],[1,0],[0,2],[1,0],[0,-2],[1,-1],[-1,-1],[1,-1],[0,2],[1,0],[0,-1],[1,1],[0,-4],[1,0],[0,2],[-1,0],[0,4],[1,0],[1,6],[1,3],[0,13],[-1,1],[0,2],[-1,1],[0,-1],[-1,0],[0,2],[1,1],[0,7],[1,1],[-1,3],[1,7],[0,1],[1,2],[1,1],[1,3],[0,1],[1,0],[0,1],[1,-1],[0,2],[1,0],[0,1],[1,0],[0,1],[0,0],[0,1],[-1,-1],[0,1],[-1,0],[0,1],[-1,1],[0,4],[1,0],[0,2],[1,1],[1,-1],[0,-1],[1,0],[0,2],[1,0],[0,1],[1,0],[0,1],[1,2],[0,8],[1,2],[0,5],[1,3],[0,2],[1,1],[0,2],[1,2]],[[80815,64705],[1,2],[0,8],[2,0],[3,4],[1,7],[1,8],[2,7],[3,-1],[1,7],[0,3],[2,-1],[2,2],[-2,6],[-1,4],[3,12],[1,1],[1,-2],[0,2],[1,-1],[1,0],[0,6],[2,6],[1,0],[1,-2],[1,-1],[1,1],[-1,11],[3,4],[0,4],[2,3],[2,-3],[4,-3],[2,5],[1,6],[0,11],[2,2],[6,5],[1,2],[1,-2],[0,-2],[4,6],[0,2],[1,2],[0,1],[2,1],[2,0],[3,-3],[1,0],[1,2],[2,3],[1,1],[2,0],[2,5],[1,5],[0,6],[1,1],[2,-6],[2,-1],[3,1],[38,22],[0,-3],[2,0],[3,4],[60,60],[2,-6],[0,-5],[-1,-7],[0,-28],[2,-14],[1,-14],[0,-17],[-1,-13],[0,-6],[1,-7],[0,-10],[-1,-16],[0,-13],[1,-12],[2,-11],[4,-10],[1,-7],[2,-7],[3,-6],[1,-3],[5,-3],[2,-2],[4,-9],[0,-4],[-1,-3],[0,-4],[1,-4],[3,-8],[2,-13],[3,-8],[11,-8],[7,-16],[12,11],[4,-1]],[[81215,63614],[0,-2],[1,0],[0,-2],[-1,-2],[-1,2],[0,1],[-1,1],[0,-9],[-1,-1],[0,1],[-1,-1],[0,-6],[1,0],[0,-13],[1,0],[0,-5],[1,-2],[1,0],[0,-1],[1,-3],[-1,-2],[0,-4],[1,-2],[0,-5],[-1,-2],[-1,0],[-1,1],[-1,-1],[0,1],[-2,-1],[0,2],[-3,0],[0,3],[-1,1],[0,4],[-1,5],[0,3],[-1,0],[0,2],[-1,0],[0,2],[-1,4],[-1,5],[1,0],[-1,4],[1,1],[0,1],[-1,1],[1,2],[1,3],[0,1],[1,3],[0,2],[1,1],[0,10],[1,2],[1,1],[0,2],[2,0],[1,2],[1,0],[1,-2],[0,-1],[1,1],[2,-4],[0,-4]],[[81074,63721],[0,-3],[2,2],[0,1],[2,0],[0,0],[1,1],[0,-2],[1,-1],[1,0],[1,-3],[0,1],[1,-2],[0,-10],[-1,-1],[0,-1],[1,-1],[0,-1],[-1,0],[0,-1],[-1,-1],[0,-2],[1,-1],[0,-2],[-1,0],[0,-2],[-1,1],[1,2],[0,1],[-1,1],[0,-4],[-1,0],[0,-1],[-1,0],[-2,2],[0,2],[1,1],[-1,2],[0,2],[-1,3],[-1,1],[0,1],[-1,0],[0,5],[-1,0],[0,3],[-1,0],[0,4],[1,2],[1,0],[0,1],[1,0]],[[2457,93664],[0,-3],[1,0],[0,-1],[2,-2],[0,-1],[1,0],[0,-3],[1,-2],[0,-2],[2,-2],[1,1],[0,-2],[1,-1],[1,-2],[0,5],[1,-1],[0,-1],[1,0],[0,1],[1,0],[2,-1],[0,-2],[1,0],[0,-1],[1,-1],[2,0],[1,1],[0,1],[1,2],[3,0],[0,2],[1,0],[1,1],[0,1],[1,0],[0,2],[1,-1],[-1,-3],[0,-2],[2,-6],[0,-2],[-2,1],[0,-5],[1,1],[0,-1],[-1,-1],[0,-6],[-1,-1],[0,-1],[1,-1],[0,1],[1,1],[0,-1],[1,-1],[1,3],[1,1],[0,-1],[1,-2],[0,-5],[-1,-1],[0,-9],[1,-1],[1,0],[0,-2],[-1,-1],[0,-6],[-1,-1],[1,-3],[0,-3],[2,-2],[0,-1],[1,-2],[1,-1],[0,-7],[-1,0],[0,-5],[-2,-4],[0,-4],[1,-2],[0,-3],[1,0],[1,-3],[-1,-2],[0,-1],[-1,0],[1,-1],[-1,-2],[0,-2],[-1,-2],[0,-2],[1,-1],[0,1],[1,-2],[-1,-1],[0,-2],[1,-1],[0,-3],[-1,-1],[0,-2],[1,0],[-1,-1],[0,-5],[1,-1],[0,-6],[-1,0],[0,-7],[1,-2],[-1,-1],[0,-2],[-1,-1],[0,-2],[-1,-1],[0,-2],[-1,-1],[0,-3],[-1,-1],[0,-4],[-1,1],[0,-3],[-1,0],[0,1],[-1,-1],[-1,0],[-1,-1],[0,-3],[-1,1],[0,1],[-1,-1],[0,-4],[-1,0],[0,-1],[2,0],[0,-1],[-1,-2],[1,-1],[0,-3],[-1,-1],[0,1],[-1,-1],[-1,1],[0,2],[-1,2],[1,0],[-1,2],[0,-3],[-1,-1],[1,-1],[0,-2],[-1,1],[0,-2],[-1,0],[0,-5],[-2,-2],[-1,1],[0,-1],[-1,-1],[0,-1],[-1,0],[0,-1],[-1,-1],[0,-2],[-4,0],[0,0],[-1,0],[-1,1],[0,1],[-1,2],[0,-2],[-1,0],[0,-2],[-1,0],[-1,2],[-1,0],[0,3],[-1,2],[0,6],[1,2],[0,6],[-1,-1],[0,-1],[-1,1],[0,2],[-2,2],[0,1],[-4,0],[-1,2],[-1,-2],[-1,2],[-1,3],[0,1],[-2,2],[-1,0],[-1,-1],[-3,0],[0,4],[1,4],[1,0],[0,22],[1,7],[-1,1],[0,19],[-1,1],[0,2],[-1,3],[1,3],[0,1],[-1,1],[0,3],[-1,1],[0,13],[1,3],[0,7],[1,1],[0,3],[-1,2],[0,13],[-1,1],[-1,0],[0,4],[1,2],[1,1],[0,4],[-1,-2],[0,-2],[-1,0],[-1,2],[0,-6],[-1,-4],[1,-1],[1,0],[0,-2],[1,-1],[0,-18],[-1,1],[0,-8],[-1,-1],[0,-1],[-1,-2],[-1,1],[-1,0],[0,-2],[1,-2],[1,0],[1,1],[1,0],[1,-2],[-1,-2],[1,-2],[0,-8],[-1,-7],[0,-3],[-1,-4],[0,-8],[1,-1],[0,-1],[1,-2],[0,-4],[-1,-1],[0,-2],[-1,-2],[0,-4],[-1,-1],[-1,0],[0,1],[-1,0],[-1,1],[-1,0],[0,1],[-1,2],[0,-2],[-2,0],[0,3],[-1,1],[0,-1],[-1,-1],[-1,1],[-1,0],[0,-1],[-2,-1],[-1,-2],[-1,0],[0,-1],[-2,-2],[-1,-2],[-1,0],[0,6],[-1,-1],[-1,0],[0,0],[-1,-1],[-1,1],[-1,2],[0,4],[1,1],[0,-2],[1,0],[0,5],[-1,0],[-1,1],[0,6],[-1,1],[0,2],[-1,-1],[0,-3],[1,-1],[0,-7],[-2,0],[0,1],[-1,-1],[0,-3],[1,1],[1,-1],[0,-2],[1,-1],[0,-3],[1,-2],[1,-3],[1,-1],[1,0],[1,2],[0,-2],[-1,-1],[1,-7],[1,-1],[0,-1],[1,-1],[8,0],[2,2],[0,1],[1,2],[0,2],[1,0],[1,-1],[0,-23],[1,-2],[0,-3],[-1,-1],[0,-3],[-1,-2],[0,-6],[-1,-2],[0,-1],[-1,-1],[0,-1],[-2,-2],[-1,0],[0,-1],[-1,-2],[0,-3],[-1,-2],[1,0],[1,-1],[-1,-2],[-3,-3],[0,1],[-1,1],[0,1],[1,0],[1,1],[-3,0],[0,-6],[-2,0],[0,-3],[-1,-2],[1,-1],[-1,0],[0,-1],[-2,0],[0,3],[-2,0],[-1,-1],[-2,-1],[-1,0],[-1,-1],[-1,0],[0,1],[-1,-2],[-1,-1],[0,-7],[-1,-1],[0,-4],[-2,0],[-1,-1],[0,-3],[-1,-2],[0,-2],[-1,1],[0,4],[1,3],[0,2],[1,1],[0,2],[1,2],[0,4],[-1,-3],[0,-2],[-1,-3],[-1,-2],[0,-3],[-1,-2],[0,-4],[1,-1],[0,-3],[1,-2],[2,-1],[1,-1],[0,-2],[-1,1],[-2,1],[-1,-1],[0,-6],[-1,-2],[0,-1],[-1,1],[0,2],[1,1],[0,1],[-1,1],[0,-4],[-1,-1],[0,-3],[1,-1],[0,-3],[-1,0],[0,3],[-1,-2],[1,-1],[0,-2],[-1,1],[1,-3],[0,-5],[-1,-1],[0,-1],[-1,-2],[0,-2],[-1,-1],[0,-5],[-1,-1],[1,-1],[0,-1],[-1,-1],[0,0],[-1,0],[0,-2],[-2,2],[0,-7],[-1,1],[-1,-1],[-2,0],[1,-2],[0,-1],[1,-1],[0,-2],[-2,-2],[-1,-2],[0,1],[-1,2],[0,-5],[-1,-1],[0,-1],[1,0],[1,-1],[0,-2],[1,-3],[-1,-3],[0,-1],[-1,1],[0,-7],[-1,-3],[0,-2],[-1,0],[0,-4],[-1,-1],[0,-5],[-1,-2],[0,-3],[-1,0],[0,-1],[-1,0],[-1,-2],[0,-2],[-1,0],[0,-1],[-1,-1],[-1,1],[-1,0],[-1,-1],[0,-1],[-1,-1],[0,-1],[-2,0],[0,-1],[-1,1],[0,-5],[-2,0],[0,-2],[-1,0],[-1,1],[1,2],[0,1],[-1,-1],[0,-1],[-1,0],[0,3],[1,4],[-1,1],[0,-1],[-1,0],[-1,2],[-1,1],[-1,2],[-2,14],[0,3],[-1,-1],[1,-1],[0,-3],[1,-10],[1,-6],[0,-3],[-1,0],[0,-2],[1,-3],[0,-20],[-1,0],[0,-3],[-1,-3],[0,-1],[-2,-2],[-1,0],[0,-3],[-1,-1],[-1,0],[0,-1],[-1,1],[-1,-1],[0,-1],[-1,-2],[-1,1],[0,1],[-1,-2],[-1,-1],[0,-1],[-1,-3],[0,-1],[-1,1],[0,-3],[-1,-1],[0,-1],[-1,-3],[0,-2],[-1,1],[0,3],[-2,0],[0,-3],[-1,0],[0,1],[-1,0],[-2,1],[-1,0],[-3,3],[-1,0],[0,3],[-1,2],[1,3],[0,2],[-1,-1],[-2,-1],[-2,-2],[-1,0],[0,1],[-1,3],[0,1],[-1,0],[0,5],[-1,-1],[0,-8],[-2,0],[0,-11],[-1,-2],[0,-2],[-1,1],[-1,-1],[-2,-6],[-5,-5],[0,-1],[1,-1],[-1,-1],[0,1],[-2,-2],[-1,0],[0,-1],[-1,-2],[-1,-1],[-1,2],[-1,0],[0,-1],[1,-1],[0,-10],[-1,-2],[0,-2],[-1,-1],[-1,-2],[-1,0],[0,-1],[-1,-4],[0,-5],[-1,-1],[0,-4],[-1,-2],[-1,-3],[0,-4],[-1,-1],[0,-2],[2,0],[0,1],[1,1],[0,-5],[-1,-2],[0,-1],[-1,-2],[-1,1],[-1,0],[1,-3],[1,-2],[1,0],[1,-2],[0,-2],[1,0],[0,-3],[1,-1],[2,0],[1,-3],[0,0],[1,0],[1,-1],[0,-1],[1,0],[1,-1],[1,-3],[1,-1],[0,-15],[1,-2],[0,-2],[-2,-2],[-2,0],[0,-4],[1,-1],[1,0],[0,-3],[-1,0],[0,-3],[-1,0],[0,-1],[1,-1],[0,-2],[-1,-1],[0,-2],[1,1],[1,-2],[0,-1],[1,-1],[0,-4],[-1,-2],[0,1],[-1,-1],[0,-1],[1,0],[0,-5],[-2,0],[0,1],[-1,0],[0,-1],[-1,-2],[1,0],[0,1],[3,0],[0,-2],[-1,-1],[-1,-2],[0,-2],[-1,0],[-1,-2],[0,2],[-1,1],[0,-6],[-1,0],[0,1],[-1,0],[-1,1],[0,2],[-1,2],[0,-2],[1,-1],[-1,-2],[-2,0],[0,-1],[1,-1],[0,-2],[-1,-1],[0,-1],[-1,0],[-1,-3],[0,-2],[-1,0],[0,1],[-1,0],[-2,2],[0,1],[-1,0],[0,-3],[1,-2],[2,-2],[0,-1],[-2,1],[0,-1],[1,-1],[0,-1],[-2,0],[0,-3],[-1,-1],[0,-2],[1,-2],[0,-5],[-1,-2],[-1,1],[-1,-1],[0,-2],[1,-1],[0,-1],[1,-2],[0,-2],[-2,-6],[0,-1],[-1,0],[1,-1],[-1,-2],[-1,-1],[0,-1],[1,-1],[0,-12],[-1,-2],[-1,-1],[-1,0],[0,-3],[1,0],[0,-5],[-1,0],[-1,-1],[0,-5],[1,-1],[0,-3],[-1,-4],[0,-1],[-1,-1],[0,-3],[1,-1],[1,0],[0,-4],[-1,0],[1,-1],[0,-2],[-1,-1],[0,-2],[1,-1],[1,-2],[1,-5],[0,-6],[1,-3],[0,-34],[-2,-8]],[[2280,92920],[1,-3],[0,-2],[1,-1],[-1,-2],[0,-10],[-1,-4],[0,-3],[1,-2],[-1,-1],[0,1],[-1,0],[0,-2],[-1,-2],[-1,-1],[0,-9],[-1,-3],[0,-2],[-1,0],[0,2],[-2,-1],[-1,-2],[0,-4],[-1,-1],[-2,-4],[-2,-2],[-3,0],[-1,-2],[-2,-6],[-1,-2],[-2,-2],[-2,0],[-1,-1],[-2,1],[-2,2],[-1,0],[0,-1],[-1,-1],[-1,2],[0,1],[-1,-2],[0,0],[-1,3],[-1,0],[-1,-1],[0,-3],[1,-2],[-4,-4],[-2,0],[-1,1],[-2,0],[-1,2],[-2,2],[-1,0],[-1,1],[-2,6],[0,7],[-1,0],[0,6],[1,4],[1,2],[-1,1],[0,3],[1,1],[-1,3],[1,2],[0,2],[1,1],[0,3],[-1,0],[0,2],[1,1],[0,4],[-1,1],[0,2],[1,1],[0,1],[1,2],[0,2],[-2,0],[0,2],[-1,1],[1,1],[-1,2],[0,4],[-1,4],[0,13],[-1,0],[0,1],[-1,1],[0,3],[1,2],[0,9],[-1,2],[-1,4],[1,5],[0,2],[-1,2],[0,5],[1,5],[0,3],[1,1],[-1,2],[2,2],[0,14],[-1,3],[0,4],[-1,0],[0,2],[2,0],[-1,1],[0,9],[1,1],[0,5],[1,0],[0,6],[1,2],[0,1],[1,2],[1,3],[0,5]],[[2257,93056],[0,-14],[-1,-6],[0,-25],[-1,-5],[0,-4],[-1,-7],[0,-7],[1,-5],[0,-36],[11,-14],[7,-11],[7,-2]],[[2296,93462],[5,-38],[-3,-6],[0,-3],[-3,-18],[-1,-4],[-1,-7],[-1,-8],[-2,-6],[-1,-7],[-4,-18],[0,-6],[1,-5],[2,-5],[2,-3],[2,-2],[1,-3],[1,-8],[1,-5],[3,-4],[0,-1],[1,-2],[0,-2],[-1,-6],[-3,-11],[-4,-14],[-1,-6],[-1,-5],[-1,-7],[-1,-11],[-4,-23],[-1,-4],[-1,-3],[-2,-3],[-1,-2],[0,-4],[-1,-8],[-1,-10],[-1,-8],[0,-12],[1,-8],[0,-8],[1,-5],[0,-20],[-3,-13],[-1,-2],[-5,-8],[-6,-8],[-1,-5],[-3,-13],[0,-9],[-1,-9]],[[2257,93056],[-3,-1],[-5,-3],[-3,-8],[-3,-3],[-10,1],[-1,-1]],[[2232,93041],[0,3],[-1,1],[0,8],[-1,0],[0,3],[1,1],[0,1],[-1,2],[2,2],[-1,1],[0,3],[3,3],[1,2],[0,2],[-1,1],[-1,-1],[0,5],[1,4],[0,1],[1,0],[1,1],[0,1],[-1,2],[1,0],[0,5],[-1,1],[0,7],[1,2],[1,1],[0,5],[-1,0],[0,1],[-1,1],[1,7],[0,5],[1,4],[0,1],[-1,1],[1,5],[0,6],[1,3],[0,1],[-1,3],[2,2],[0,4],[1,0],[0,1],[1,1],[-1,3],[1,1],[1,2],[0,2],[3,3],[1,2],[2,-2],[0,3],[-1,0],[-1,1],[0,5],[1,3],[1,0],[0,5],[1,1],[1,-1],[0,3],[1,1],[0,4],[-1,3],[0,6],[1,0],[1,-1],[0,2],[-1,1],[0,7],[1,0],[0,3],[-1,1],[1,1],[0,9],[1,0],[0,1],[-2,3],[-1,1],[0,3],[1,0],[1,-1],[0,3],[-1,1],[0,1],[-1,3],[1,1],[1,0],[3,-3],[0,3],[-1,0],[0,2],[1,0],[0,4],[-1,0],[0,-1],[-1,2],[1,2],[0,4],[1,0],[1,-1],[0,5],[1,1],[0,-5],[1,1],[-1,2],[0,1],[1,0],[0,-1],[1,-1],[0,1],[1,-1],[1,0],[2,-2],[3,0],[0,1],[-1,0],[-1,1],[0,1],[-1,0],[-1,-1],[-1,1],[-1,0],[0,1],[-1,2],[1,2],[0,1],[1,3],[0,4],[1,2],[1,3],[0,7],[1,3],[1,0],[-1,2],[0,15],[1,0],[0,8],[-1,1],[0,1],[1,0],[1,2],[0,1],[-1,0],[-1,2],[0,7],[1,1],[2,-1],[1,0],[1,1],[0,6],[2,2],[0,1],[-1,0],[0,-1],[-1,-1],[0,7],[-1,-2],[0,1],[-1,2],[0,3],[1,0],[0,-1],[1,-1],[0,1],[-1,2],[0,2],[-1,0],[0,2],[-1,1],[0,1],[-1,0],[-1,2],[0,4],[-1,2],[0,5],[1,1],[0,2],[1,1],[-1,0],[0,1],[-1,-3],[0,-1],[-1,0],[0,0],[-1,0],[0,3],[-1,0],[0,1],[-1,1],[0,2],[1,2],[0,1],[-1,-1],[0,1],[-2,0],[0,-1],[-1,1],[0,2],[-1,1],[0,2],[-1,2],[0,2],[-1,-1],[-1,1],[-1,3],[-1,2],[0,3],[-1,2],[1,3],[0,3],[2,1],[0,2],[1,2],[0,1],[1,1],[1,-1],[0,3],[-1,0],[-1,-1],[0,3],[2,2],[0,9],[-2,6],[0,2],[1,1],[-1,2],[1,1]],[[2605,94230],[3,0],[1,2],[1,0],[1,-6],[2,-2],[2,2],[0,2],[2,2],[1,2],[0,13],[2,6],[4,6],[1,4],[1,2],[1,4],[1,3],[0,3],[2,4],[0,3],[1,4],[0,6],[1,2],[1,1],[1,0],[0,3],[1,1],[0,1],[1,1],[0,3],[1,1],[0,0],[1,1],[1,4],[2,6],[1,2],[0,2],[1,1],[0,1],[1,1],[0,9],[-1,4],[0,3],[1,-1],[1,0],[1,1],[1,2],[0,4],[1,1],[0,2],[1,2],[0,1],[2,2],[1,2],[1,1],[0,1],[3,0],[1,-1],[1,-4],[2,-3],[1,-1],[1,1],[0,3],[1,-1],[1,0],[-1,-2],[0,-1],[1,0],[1,2],[1,-1],[0,-3],[-1,-2],[0,-1],[1,-1],[2,-3],[0,-2],[1,-3],[0,-9],[1,-4],[0,-3],[-2,0],[0,-2],[1,1],[1,0],[0,-2],[1,-2],[-1,-3],[0,-4],[2,-4],[0,-2],[-1,-1],[0,-3],[1,-2],[0,-1],[1,-6],[0,-1],[1,-1],[0,-2],[1,-2],[0,-3],[2,-2],[-1,-2],[1,-1],[0,-4],[1,-2],[0,-7],[1,-1],[0,-2],[-1,-1],[0,-1],[1,-1],[0,0],[1,-1],[0,-1],[1,-2],[1,-1],[0,-1],[1,-2],[1,-1],[0,-3],[1,-1],[0,-12],[1,-1],[-1,-4],[0,-1],[-1,-1],[0,-5],[1,-5],[0,-6],[-1,-3],[0,-2],[1,-4],[0,-4],[-1,-1],[0,-1],[-1,0],[-1,-3],[-1,-2],[-1,-1],[-2,2],[-2,0],[-1,-1],[-1,0],[0,-1],[1,-2],[0,-2],[-1,-1],[1,-2],[0,-6],[1,-1],[0,1],[1,-1],[0,-1],[-2,-4],[0,-2],[-1,-3],[-1,-1],[0,-1],[-1,0],[0,-3],[1,0],[0,1],[1,3],[1,2],[1,3],[1,1],[0,1],[1,0],[0,-1],[1,-1],[0,-3],[2,0],[1,-1],[5,5],[0,1],[1,1],[2,-4],[0,-9],[1,-4],[0,-13],[-1,-3],[-1,-1],[0,-6],[-1,-1],[0,-5],[1,-1],[0,-3],[-1,-1],[0,-5],[-3,-3],[0,-5],[1,-2],[0,1],[1,-1],[-1,-2],[0,-5],[-1,-1],[1,-2],[0,-8],[-1,0],[0,6],[-1,-1],[-1,-2],[-1,0],[-1,1],[0,-1],[-1,1],[-1,2],[-1,-1],[0,1],[-2,4],[-1,1],[-1,-1],[0,-1],[1,-1],[0,-7],[-1,-1],[0,-2],[1,-1],[-1,-3],[0,-1],[-1,0],[-1,-2],[0,-3],[-1,-2],[0,-4],[-1,-2],[0,-3],[-1,-2],[0,-2],[-1,-1],[0,-1],[-2,1],[-1,0],[-1,-1],[1,-1],[1,-3],[1,-1],[3,3],[0,2],[1,1],[1,0],[-1,1],[0,5],[1,0],[2,-2],[0,-4],[-1,-1],[-1,1],[0,-1],[1,0],[1,1],[1,0],[0,2],[1,1],[1,-1],[0,-2],[-1,-2],[0,-5],[-1,-3],[-1,-2],[-1,-4],[0,-4],[1,2],[1,1],[1,-2],[0,6],[1,0],[0,1],[1,-2],[2,0],[0,5],[1,1],[1,-1],[0,-1],[1,0],[-1,1],[0,2],[1,0],[-1,1],[0,2],[-2,2],[0,2],[1,2],[0,9],[1,2],[0,1],[1,0],[0,0],[1,0],[1,-2],[0,1],[1,1],[0,-1],[1,-1],[0,-1],[1,-1],[1,1],[1,0],[-1,1],[-1,2],[0,3],[1,1],[1,-1],[0,-1],[1,0],[0,1],[-1,2],[-3,0],[0,5],[1,2],[1,1],[0,2],[1,5],[0,7],[2,6],[1,0],[1,2],[0,-2],[1,0],[0,2],[1,0],[1,1],[0,2],[1,1],[1,2],[1,-1],[1,0],[0,-2],[2,0],[0,1],[1,0],[0,-1],[1,2],[1,0],[1,-1],[2,3],[1,0],[1,3],[2,4],[2,1],[2,-1],[0,3],[1,3],[1,1],[2,0],[2,2],[0,6],[1,0],[0,4],[1,1],[1,0],[0,1],[1,1],[0,3],[1,-1],[1,1],[0,2],[1,2],[0,6],[1,3],[0,1],[1,0],[0,16],[1,5],[0,2],[1,3],[0,5],[1,0],[1,2],[1,0],[0,2],[1,2],[1,3],[2,4],[1,-2],[0,5],[2,1],[0,1],[1,1],[1,2],[0,4],[1,0],[1,2],[1,3],[2,4],[1,1],[1,0],[3,-2],[2,0],[1,-1],[2,-1],[1,-2],[3,3],[3,0],[1,-1],[0,-6],[1,-2],[0,-3],[1,1],[1,-1],[1,-2],[0,-5],[1,-3],[1,-2],[0,-5],[1,-1],[1,0],[0,-1],[1,-2],[0,-7],[-1,0],[0,-2],[1,0],[0,-6],[-1,-2],[2,2],[0,-1],[-1,-5],[0,-3],[1,0],[1,-2],[-2,-4],[-1,-3],[0,-6],[1,-2],[-1,-3],[0,-4],[-1,-2],[0,-15],[-1,-2],[0,-2],[-1,-2],[0,-5],[-1,-2],[0,-2],[-1,-4],[0,-8],[-2,-6],[0,-4],[-1,-4],[-1,-2],[-2,-6],[0,-2],[-1,-2],[-1,-3],[0,-2],[-1,-3],[-1,1],[-2,0],[0,-3],[-1,-1],[0,-2],[-1,-3],[0,-1],[-1,-1],[-1,0],[0,-2],[1,-1],[0,-5],[-1,-2],[-1,0],[0,2],[-1,0],[1,-2],[1,-1],[0,-3],[-1,-2],[0,-1],[-1,1],[-1,0],[-1,-1],[0,-1],[1,0],[0,1],[1,0],[1,-2],[0,-2],[-1,-2],[3,-3],[-1,-2],[-1,1],[-1,0],[0,1],[-1,-1],[0,-2],[-1,1],[0,-7],[-1,-2],[-1,-1],[0,-1],[1,0],[0,-2],[-1,-1],[0,-2],[-1,-2],[1,-1],[1,-2],[0,-2],[-1,0],[0,-6],[1,0],[0,-3],[-2,0],[0,-1],[-1,-1],[0,-1],[-1,-2],[0,-1],[-2,1],[0,-7],[1,-2],[0,-1],[1,-4],[0,-1],[-1,-1],[1,-4],[1,1],[-1,-2],[0,-1],[2,0],[0,-3],[1,0],[1,-1],[-2,-2],[0,-3],[-1,-2],[1,1],[1,-2],[-1,-1],[0,-5],[1,0],[0,1],[1,0],[0,-2],[-1,0],[-1,-1],[0,-4],[-1,-3],[1,-1],[0,-1],[2,0],[0,-2],[-1,0],[-1,1],[-1,0],[0,-4],[1,-2],[-1,-2],[0,-23],[1,0],[0,-2],[1,-2],[-1,-2],[0,-11],[-2,-6],[0,-4],[-1,0],[-1,-1],[-2,0],[0,-1],[-1,-2],[0,-5],[-1,-1],[-1,1],[-1,0],[0,1],[-1,-1],[-1,-2],[0,-2],[-1,-3],[1,-3],[0,-4],[1,0],[-1,-2],[-1,2],[0,3],[-1,1],[-1,-1],[0,-2],[1,-2],[-1,-1],[-1,1],[-1,0],[0,-3],[-1,-2],[0,-4],[-1,1],[-1,-1],[1,-3],[1,-1],[-1,-3],[0,-2],[-2,-4],[0,-6],[-1,-2],[-2,-6],[0,-4],[-1,-2],[0,-3],[-1,2],[-2,-6],[0,-1],[-2,-2],[-2,-4],[-1,-1],[0,-2],[-1,-1],[0,-2],[-1,-1],[0,-2],[-1,-1],[0,-1],[-1,0],[0,-2],[-1,-1],[-1,-2],[0,-2],[-2,0],[0,-2],[-1,-1],[-1,0],[0,-1],[-1,-1],[-1,0],[-2,-2],[-1,-3],[0,-3],[-1,-3],[0,-2],[-1,-1],[0,-1],[-1,-1],[-1,3],[0,1],[-1,0],[0,-4],[-1,-1],[-1,1],[0,-5],[-1,-1],[0,-2],[1,1],[0,-4],[-1,0],[0,-1],[-2,-2],[0,-1],[-2,0],[-1,2],[0,3],[-1,1],[0,4],[-1,2],[0,2],[-1,2],[1,2],[-1,1],[1,4],[0,4],[1,2],[0,7],[1,1],[0,1],[-3,0],[0,1],[3,0],[-1,1],[0,2],[1,0],[0,2],[-1,-1],[0,6],[1,1],[-1,1],[0,4],[-1,1],[0,6],[-1,2],[0,1],[-1,2],[0,20],[-1,2],[0,1],[1,2],[0,15],[1,1],[0,4],[1,2],[0,6],[1,1],[0,1],[1,1],[0,1],[1,1],[0,3],[1,1],[0,2],[1,1],[1,0],[-1,1],[0,4],[1,0],[0,4],[2,0],[-2,4],[0,5],[1,2],[0,1],[1,0],[0,1],[1,0],[0,1],[-2,0],[0,1]],[[2709,94639],[1,-2],[0,-5],[1,-4],[0,-3],[1,-5],[0,-2],[-1,-2],[0,-7],[-1,-1],[0,-3],[-1,-1],[0,-31],[1,-8],[0,-7],[-1,-1],[0,-5],[-1,-4],[-1,-5],[0,-7],[1,-4],[-1,-9],[0,-33],[-1,-6],[1,-2],[0,-2],[-1,-2],[0,-3],[-1,0],[-1,-2],[0,-7],[-1,-4],[0,-1],[-2,0],[-1,-2],[-1,-3],[-1,-1],[-1,0],[-1,-3],[-1,-1],[0,-3],[-1,-1],[0,-11],[-1,-2],[-1,0],[0,-2],[1,-2],[-1,-3],[0,-2],[-1,2],[-1,0],[0,-1],[-2,-6],[0,-7],[-1,-2],[0,-5],[-1,-2],[0,-2],[-1,0],[0,-4],[-1,0],[0,-7],[-1,0],[0,-5],[-1,0],[1,-1],[0,-12],[-1,0],[0,-3],[-1,-1],[0,-12],[1,-3],[0,-1],[-1,-3],[0,-5],[-1,-4],[0,-1],[-1,-1],[1,-1],[-1,-3],[-2,-2],[-1,1],[0,2],[-1,2],[-2,2],[-1,2],[0,4],[-1,6],[0,7],[-1,2],[0,2],[-1,4],[-1,1],[0,6],[-1,0],[0,3],[-1,2],[0,1],[-1,2],[0,13],[-1,1],[-1,4],[0,5],[-1,1],[0,4],[1,0],[0,5],[1,0],[0,3],[1,1],[0,1],[1,0],[0,7],[1,2],[0,5],[-1,2],[0,9],[1,1],[0,1],[-1,4],[0,1],[1,-4],[1,1],[0,3],[1,1],[0,1],[1,2],[1,0],[0,2],[-2,4],[0,3],[1,2],[0,3],[1,1],[-1,1],[-1,2],[0,-7],[-1,-1],[0,-1],[-1,-1],[0,-1],[-2,-2],[0,-1],[-1,-1],[0,-1],[1,-3],[-1,-1],[0,3],[-1,-1],[0,2],[-1,0],[0,-9],[-1,0],[0,1],[-1,1],[-1,3],[-1,4],[-2,4],[-1,1],[-2,0],[-1,1],[-1,2],[0,1],[-1,-1],[0,1],[-1,0],[-2,-2],[0,-1],[2,-2],[0,-1],[5,0],[2,-1],[0,-1],[1,-2],[1,-1],[1,-3],[0,-2],[1,-1],[2,-4],[0,-2],[2,-2],[0,-5],[-2,-4],[-1,-3],[0,-5],[-2,-2],[-1,0],[-1,-3],[-1,-2],[-1,0],[0,-5],[-1,-2],[-1,0],[0,-3],[1,0],[0,-5],[1,-3],[0,-4],[1,-1],[0,-6],[-1,-6],[0,-2],[-2,-2],[0,-1],[-3,0],[-1,-1],[0,-2],[-1,0],[-1,-1],[0,-2],[1,-1],[0,-1],[-1,-1],[-1,-2],[0,-1],[-1,0],[0,-1],[-1,0],[-1,-2],[-1,-1],[0,-11],[-1,-3],[-2,-4],[-1,-3],[-1,-2],[0,-3],[-1,-3],[0,-4],[-1,0],[0,-7],[1,-2],[0,-1],[-1,-1],[0,-4],[-1,-1],[1,-2],[0,-1],[2,-4],[-1,-2],[0,-1],[-2,4],[0,3],[-1,-1],[0,-3],[-1,-3],[-1,0],[0,-1],[-1,-2],[-4,-4],[0,-1],[-1,0],[-1,-2],[-1,-1],[0,-3],[-1,-3],[0,-2],[-1,-1],[-2,-4],[0,-3],[-2,-4],[0,-8],[-1,-2],[-1,-3],[0,-12],[-2,-2],[-1,-2],[-2,0],[-2,2],[-3,0],[-1,1],[0,-1],[-1,-1],[-1,0],[-2,2],[0,1],[-2,4],[-3,3],[0,1],[-1,5],[0,4],[-1,2],[-1,0],[-1,-1],[0,1],[-1,2],[0,1],[-2,1],[-1,1],[-1,2],[-1,1],[0,1],[-1,3],[-1,6],[0,4],[-1,3],[0,14],[-1,2],[1,2],[0,11],[1,4],[0,2],[2,1],[1,2],[1,4],[1,2],[1,3],[1,1],[0,5],[1,3],[1,1],[0,6],[2,2],[-3,0],[-1,-1],[-2,4],[0,6],[-1,6],[0,4],[-2,4],[0,3],[-1,1],[0,1],[-1,2],[-1,4],[0,21],[1,1],[0,3],[1,2],[0,1],[2,14],[1,6],[2,5],[1,2],[6,8],[0,1],[1,0],[0,5],[1,2],[1,1],[1,-1],[0,4],[1,0],[0,4],[1,3],[1,2],[-1,2],[0,3],[-1,4],[0,14],[2,2],[2,0],[0,1],[2,0],[0,-1],[1,0],[0,2],[2,2],[0,2],[1,3],[0,2],[1,3],[0,2],[1,0],[0,2],[1,2],[0,20],[2,2],[1,2],[0,2],[1,1],[0,3],[1,3],[0,6],[1,1],[0,1],[1,2],[0,3],[1,0],[-1,2],[0,3],[1,1],[-2,2],[0,8],[2,6],[0,2],[1,3],[0,5],[1,2],[1,3],[0,3],[1,1],[0,1],[1,1],[0,2],[1,1],[1,0],[0,2],[1,2],[1,1],[0,1],[1,0],[0,5],[1,1],[0,1],[5,10],[0,5],[1,1],[1,0],[0,13],[-2,0],[0,11],[1,0],[1,-1],[0,1],[-1,2],[0,3],[1,0],[0,2],[1,1],[0,1],[-1,2],[1,2],[0,1],[1,3],[0,4],[1,2],[0,6],[1,3],[2,5],[4,12],[2,5],[0,4],[1,5],[1,8],[1,4],[0,1],[1,2],[4,2],[2,2],[1,2],[0,4],[1,2],[2,2],[4,1],[2,4],[0,2],[3,0],[1,1],[1,0],[1,-2],[1,-1],[0,1],[1,0],[0,2],[1,-1],[1,0],[1,1],[0,3],[1,0],[0,-2],[1,2],[0,1],[1,0],[0,-1],[1,-3],[2,0],[0,-2],[2,-3],[0,-1],[1,-2],[4,4],[0,2],[1,-1],[0,-3],[-1,0],[0,-10],[-1,-3],[0,-2],[1,-3],[-1,-2],[1,-4],[0,-4],[1,-5],[1,-2],[0,-1],[2,-18],[0,-2],[2,2],[0,-1],[-2,-2],[0,-3],[2,-10],[2,-16],[1,-4],[1,0],[0,-6],[1,-3],[0,-1],[1,-1],[1,0],[0,-6],[1,-6],[0,-3],[-1,-2],[0,-1]],[[46757,72995],[2,-3],[1,-9],[4,-45],[-1,-5],[-3,0],[-5,-6],[-3,-5],[-5,-20],[-8,-22],[-2,-3],[-2,4],[-3,1],[-1,2],[-1,3],[1,4],[1,11],[-1,3],[-1,6],[0,9],[1,11],[3,21],[6,29],[2,8],[3,4],[2,1],[7,2],[3,-1]],[[46671,71865],[5,6],[3,5],[2,0],[3,-3],[1,-3],[3,-7],[1,-3],[4,-9],[3,-7],[2,-1],[2,-3],[3,0],[5,-6],[0,-2],[-2,-1],[-3,3],[-5,1],[-7,0],[-2,-2],[-4,0],[-4,-6],[-4,0],[-3,1],[-4,4],[0,2],[-3,3],[-1,4],[1,7],[1,6],[2,6],[1,5]],[[49461,87796],[3,7],[3,5],[6,4],[6,3],[12,0],[3,1],[3,-1],[2,-2],[1,-3],[0,-11],[-2,-4],[-1,-7],[-1,-3],[-2,-5],[-2,-2],[-1,-3],[-3,-6],[-6,-4],[-2,-1],[-2,-3],[-2,-2],[-2,1],[-3,4],[-2,5],[-3,4],[-3,3],[-2,5],[-1,4],[0,6],[1,5]],[[50107,85756],[1,3],[1,1],[7,2],[4,1],[2,0],[2,-2],[3,-1],[3,-2],[3,-5],[2,-5],[1,-4],[0,-4],[-2,-5],[-1,-3],[-1,-6],[0,-3],[-2,-2],[-2,-1],[-3,1],[-1,-1],[-1,2],[-2,0],[-6,8],[-2,-1],[-1,0],[-1,3],[-1,4],[-2,3],[-1,3],[0,14]],[[50294,85301],[2,-4],[2,-7],[7,-24],[1,-4],[2,1],[2,-4],[1,-6],[2,-8],[1,-18],[1,-12],[0,-12],[-2,-1],[-2,-4],[-3,0],[-1,2],[-1,9],[0,2],[-1,10],[0,4],[-2,11],[0,3],[-2,18],[-1,6],[-1,7],[-2,8],[-2,3],[-1,5],[0,15]],[[47758,83329],[1,-14],[2,-5],[0,-3],[1,-3],[2,-17],[3,-8],[2,-5],[2,-17],[2,-5],[2,-3],[0,-4],[-1,-12],[-1,-10],[-1,-5],[-2,-4],[-16,-5],[-4,5],[-7,18],[-5,18],[-1,16],[-1,14],[2,18],[0,30],[-3,20],[-4,27],[0,7],[1,10],[4,13],[9,25],[9,20],[8,21],[15,43],[10,23],[9,27],[4,17],[5,16],[3,8],[1,2],[1,3],[2,1],[1,0],[2,-3],[1,-2],[0,-7],[-4,-13],[-3,-15],[-5,-12],[-4,-18],[-4,-10],[-3,-1],[-4,-3],[-1,-19],[-3,-10],[-3,-9],[-7,-32],[-3,-9],[-2,-10],[-4,-18],[-2,-6],[-4,-11],[-2,-12],[-3,-15],[-1,-10],[1,-12],[0,-5],[3,-20]],[[50628,83242],[4,-5],[3,-7],[2,-9],[1,-10],[0,-14],[-2,-6],[-3,-1],[-6,1],[-4,2],[-10,10],[-3,5],[-1,3],[-1,6],[-2,4],[-1,5],[-2,9],[-2,12],[0,7],[1,0],[5,5],[5,-1],[4,-3],[6,-7],[6,-6]],[[55827,81704],[1,-3],[0,-14],[-2,-7],[-4,-7],[-1,-4],[-3,-3],[-2,0],[-2,1],[-4,4],[-3,5],[-2,3],[-1,2],[0,5],[-1,4],[0,13],[1,4],[0,3],[3,9],[3,1],[0,2],[1,0],[1,2],[1,0],[2,-3],[2,0],[0,3],[1,0],[0,-2],[2,-4],[3,-2],[5,-1],[-1,-4],[0,-7]],[[56424,83131],[4,-7],[4,-5],[3,0],[13,7],[7,-1],[4,-2],[4,-5],[2,-5],[1,-4],[0,-12],[-3,-3],[-4,-2],[-3,-6],[-11,-1],[-7,-5],[-5,2],[-4,-4],[-3,6],[-2,10],[-1,20],[-1,16],[2,1]],[[56472,83109],[-2,9],[0,4],[2,13],[0,14],[1,6],[7,9],[3,0],[7,11],[5,11],[3,4],[4,-1],[4,-4],[2,-6],[0,-8],[-1,-7],[-2,-2],[-5,-3],[-28,-50]],[[57726,83702],[5,-14],[5,-8],[5,-6],[3,-1],[3,1],[4,-1],[3,-1],[4,3],[0,5],[5,7],[4,-2],[1,-1],[5,-2],[4,-2],[4,-8],[0,-4],[-3,-6],[-4,-3],[-5,-5],[-14,-7],[-1,1],[-7,-1],[-4,3],[-2,4],[-6,7],[-7,7],[-4,7],[-1,10],[0,8],[3,9]],[[58148,84555],[-6,-11],[-5,0],[-5,-6],[-1,1],[-1,14],[2,11],[-1,14],[1,6],[2,-1],[1,7],[5,12],[2,10],[2,1],[4,-9],[3,-15],[0,-11],[-2,-18],[-1,-5]],[[58137,84603],[-3,14],[0,5],[1,7],[-1,9],[1,7],[-1,7],[1,2],[3,-2],[5,-3],[2,-7],[1,-7],[0,-4],[-2,-5],[-5,-13],[-2,-10]],[[63919,49421],[-1,36],[-2,15],[-4,6],[-5,11],[0,3],[7,11],[5,4],[3,-2],[5,0],[5,-6],[6,-19],[2,-44],[-1,-16],[-1,-8],[-1,-15],[-2,-21],[-3,-10],[-7,-22],[-8,-14],[-13,-11],[-9,-4],[-17,-1],[-13,2],[-9,2],[-9,0],[-7,10],[-1,7],[2,15],[1,1],[5,-9],[13,-13],[6,-4],[22,-1],[12,4],[8,14],[5,19],[3,21],[2,17],[1,13],[0,9]],[[63492,49439],[-1,13],[0,12],[1,26],[3,28],[3,6],[2,-11],[0,-7],[1,-11],[1,-14],[1,-6],[4,-9],[1,-10],[2,-10],[0,-4],[5,-23],[4,-15],[5,-27],[-6,1],[-10,9],[-3,6],[-2,9],[-3,6],[-4,12],[-4,19]],[[2525,94084],[-1,-2],[0,-1]],[[2524,94080],[-1,0],[0,-1]],[[2515,94172],[1,-4],[-1,-2],[0,-2],[-1,-1],[0,-4],[-1,-1],[0,-5],[-1,-4],[0,-1],[1,6],[1,0],[1,-2],[0,-4],[-1,-2],[0,-3],[-1,-2],[0,-2],[1,0],[0,4],[1,5],[0,5],[1,4],[0,1],[2,3],[1,1],[1,0],[0,-1],[2,0],[1,2],[2,2],[0,2],[2,2],[0,2],[1,3],[0,3],[1,2],[1,0],[1,1],[1,0],[0,-1],[1,0],[0,-2],[-1,-1],[0,-1],[2,-4],[0,4],[1,2],[0,1],[2,1],[0,3],[1,0],[1,1],[1,4],[0,2],[1,3],[3,6],[0,2],[1,2],[0,11],[1,6],[0,3],[1,0],[0,-1],[-1,-7],[0,-5],[1,0],[0,1],[2,2],[1,0],[1,2],[3,0],[0,9],[1,2],[1,1],[0,4],[1,3],[1,2],[2,3],[2,1],[0,1],[3,3],[0,2],[1,3],[0,3],[1,2],[2,-2],[1,-5],[2,-5],[0,-6],[2,-8],[1,-1],[2,0],[1,-2],[1,0],[2,-2],[0,-9],[1,-1],[0,-4],[1,-3],[0,-6],[1,-3],[0,-1],[1,-1],[0,-15],[-1,-2],[0,-2],[-1,-3],[-5,-5],[-2,-1],[-3,-3],[-1,-2],[0,-3],[-1,-2],[-1,-3],[-1,-2],[-2,-8],[-1,-6],[0,-5],[1,4],[0,1],[1,6],[1,5],[2,4],[1,4],[1,3],[2,3],[3,3],[2,1],[2,0],[0,2],[3,6],[2,5],[1,8],[0,3],[1,3],[1,8],[2,6],[1,4],[2,2],[2,1],[1,0],[0,2],[1,2],[2,9],[0,1],[1,0],[0,1],[2,1],[1,0]],[[2605,94230],[3,-67],[1,-18],[0,-18],[1,-8],[0,-14],[-1,-15],[0,-4],[3,-2],[1,-3],[1,-5],[0,-9],[1,-2],[0,-7],[-1,-1],[-1,-10],[0,-3],[4,-16],[0,-1],[1,-2],[-1,-8],[0,-7],[3,3],[4,1],[3,3],[4,-2],[2,1],[1,6],[1,4],[1,1],[1,-2],[3,-7],[1,0],[1,1],[2,0],[2,-2],[1,-2],[1,-1],[2,-4],[3,-3],[3,-9],[1,-6],[1,-5],[1,-6],[0,-11],[1,-4],[0,-3],[1,-3],[0,-5],[8,-11],[2,0],[3,1],[5,2],[3,0],[2,1],[3,1],[1,1],[3,1],[0,-1],[1,-10],[2,-5],[6,-10],[-2,-6],[0,-4],[-1,-3],[-1,-1],[-2,-1],[-1,-2],[0,-11]],[[2693,93897],[-1,-1],[0,-1],[-1,0],[0,1],[-1,0],[0,2],[-2,0],[-1,1],[-1,-2],[0,-1],[-1,0],[0,-1],[-1,-1],[0,-1],[-1,-1],[1,0],[0,-1],[-1,-1],[-1,-2],[0,-3],[-1,0],[0,-2],[-1,-1],[1,0],[0,-2],[-2,0],[0,3],[-1,0],[-1,-1],[-1,1],[0,-3],[1,-1],[0,-5],[1,0],[0,-6],[-1,0],[-1,-1],[1,0],[0,-3],[-1,-3],[0,-3],[1,-1],[-1,-3],[0,-3],[-2,0],[1,-1],[1,0],[0,-5],[1,-2],[0,-21],[-1,0],[0,-5],[1,-1],[-1,0],[0,-3],[1,-1],[0,-2],[2,-4],[0,-2],[-1,-1],[0,-7],[-1,-1],[0,-2],[-1,-1],[0,-2],[-1,-1],[1,-1],[0,-2],[-1,0],[0,2],[-1,2],[-1,-1],[0,-2],[-1,2],[0,6],[-2,2],[0,-7],[-1,1],[0,1],[-1,0],[0,1],[-1,2],[0,3],[-1,-1],[0,5],[-1,2],[0,1],[1,1],[-1,0],[0,4],[-1,0],[0,1],[-1,1],[0,8],[-2,0],[0,2],[-1,1],[0,7],[-1,0],[1,2],[-1,0],[-1,1],[0,3],[-1,0],[0,5],[-2,2],[0,1],[-2,2],[0,-1],[1,-4],[1,-1],[0,-3],[1,-1],[0,-3],[-1,0],[0,-1],[1,0],[0,-3],[-1,-2],[0,-9],[-1,0],[1,-1],[0,-2],[1,1],[0,1],[1,-1],[0,-4],[-1,-1],[0,-2],[-1,-1],[0,-2],[1,1],[0,1],[1,0],[1,-1],[0,-1],[1,-2],[0,-4],[1,-4],[1,-6],[0,-6],[2,0],[0,-4],[2,0],[1,-1],[0,-1],[2,-2],[1,0],[0,-1],[-2,0],[-2,2],[-2,1],[-1,0],[0,-1],[1,-1],[0,-1],[1,0],[4,-4],[1,-2],[0,-3],[1,-3],[0,-3],[1,-4],[0,-4],[1,1],[0,-8],[-1,-2],[0,-5],[1,1],[0,-6],[-1,-1],[0,2],[-1,0],[-1,-1],[-1,-2],[0,-4],[-1,-3],[-1,-2],[0,-1],[-1,-1],[0,-4],[-1,-3],[-1,-1],[0,-1],[-1,0],[1,-1],[-1,-2],[-1,-1],[-2,0],[1,-1],[-1,-1],[0,-2],[-1,0],[0,3],[-1,0],[0,-2],[1,-1],[0,-2],[-1,-2],[0,-3],[-1,-2],[-1,-1],[0,1],[-1,0],[0,-8],[-1,-2],[0,-3],[-1,0],[0,-3],[-1,-2],[-1,-1],[0,-7],[1,-2],[0,-1],[-1,-1],[0,-1],[-1,-2],[0,-6],[-1,-2],[-1,-1],[-1,0],[-1,1],[0,2],[-2,2],[0,-5],[-1,-2],[-1,1],[0,-1],[-1,0],[0,8],[-1,1],[0,2],[-1,0],[-1,3],[0,-1],[-1,-1],[0,2],[-1,1],[1,-2],[-1,-1],[0,-1],[-1,0],[-1,-1],[0,0],[-1,-1],[0,-1],[-1,0],[0,-3],[-2,-2],[0,1],[-1,2],[-1,1],[0,-7],[-1,-1],[-1,0],[0,1],[-1,2],[0,2],[-1,0],[0,-5],[-1,0],[-1,2],[-1,3],[0,2],[-1,0],[0,-6],[-1,0],[0,3],[-1,-1],[0,-3],[-1,1],[-1,-1],[-1,0],[0,1],[-1,1],[0,-1],[-1,0],[-1,1],[-1,-1],[0,-1],[-1,0],[0,-1],[-1,1],[0,0],[-1,0],[0,3],[-1,1],[0,-8],[-1,-1],[0,-2],[-2,-2],[0,-1],[-1,1],[-1,-1],[-1,-3],[-1,0],[0,2],[1,2],[0,2],[-1,-2],[-1,-1],[-1,0],[0,1],[-1,0],[-1,-1],[0,1],[-2,3],[-1,1],[-2,1],[-1,1],[-3,6],[0,3],[-2,0],[-1,2],[0,-1],[-2,-2],[0,1],[-1,1],[-1,-1],[-1,0],[-1,-1],[-1,0],[0,-2],[-1,1],[1,1],[-1,0],[-1,1],[0,10],[-1,1],[0,5],[1,4],[0,9],[-1,0],[0,-1],[-1,1],[0,0],[-1,-1],[0,6],[-1,1],[0,3],[-1,2],[0,3],[1,2],[-2,2],[-1,5],[0,13],[-1,1],[1,1],[0,4],[-2,1],[1,1],[1,-1],[0,11],[-1,1],[0,2],[1,1],[0,4],[1,1],[0,3],[2,4],[1,3],[0,2],[1,1],[2,0],[0,1],[-2,3],[0,1],[1,0],[0,13],[1,2],[0,1],[1,0],[0,1],[1,0],[0,3],[1,1],[1,0],[1,2],[2,2],[1,-2],[1,-1],[1,-4],[0,4],[-2,2],[0,1],[-1,2],[0,4],[-2,4],[0,1],[-1,-1],[0,7],[-1,2],[0,4],[-1,2],[-1,4],[0,5],[-1,1],[0,6],[1,0],[0,11],[1,1],[0,2],[1,2],[0,6],[1,2],[1,1],[0,10],[1,1],[0,1],[1,-1],[1,1],[0,2],[1,1],[-1,0],[0,7],[1,2],[0,2],[1,4],[0,2],[1,1],[1,0],[1,2],[-3,0],[-1,-1],[0,-2],[-1,-3],[0,-2],[-2,-2],[-3,0],[-1,1],[-1,2],[-1,1],[0,-3],[-1,-3],[0,-3],[-1,-1],[-1,0],[0,-1],[-1,-1],[0,-2],[-1,0],[-1,-1],[0,-12],[-1,-2],[0,-5],[-1,-1],[0,-8],[-1,-2],[-1,-1],[0,-3],[1,-1],[0,-1],[-1,-3],[1,-2],[0,-4],[-1,-2],[1,-3],[-1,-2],[0,-4],[-1,-2],[0,-1],[-2,-4],[-1,-3],[-1,-4],[-2,-3],[-2,-2],[-1,2],[-1,3],[-1,1],[0,2],[-1,1],[0,15],[-1,3],[0,13],[1,4],[0,1],[-1,3],[0,5],[-1,2],[0,3],[1,2],[0,1],[-1,2],[0,3],[1,5],[0,7],[1,2],[1,1],[1,2],[0,1],[1,0],[0,2],[1,2],[1,0],[0,2],[1,0],[0,1],[1,1],[1,0],[1,3],[0,1],[1,1],[0,12],[-1,-6],[-2,-2],[0,-3],[-2,0],[-2,2],[-1,0],[-2,-1],[0,-2],[-1,1],[-1,-2],[0,-1],[-1,0],[0,-1],[-1,1],[0,5],[1,4],[0,8],[-1,0],[-1,1],[-2,7],[-1,4],[0,10],[2,2],[1,2],[1,-1],[1,1],[1,2],[0,1],[1,0],[1,1],[2,0],[0,3],[1,0],[0,-1],[1,1],[0,1],[1,2],[-1,0],[-2,-2],[-1,0],[-1,-1],[-1,-2],[-1,0],[-1,1],[0,27],[1,2],[0,4],[1,0],[1,2],[0,7],[1,2],[1,3],[0,3],[1,1],[1,0],[0,4],[1,0],[1,-1],[2,-4],[1,-1],[0,1],[-1,2],[0,1],[-1,1],[-1,3],[-1,2],[2,4],[0,3],[-1,1],[0,2],[-1,2],[1,3],[0,3],[1,3],[0,3],[2,3],[1,1],[0,2],[1,3],[0,3],[1,2],[1,1],[0,6],[2,1],[1,0],[1,1],[0,1],[-1,1],[-1,0],[0,1],[-3,6],[0,9],[1,1],[0,3],[1,2],[0,6],[-2,0],[-3,3],[0,3],[1,5],[0,3],[1,0],[0,6],[1,2],[-1,5],[0,3],[1,3],[0,7],[0,0],[0,-2],[-1,-4],[0,-15],[-1,-2],[-1,-3],[-2,-2],[0,-5],[-1,-4],[2,-6],[0,-20],[-2,-1],[0,1],[-1,0],[-1,1],[-1,2],[0,6],[-1,0],[0,3],[-1,0],[-1,1],[0,1],[-2,2],[-1,2],[0,5],[-1,1],[0,1],[-1,0],[-1,1],[0,4],[-1,4],[0,3],[-1,2],[-1,0],[-2,3],[-2,2],[-1,0],[0,-1],[-2,-1],[0,1],[-1,0],[-1,2],[-1,0],[-1,-2],[-1,-1],[-1,0],[-2,-2],[-1,-2],[-1,1],[0,-2],[-1,0],[-2,2],[-1,0],[1,-1],[1,0],[0,-3],[2,0]],[[2407,93783],[-2,-10],[-2,-13],[-1,-4],[-1,-1],[-1,-2],[0,-4],[-1,-2],[0,-6],[1,-2],[0,-5],[1,-5],[-1,-4],[0,-6],[-1,-3],[0,-4],[-1,-1],[0,-9],[1,-7],[0,-3],[-1,-2],[-3,-4],[-2,-3],[-1,-3],[-1,-1],[-1,2],[-4,2],[-3,-1],[-3,0],[-7,-24],[-1,-16],[-1,-17],[-2,-12],[-9,-27],[-2,-4],[-1,-3],[-1,-2],[-1,-4],[-1,-5],[-1,-11],[-3,-7],[-2,-5],[-5,-10],[-5,-1],[-1,0],[-1,-3],[0,-4],[1,-7],[0,-4],[-2,-6],[-1,-6],[-1,-3],[-2,-3],[-2,-4],[-3,0],[-4,-4],[-2,-5],[-3,-3],[-5,0],[-3,-2],[-1,-3],[0,-2],[-3,0],[-1,2],[-1,3],[-2,-2],[-1,-2],[-3,-1],[0,-9],[-1,-4]],[[2296,93462],[-5,-4],[-9,-14],[-1,-3],[-1,-12],[-17,-4],[-9,5]],[[2254,93430],[0,3],[2,4],[0,3],[1,3],[-1,-2],[0,5],[1,1],[2,0],[1,2],[1,0],[0,-1],[1,0],[1,2],[1,3],[0,2],[-1,2],[0,3],[-1,3],[1,4],[1,2],[1,6],[2,4],[0,4],[2,2],[1,3],[0,1],[1,2],[0,1],[2,1],[1,1],[0,7],[1,1],[0,1],[1,2],[0,1],[1,1],[0,2],[1,1],[0,5],[2,2],[0,2],[1,0],[-1,1],[0,1],[1,1],[0,1],[1,2],[1,4],[1,1],[0,3],[1,1],[0,1],[1,0],[2,2],[1,0],[1,-1],[0,-1],[1,-1],[1,1],[0,1],[2,2],[1,0],[0,-1],[1,1],[-1,2],[0,4],[1,2],[0,1],[1,0],[0,1],[1,1],[1,0],[0,5],[1,1],[0,4],[1,2],[0,2],[1,1],[1,2],[1,-3],[0,-1],[1,-1],[0,2],[-1,1],[0,5],[1,1],[0,4],[1,1],[1,-1],[0,1],[1,4],[1,1],[1,0],[0,3],[1,-1],[0,3],[-1,2],[0,2],[1,1],[0,3],[1,2],[0,1],[1,1],[0,3],[1,0],[0,6],[-1,1],[0,11],[1,1],[0,1],[-1,1],[0,2],[1,2],[0,1],[1,1],[0,8],[1,1],[0,4],[1,2],[1,4],[0,2],[1,2],[0,1],[1,6],[1,5],[0,4],[1,0],[0,-2],[1,0],[0,3],[-1,1],[0,9],[1,2],[0,2],[-2,2],[0,3],[-1,3],[1,1],[2,6],[1,2],[0,1],[-1,3],[0,4],[1,1],[0,2],[-1,-1],[-1,-2],[-2,-2],[-3,0],[-2,2],[0,1],[-1,1],[0,4],[-1,1],[0,1],[-1,1],[0,8],[-1,1],[0,4],[-2,4],[0,10],[1,3],[0,4],[2,2],[1,0],[0,-1],[1,0],[3,-2],[1,-1],[1,1],[2,0],[2,1],[1,0],[2,-2],[2,0],[0,2],[1,0],[1,-1],[1,0],[0,4],[1,1],[3,0],[0,7],[2,2],[-1,3],[0,8],[4,0],[0,2],[-1,1],[0,4],[-1,4],[0,12],[1,1],[0,4],[-1,3],[0,4],[-1,1],[1,1],[0,4],[-2,6],[0,10],[-1,1],[0,3],[1,1],[0,2],[1,1],[1,2],[0,1],[1,1],[0,4],[1,1],[0,1],[1,0],[0,1],[1,-1],[0,2],[2,-2],[2,0],[0,2],[-1,0],[0,5],[-1,1],[0,1],[1,0],[0,-1],[1,0],[0,1],[1,1]],[[2457,93664],[-1,-1],[-5,-3],[-1,-1],[-1,0],[-1,-1],[-1,0],[-2,-1],[-1,1],[0,1],[1,0],[0,10],[-1,6],[0,1],[-2,0],[0,5],[-2,11],[-1,8],[-1,4],[0,3],[-1,3],[0,7],[-2,10],[-2,4],[-7,22],[-5,17],[-1,0],[-13,13]],[[2407,93783],[-9,5],[-2,0],[-9,2],[-5,6],[-5,12],[0,1],[-1,2],[-3,19],[-4,6],[-2,0],[-3,8],[-12,10],[-5,4]],[[2347,93858],[-1,1],[0,1],[1,3],[0,4],[1,1],[0,8],[-1,2],[-1,0],[0,2],[1,1],[1,0],[0,1],[-2,2],[0,2],[1,1],[0,2],[1,0],[0,-1],[1,-1],[0,2],[-1,1],[0,1],[-2,4],[0,5],[1,2],[0,6],[-1,2],[2,6],[0,3],[1,1],[0,1],[1,1],[0,3],[1,0],[1,2],[2,2],[0,1],[1,0],[0,2],[1,2],[1,4],[1,3],[0,2],[2,2],[1,4],[0,2],[1,1],[0,2],[1,1],[0,1],[1,6],[1,-1],[1,0],[0,-1],[1,0],[0,3],[-1,2],[-1,3],[-1,-1],[0,3],[1,4],[0,2],[1,3],[0,2],[1,3],[0,4],[1,1],[0,1],[-1,2],[0,2],[1,1],[0,4],[1,0],[0,5],[1,1],[0,3],[-1,1],[0,1],[1,2],[0,-1],[2,8],[0,4],[2,8],[1,1],[1,-1],[1,1],[0,1],[1,2],[1,1],[1,2],[0,1],[2,2],[0,1],[1,1],[1,0],[0,-1],[-1,-3],[0,-1],[1,1],[2,1],[1,0],[1,1],[0,1],[1,0],[0,-1],[1,-7],[0,8],[1,1],[1,3],[1,1],[0,-1],[1,0],[1,-4],[2,-3],[0,-3],[1,-1],[0,1],[-1,2],[0,3],[-3,6],[0,1],[1,2]],[[2500,93917],[0,-2],[1,-2],[0,-17],[-1,-3],[1,-9],[0,-7],[-1,-2],[-1,0],[-1,1],[0,3],[-1,2],[0,1],[-1,0],[-1,-1],[0,-4],[2,-2],[0,1],[1,-1],[0,-3],[1,-2],[0,-1],[-1,-2],[0,-6],[-1,-2],[-1,-1],[-2,0],[-1,1],[0,2],[-1,4],[0,1],[-5,0],[-1,-2],[0,2],[-1,1],[-3,0],[-1,2],[0,-1],[-1,-1],[0,-1],[-1,-1],[-1,0],[-1,1],[0,1],[-1,1],[0,7],[-1,1],[0,2],[-1,-2],[-1,-1],[0,-7],[-1,1],[-1,-1],[1,-1],[-1,-1],[0,-1],[-1,0],[0,-5],[-1,1],[0,2],[-1,-1],[1,-1],[0,-1],[-1,0],[0,-3],[1,0],[0,-1],[2,0],[0,-1],[-1,0],[-1,-2],[0,-1],[1,0],[4,-4],[2,-1],[0,-2],[1,-1],[1,-2],[1,-1],[1,-3],[2,-1],[1,-2],[1,-1],[1,-3],[2,1],[2,0],[3,-4],[1,-2],[1,-1],[2,-1],[1,-2],[1,-4],[2,0],[0,-2],[-2,0],[0,-3],[-1,0],[0,-5],[-2,-6],[1,-1],[0,-4],[-1,0],[-1,-8],[0,-6],[1,1],[0,-14],[1,0],[2,-9],[1,0],[-1,2],[0,2],[1,1],[0,-1],[1,-1],[0,4],[1,-1],[0,4],[1,-1],[1,-2],[0,-6],[-1,-1],[-1,1],[0,-2],[1,-2],[0,-3],[1,-1],[-1,-3],[1,0],[0,-1],[3,3],[1,0],[0,-3],[-2,-3],[-1,-1],[0,-6],[-1,-1],[0,-2],[1,-5],[0,-1],[1,-1],[0,-2],[1,0],[0,-5],[-1,1],[0,-4],[-1,0],[-1,3],[0,2],[-1,0],[0,-1],[-1,-2],[0,-1],[-1,-1],[-2,2],[0,1],[-1,1],[0,5],[1,1],[1,2],[0,3],[-1,0],[0,-3],[-1,0],[0,-5],[-2,0],[-1,-2],[0,-4],[1,1],[0,5],[1,-1],[1,0],[0,-3],[-1,0],[0,-1],[-1,-3],[-1,-2],[0,-8],[1,0],[0,-2],[-1,0],[0,-5],[-1,-3],[-1,0],[-1,1],[-1,-1],[-1,0],[0,1],[-3,2],[-1,-5],[0,-8],[1,-1],[3,-10],[0,-2],[-1,-1],[1,0],[1,-1],[1,2],[1,-4],[0,-4],[1,0],[1,1],[0,-6],[2,2],[0,2],[1,4],[1,-1],[0,-2],[1,-2],[4,-9],[1,1],[1,-4],[-1,-3],[1,-1],[0,-1],[3,-7],[1,0],[0,2],[1,0],[0,-1],[-1,0],[0,-2],[1,-1],[1,0],[0,-2],[-1,-3],[-3,-3],[0,2],[-1,-2],[0,-1],[2,-7],[-3,-6],[-1,5],[0,1],[-2,5],[1,1],[0,2],[-1,1],[0,1],[1,1],[0,5],[-3,3],[-1,0],[-1,1],[0,-1],[-1,2],[0,1],[-1,-1],[-2,3],[0,7],[-1,3],[-2,3],[-1,-2],[-3,3],[0,-1],[-2,-6],[0,3],[1,3],[-3,3],[0,1],[-4,0],[0,-4],[-3,-1],[0,5],[-1,0],[-2,-4],[-1,0],[0,-1],[-1,0],[-2,2],[0,1],[-1,1],[-1,0],[0,3],[-1,1],[-1,2],[0,2],[-2,2],[0,-1],[-2,-2],[-1,3],[0,3],[-1,0],[0,2],[-1,1],[0,2],[-1,3],[0,0],[0,0],[-1,-1],[-1,-2],[0,-2],[-1,0],[0,-1],[-1,0],[0,1],[-1,-1],[1,0],[1,-2],[0,0],[1,0],[1,-2],[0,-2],[1,-2],[0,-2],[2,0],[0,-2],[-2,-3]],[[2622,94994],[-1,-3],[1,2],[1,-1],[0,-6],[1,0],[1,2],[1,-4],[0,-2],[1,-3],[0,-5],[-1,-2],[0,-1],[1,-1],[0,-1],[2,-1],[0,-4],[1,-3],[-1,-2],[0,-2],[2,0],[0,-2],[1,-6],[-1,-1],[1,-1],[0,-3],[1,2],[2,0],[0,-9],[1,-4],[0,-5],[1,0],[0,-2],[-1,-1],[1,-1],[0,-1],[-1,-1],[0,-1],[1,-2],[1,-1],[1,0],[0,-3],[2,-2],[2,-4],[-1,-2],[0,-4],[1,-1],[1,0],[0,-7],[-1,-3],[0,-16],[-1,0],[0,-13],[-1,-5],[-1,-3],[0,-2],[-1,-1],[-1,0],[1,-4],[-1,-2],[1,-4],[-1,-2],[0,-5],[-1,-3],[-1,-1],[-1,-4],[-1,-3],[0,-2],[1,0],[0,-2],[-1,-1],[0,-1],[1,-2],[0,-6],[1,1],[1,0],[1,-2],[0,-4],[-1,-2],[0,-2],[1,-3],[2,-1],[1,-2],[0,-8],[1,-2],[-1,-6],[1,-5],[1,-2],[0,-4],[1,-6],[1,-3],[0,-16],[1,0],[2,-2],[0,-5],[-1,-2],[0,-8],[-1,-3],[-1,-4],[-2,-5],[-1,-4],[-2,-6],[-1,-4],[-1,-2],[-1,-4],[-1,-3],[-1,-1],[-1,0],[-2,1],[-1,6],[-2,4],[-1,3],[-2,2],[0,2],[-1,1],[-2,5],[-2,2],[-1,2],[-1,1],[-3,5],[-2,4],[0,4],[-1,1],[0,2],[1,2],[1,1],[1,2],[1,4],[0,4],[-1,1],[0,9],[-1,2],[-1,1],[-1,4],[-2,1],[-1,1],[-1,0],[-2,-2],[-1,-3],[0,-1],[-1,-1],[0,-2],[-1,-1],[-2,2],[0,1],[-1,1],[0,9],[-1,6],[0,3],[-1,3],[0,4],[-1,2],[-2,0],[0,12],[-2,8],[-1,3],[-1,-1],[0,1],[-1,3],[0,4],[-1,1],[0,1],[-1,0],[-2,2],[-1,3],[-2,2],[-2,1],[-1,0],[-2,1],[-2,6],[0,3],[-2,2],[-1,2],[-1,1],[-1,2],[0,1],[-2,2],[0,7],[-1,3],[0,2],[1,2],[0,14],[1,13],[-1,3],[0,9],[1,2],[1,3],[1,0],[0,1],[2,4],[0,3],[1,3],[0,4],[1,2],[0,4],[1,4],[0,11],[3,2],[4,6],[1,2],[0,7],[1,3],[1,-1],[1,4],[1,2],[1,1],[0,2],[2,8],[2,3],[1,3],[0,3],[2,2],[2,6],[1,2],[2,3],[2,4],[2,3],[2,2],[1,2],[2,2],[2,0],[2,-2],[1,-5],[2,-6],[1,-1],[2,-5]],[[2395,94050],[1,4],[0,7],[1,1],[0,3],[1,0],[1,1],[1,3],[0,1],[1,3],[1,1],[0,6],[2,4],[0,15],[1,1],[0,5],[1,3],[3,4],[1,0],[1,3],[0,5],[2,3],[3,6],[1,4],[0,4],[1,5],[1,2],[1,3],[0,2],[-1,2],[-1,3],[-2,1],[0,4],[-1,3],[0,2],[-1,1],[-1,0],[0,-2],[-1,-1],[-1,1],[0,3],[1,3],[1,10],[0,2],[1,2],[0,2],[2,6],[2,11],[2,2],[0,2],[2,4],[0,5],[1,0],[0,1],[1,3],[0,-1],[1,3],[0,3],[2,4],[0,1],[3,13],[0,2],[1,9],[1,5],[2,11],[2,8],[0,6],[1,-1],[1,0],[0,2],[1,0],[1,1],[0,-1],[1,0],[0,1],[-1,2],[0,1],[1,1],[0,2],[1,0],[0,0],[1,0],[-1,2],[0,6],[-1,1],[1,4],[1,-1],[2,2],[0,3],[1,1],[0,5],[1,4],[0,7],[1,1],[0,1],[-1,1],[0,3],[1,2],[1,4],[0,4],[1,3],[0,2],[1,9],[1,4],[1,5],[1,0],[0,1],[1,0],[1,2],[1,4],[2,5],[1,2],[3,9],[1,1],[0,3],[1,0],[-1,1],[1,2],[0,3],[1,-1],[1,0],[0,2],[1,1],[0,2],[1,1],[2,6],[1,1],[0,1],[1,0],[0,1],[1,1],[0,1],[1,1],[2,1],[1,-3],[1,0],[0,2],[1,1],[0,-1],[1,3],[0,2],[-2,31],[1,0],[2,-32],[1,-3],[1,1],[-1,5],[1,3],[1,1],[0,2],[1,4],[2,0],[0,4],[1,2],[0,1],[1,1],[1,0],[0,5],[1,2],[1,3],[0,2],[2,3],[2,1],[1,0],[0,-1],[1,-1],[1,-2],[0,-2],[1,0],[0,-1],[1,0],[0,2],[-1,0],[0,5],[1,2],[0,2],[2,0],[1,1],[0,1],[1,1],[1,-1],[0,-2],[1,1],[0,3],[1,2],[1,1],[1,0],[0,1],[3,0],[0,1],[1,2],[1,-2],[1,0],[0,3],[1,1],[1,0],[1,3],[1,-1],[1,-2],[0,-1],[1,-4],[0,4],[1,1],[1,2],[0,3],[1,1],[0,1],[1,0],[0,-5],[1,0],[0,1],[1,2],[1,0],[1,3],[1,1],[1,2],[1,1],[0,1],[1,0],[0,-1],[1,0],[0,-2],[-1,-1],[0,-1],[2,0],[1,-5],[1,0],[0,-2],[1,-1],[0,-3],[1,1],[0,-6],[1,-6],[0,-5],[-1,-2],[-1,-1],[0,-1],[3,3],[1,0],[0,-1],[1,-1],[1,0],[0,1],[1,-1],[0,-1],[1,0],[0,1],[2,0],[0,-2],[1,-2],[0,-13],[-1,-1],[0,-3],[1,-4],[0,-40],[-1,-1],[0,-6],[-1,-2],[0,-3],[-2,0],[-3,-1],[-1,-1],[-2,1],[-2,4],[-1,1],[-3,6],[-1,1],[-1,-2],[-3,0],[-1,-2],[1,-2],[-1,-4],[0,-6],[-1,-3],[0,-8],[1,-3],[0,-6],[3,-6],[0,-2],[1,-2],[0,-2],[2,-3],[1,-2],[0,-6],[1,-1],[0,-2],[1,-3],[1,-4],[0,-4],[-1,-4],[-2,2],[0,2],[-1,3],[-1,2],[-2,1],[-2,0],[0,-1],[-1,-2],[0,-1],[-2,-4],[-1,0],[-1,2],[-1,3],[-2,3],[-1,0],[0,-1],[-1,-2],[1,-4],[-1,-1],[0,-2],[-1,1],[0,-3],[1,-1],[-1,-2],[-1,-3],[0,-3],[-2,-3],[-1,0],[-1,-2],[0,-3],[1,0],[0,-3],[1,-2],[0,-3],[-1,0],[0,-1],[-1,0],[0,-8],[1,-2],[0,-7],[1,0],[0,-1],[1,0],[0,-4],[-1,-2],[0,-2],[-1,-1],[-1,0],[1,-3],[0,1],[2,0],[0,2],[2,2],[1,0],[0,2],[1,0],[1,1],[1,2],[2,8],[1,2],[0,1],[2,0],[2,2],[0,2],[2,2],[1,3],[0,1],[1,1],[0,-1],[1,-1],[1,0],[0,-6],[1,-3],[1,-9],[0,-9],[1,0],[-1,-1],[0,-1],[1,-2],[1,-4],[1,-2],[0,-11],[-1,-2],[1,-2],[-1,-2],[-1,-3],[-1,-2],[-2,-1],[-2,0],[-2,-1],[-1,-2],[-1,-1],[0,-1],[-1,-2],[-3,-3],[-2,1],[-1,0],[-1,-1],[0,-3],[-1,-4],[0,-4],[-1,-1],[0,-6],[-3,-3],[0,-2],[-1,-1],[0,-2],[1,-1],[1,-2],[-2,-2],[-2,1],[-3,3],[-1,0],[-1,2],[-1,3],[-1,1],[0,1],[-1,0],[-1,-1],[1,-2],[0,-3],[1,-1],[0,-1],[2,0],[0,-3],[1,1],[2,-1],[1,0],[1,-1],[1,-2],[-1,-3],[1,0]],[[2515,94172],[-6,-10],[-3,-4],[-1,-3],[-4,-5],[-4,-8],[-6,-8],[-13,-36],[0,-6],[4,-6],[3,-4],[14,-25],[10,-2],[7,9],[4,12],[1,1],[2,1],[0,1]],[[2523,94079],[1,0],[0,1]],[[2524,94080],[0,1]],[[2524,94081],[1,2],[0,1]],[[2525,94084],[0,3]],[[2525,94087],[0,1],[2,2],[1,-1],[2,0],[0,1],[2,0],[2,2],[3,2],[1,0],[2,-2],[1,-2],[0,-5],[1,-2],[0,-2],[1,-1],[1,-4],[-1,-1],[1,-1],[0,-14],[-1,-1],[0,-6],[2,2],[2,0],[0,-5],[1,-2],[1,-3],[0,-3],[1,-4],[0,-8],[-1,-3],[0,-1],[-1,-2],[0,-17],[-1,0],[0,-1],[-1,-3],[-1,0],[0,-1],[-1,0],[-1,-2],[-4,-4],[-1,1],[-2,0],[-1,-1],[-1,0],[-1,2],[0,-1],[-1,0],[0,1],[-1,0],[0,1],[-1,-2],[0,-2],[-1,-1],[-1,2],[0,1],[-2,2],[-1,2],[0,2],[-1,3],[0,1],[-1,0],[0,3],[-1,0],[0,-2],[1,-2],[-1,0],[-1,-1],[0,-4],[-1,0],[-2,-4],[0,-5],[1,0],[0,-3],[-1,1],[0,6],[-1,0],[0,-3],[-1,-1],[-1,0],[-3,-3],[-1,1],[-4,0],[0,-3],[-1,-3],[2,-2],[0,1],[1,1],[1,0],[1,-1],[1,0],[1,-1],[2,2],[0,-2],[2,3],[1,0],[0,2],[1,-1],[1,-3],[2,-2],[1,-7],[1,-4],[-1,-3],[1,0],[1,1],[1,-1],[1,2],[1,-1],[2,-4],[1,-4],[1,-5],[-1,-4],[-1,-1],[0,-2],[-2,0],[0,2],[-1,1],[-1,-2],[-1,-1],[-1,1],[-1,-2],[-1,0],[-1,1],[-1,2],[-2,-2],[1,-1],[0,-4],[-1,-2],[0,-6],[1,-3],[0,-8],[-1,0],[-1,1],[1,-2],[0,-2],[-1,-1],[0,-3],[-1,-1],[0,-8],[1,-2],[0,-3],[-1,-3],[0,-3],[1,1],[0,-3],[1,1],[1,0],[0,-1],[1,-5],[0,-1],[-1,-4],[-1,-3],[0,-2],[-1,-1],[0,1],[-1,1],[0,-1],[-1,0],[0,2],[-1,1],[0,6],[-1,3],[0,8],[-1,2],[0,4],[-1,3],[0,1],[-1,1],[-1,2],[0,6],[-1,2],[0,4],[-1,1],[0,1],[-1,1],[0,2],[-1,0],[0,4],[-1,1],[0,4],[-1,1],[-1,3],[-1,4],[1,6],[-1,-1],[0,-4],[-1,0],[-1,2],[0,-3],[-1,1],[-1,0],[0,-3],[-1,-1],[0,-2],[-1,-1],[0,1],[-1,0],[0,-3],[1,-1],[1,-4],[-1,2],[-1,-1],[0,1],[-1,0],[0,-6],[-1,-1],[0,-2],[2,2],[0,-1],[1,0],[0,-1],[1,0],[1,-2],[0,-2],[1,0],[0,-2],[1,-1],[0,-1],[1,-2]],[[2500,93917],[-14,-4],[-6,1],[-7,2],[-9,-1],[-6,0],[-5,3],[-1,3],[-1,1],[-1,3],[-2,25],[-1,17],[-2,8],[-50,75]],[[68451,31095],[1,-30],[0,-24],[-5,-35],[-9,-26],[-5,-12],[-3,-9],[1,-4],[-4,-7],[-1,-2],[-3,3],[0,2],[-1,0],[-1,2],[0,2],[1,3],[2,4],[0,3],[2,4],[0,4],[1,2],[1,0],[1,1],[0,2],[1,2],[0,3],[2,4],[0,4],[1,5],[0,5],[1,-1],[1,1],[0,2],[1,1],[0,3],[1,3],[0,9],[1,2],[0,30],[1,0],[0,3],[-1,1],[0,1],[1,5],[-1,0],[0,8],[-1,4],[0,7],[1,1],[-2,6],[1,3],[-1,1],[0,6],[1,3],[2,2],[0,2],[1,1],[1,3],[0,2],[1,2],[1,0],[2,-1],[3,-3],[3,-13]],[[68389,30887],[-1,0],[-6,-4],[-3,0],[-4,8],[-1,0],[0,1],[1,0],[1,2],[3,-3],[0,1],[1,0],[2,-1],[3,7],[1,5],[2,13],[1,2],[2,9],[1,2],[2,-1],[2,-3],[2,-4],[0,-11],[1,-1],[0,-9],[-3,-5],[-7,-8]],[[68436,31146],[2,-7],[-1,7],[1,5],[2,4],[3,-1],[1,-1],[0,-11],[-1,-8],[-1,-1],[0,-1],[2,0],[2,-1],[0,-13],[-4,-4],[-2,-4],[-2,-6],[-1,-2],[-1,2],[0,4],[-1,19],[-2,14],[1,8],[2,-3]],[[68420,30949],[0,-1],[2,-2],[-1,-1],[2,-4],[-1,-4],[-1,-3],[-3,-3],[-1,0],[-2,2],[-1,0],[1,-5],[0,-6],[-2,-3],[-6,-6],[-1,2],[-1,0],[-1,5],[-1,1],[-1,-2],[-1,1],[0,5],[2,3],[0,-1],[7,7],[0,3],[1,1],[0,1],[1,2],[0,-1],[1,-3],[0,5],[1,1],[1,-1],[2,4],[2,5],[1,-2]],[[90881,57299],[7,8],[4,2],[5,-2],[5,-3],[11,-1],[2,0],[3,-4],[1,-17],[-1,-5],[-2,-7],[-3,-14],[-1,-18],[-1,-24],[-4,-27],[-5,-17],[-7,-15],[-6,-19],[-4,-22],[-1,-19],[2,-21],[0,-12],[-1,-7],[-4,-3],[-4,2],[-4,3],[-4,9],[-1,8],[-1,16],[1,37],[1,6],[-1,4],[0,20],[1,20],[1,13],[0,5],[11,20],[1,-3],[-6,-10],[6,-6],[5,-9],[4,-2],[3,5],[4,12],[3,7],[1,10],[1,5],[0,6],[1,3],[-1,6],[0,5],[1,3],[0,11],[1,2],[0,5],[-1,3],[-2,4],[-2,5],[-6,9],[-4,-2],[-3,2],[-3,4],[-2,3],[-1,6]],[[76984,52569],[6,-5],[9,-9],[2,-1],[3,-3],[1,-3],[1,-2],[2,-5],[1,-3],[1,-2],[-1,-1],[3,-8],[0,-2],[3,-10],[2,-6],[2,-3],[2,-7],[2,-4],[1,-1],[0,-1],[-2,-5],[-6,-2],[-7,0],[-5,1],[-1,-2],[-1,0],[0,2],[-8,3],[0,-2],[-1,-1],[-2,4],[-3,2],[-1,-2],[0,-1],[-1,1],[0,2],[-5,4],[-1,-2],[-1,4],[-1,0],[0,-1],[-1,0],[0,2],[-5,5],[-3,5],[-2,10],[-2,12],[-1,7],[2,18],[-1,2],[2,6],[1,0],[3,3],[0,2],[1,-1],[4,2],[8,-2]],[[77724,52504],[-2,-6],[-13,-12],[-1,-1],[-3,1],[-2,6],[-4,6],[-1,4],[1,2],[1,-1],[2,2],[1,0],[4,6],[5,8],[3,9],[1,9],[2,11],[1,8],[1,3],[2,3],[2,1],[0,2],[-1,2],[0,1],[1,3],[1,0],[1,-4],[0,-3],[3,-4],[1,-6],[0,-12],[-1,-11],[-2,-13],[-3,-14]],[[77530,53218],[-1,-3],[-1,0],[-5,2],[-4,-1],[-5,3],[-3,0],[-1,-1],[-2,3],[0,16],[1,12],[2,9],[2,7],[4,1],[5,-4],[4,-9],[3,-9],[1,-6],[1,-13],[-1,-7]],[[77711,52654],[-1,0],[-1,-1],[-1,0],[0,1],[-1,5],[0,6],[-1,2],[0,7],[-1,5],[-1,3],[1,2],[1,3],[1,2],[2,0],[2,-4],[0,-7],[1,-3],[1,-5],[0,-3],[-1,-3],[0,-5],[-1,-4],[0,-1]],[[77550,52387],[-2,0],[-2,2],[-1,4],[0,9],[1,6],[0,9],[1,-3],[1,-4],[2,-3],[2,-6],[1,-2],[0,-3],[-2,-8],[-1,-1]],[[77699,52783],[0,-9],[-1,-1],[0,-2],[-1,-1],[0,-1],[-1,-1],[0,-3],[-1,0],[0,3],[-1,2],[0,5],[-1,3],[0,4],[-1,2],[1,1],[0,1],[1,-1],[2,2],[2,-1],[0,-1],[1,-2]],[[77653,52979],[0,1],[-1,1],[-1,7],[-1,3],[-1,4],[0,5],[1,0],[2,2],[0,1],[2,0],[0,-2],[1,-2],[0,-11],[-1,-5],[0,-3],[-1,-1]],[[87211,62514],[-2,-9],[-3,-31],[-3,-14],[0,-5],[-5,-34],[-2,-8],[-2,-9],[-5,-21],[-3,-12],[-2,-6],[0,-1],[-11,-19],[0,2],[-2,1],[1,2],[0,10],[1,7],[2,8],[3,6],[3,13],[3,7],[2,6],[1,5],[4,12],[1,6],[0,6],[2,9],[1,5],[1,9],[0,16],[1,1],[1,4],[-1,2],[0,7],[1,5],[0,2],[1,1],[0,5],[-1,2],[-1,4],[0,2],[-2,4],[-1,1],[-5,-1],[-1,0],[-3,-4],[-2,-5],[-2,-2],[-2,-1],[-3,1],[-1,2],[0,4],[4,8],[3,3],[1,2],[3,4],[4,3],[5,2],[3,4],[3,2],[2,1],[3,-1],[2,-2],[3,-6],[0,-3],[1,-6],[-1,-6]],[[87175,62231],[-1,-12],[-3,-8],[-6,-11],[-7,-11],[-11,-2],[-6,-1],[-4,3],[-2,3],[0,17],[3,8],[4,11],[6,17],[3,6],[2,1],[5,-7],[2,-2],[1,-4],[0,-2],[1,0],[2,2],[2,5],[-1,9],[1,6],[2,9],[1,1],[3,-14],[3,-17],[0,-7]],[[87159,62439],[-3,-1],[-2,2],[-2,4],[-1,8],[-3,19],[-2,22],[-1,14],[0,14],[2,16],[2,9],[1,2],[5,1],[2,-1],[2,-4],[0,-5],[1,-8],[-1,-3],[-1,-7],[0,-5],[-4,-8],[0,-19],[1,-8],[2,-14],[1,-10],[2,-7],[0,-5],[-1,-6]],[[46265,62473],[-8,-55],[-9,-85],[-8,-28],[-7,-8],[-5,8],[-2,16],[-2,28],[1,23],[2,25],[3,27],[1,24],[-1,23],[-1,10],[-1,16],[0,56],[1,20],[0,6],[1,14],[2,7],[5,10],[5,2],[4,-3],[4,4],[7,-2],[5,1],[1,-1],[0,-2],[2,-3],[3,-6],[2,-12],[1,-9],[0,-45],[-2,-21],[-4,-40]],[[45843,69779],[-3,-6],[-3,-7],[-3,-8],[-3,-9],[-6,-9],[-2,-1],[-2,2],[-2,3],[-1,9],[4,11],[-1,14],[1,23],[0,10],[-1,16],[0,8],[1,12],[1,8],[1,-1],[0,-15],[1,-9],[1,0],[1,-4],[6,9],[2,-7],[2,-3],[3,3],[1,9],[0,11],[-2,24],[-1,8],[-1,4],[-2,3],[-4,4],[-3,0],[-1,1],[0,-1],[-2,1],[-1,1],[0,5],[1,2],[3,8],[3,6],[4,15],[2,14],[2,2],[2,-2],[5,-3],[10,-16],[2,-7],[2,-12],[1,-11],[0,-7],[-1,-8],[-1,-15],[0,-35],[-1,-11],[-3,-7],[-4,-8],[-3,-15],[-5,-9]],[[63591,47577],[2,0],[5,-9],[4,-5],[2,-4],[2,-2],[4,-12],[2,-1],[2,-8],[2,-11],[0,-10],[-1,-17],[-8,-33],[-6,-20],[-11,-33],[-13,-22],[-15,-14],[-6,-7],[-5,-2],[-5,3],[-6,7],[1,6],[0,3],[1,2],[6,-4],[6,0],[6,4],[5,7],[3,6],[5,11],[4,15],[3,15],[1,4],[8,71],[2,23],[0,10],[1,16],[-1,11]],[[59071,65820],[11,-33],[1,-5],[0,-11],[-2,-5],[-3,-5],[-4,-3],[-4,-2],[-7,1],[-2,2],[-3,4],[-4,9],[-4,18],[0,3],[-4,26],[-6,41],[1,23],[1,13],[3,6],[2,-1],[3,-4],[15,-55],[4,-17],[2,-5]],[[59676,64709],[1,0],[-1,1],[0,8],[1,2],[1,0],[0,-1],[1,-3],[0,-4],[-1,-2],[2,3],[1,-2],[0,4],[1,4],[2,2],[0,-2],[1,-2],[0,-2],[1,-1],[3,0],[0,10],[2,2],[3,-1],[0,9],[-2,-2],[-2,8],[-1,0],[-2,7],[2,13],[-1,12],[5,18],[6,2],[5,-7],[9,-16],[8,-20],[1,-8],[0,-9],[-1,-10],[-4,-8],[-4,-9],[-8,-1],[-2,-3],[-4,1],[-5,-1],[-6,-2],[-10,0],[-2,2],[-1,3],[1,4],[0,1]],[[59675,64718],[0,-5],[-1,-3],[-2,-5],[-1,-3],[-2,0],[-3,3],[0,1],[-1,2],[-1,5],[0,3],[-1,3],[0,16],[-2,10],[-1,3],[-1,5],[-1,6],[-1,5],[0,7],[1,0],[0,-1],[1,-2],[1,-3],[2,-5],[2,-4],[0,-11],[-1,-2],[0,-5],[2,1],[2,-3],[2,-2],[1,-2],[0,-4],[1,-1],[1,0],[1,-2],[1,-4],[1,-3]],[[59554,64104],[2,1],[1,5],[2,9],[4,7],[2,-2],[3,-5],[1,-8],[0,-8],[-1,-8],[-2,-9],[-5,-10],[-5,-4],[-10,-4],[-4,3],[-2,3],[-4,3],[-2,5],[-3,4],[0,2],[-1,2],[1,2],[2,1],[2,-1],[3,-2],[5,4],[2,1],[2,3],[2,0],[2,2],[2,4],[1,0]],[[61183,53993],[-1,1],[-10,18],[-10,24],[-2,9],[0,8],[2,6],[5,6],[1,-2],[4,-3],[7,-8],[4,-8],[4,-12],[4,-11],[4,-10],[1,-5],[0,-13],[-2,-8],[-2,0],[-8,8],[-1,0]],[[62996,50095],[3,4],[5,9],[4,16],[4,20],[2,27],[0,19],[2,19],[0,36],[-1,20],[-3,3],[-1,5],[0,10],[-1,13],[-2,5],[-1,7],[1,5],[0,15],[-2,17],[-1,10],[-1,2],[-1,3],[1,4],[5,1],[2,-4],[4,-33],[-1,-13],[1,-1],[3,-6],[1,-13],[0,-9],[1,-7],[1,-12],[2,-25],[0,-33],[-1,-28],[-5,-38],[-2,-10],[-4,-26],[-7,-20],[-6,-14],[-3,-6],[-4,-4],[-4,-1],[-3,2],[-3,4],[-3,9],[-4,7],[-1,2],[0,4],[2,-1],[6,-5],[1,1],[2,-2],[3,0],[9,12]],[[62523,48874],[1,-7],[1,-8],[0,-13],[-1,-1],[1,-4],[-1,-8],[0,-4],[1,-5],[-1,0],[-1,-5],[-3,-2],[-6,3],[-4,3],[-5,10],[-1,10],[0,7],[2,13],[1,8],[2,5],[3,5],[0,4],[2,4],[2,5],[1,3],[2,8],[1,5],[2,1],[1,-4],[0,-8],[1,-3],[0,-7],[1,-2],[-1,-3],[0,-2],[-1,-4],[0,-4]],[[62840,49272],[3,-1],[3,2],[2,-1],[6,-4],[3,-1],[6,-6],[0,-12],[-2,-6],[-1,-2],[-2,-2],[-3,-1],[-1,-2],[-2,1],[-2,-1],[-1,0],[-1,2],[-4,1],[-2,-1],[-4,3],[-1,2],[-2,1],[-2,3],[-2,2],[0,2],[-2,2],[-1,4],[0,5],[-1,9],[-1,1],[1,3],[0,11],[3,3],[1,-2],[3,-4],[1,-3],[2,-2],[2,-5],[1,-1]],[[63297,46996],[-10,-14],[-10,-13],[-5,-5],[-12,-2],[-4,2],[-7,21],[-3,17],[1,3],[4,-1],[9,-8],[9,-4],[4,-4],[3,2],[3,0],[8,9],[3,6],[0,7],[6,-1],[5,8],[7,4],[46,34],[9,10],[18,13],[16,33],[10,27],[10,32],[10,26],[8,19],[9,23],[6,11],[2,0],[4,10],[12,27],[2,0],[4,13],[13,27],[0,2],[1,4],[1,-1],[10,20],[5,2],[15,14],[3,6],[1,-5],[-2,-6],[-3,-4],[-12,-12],[-14,-21],[-32,-73],[-6,-16],[-14,-31],[-13,-25],[-8,-24],[-16,-53],[-17,-37],[-24,-21],[-19,-7],[-15,-14],[-15,-11],[-16,-19]],[[25126,70080],[0,10],[3,14],[4,12],[4,5],[5,1],[4,-4],[3,-10],[1,-17],[1,-33],[0,-63],[1,-27],[-2,-25],[-1,-9],[-3,-9],[-2,1],[-6,20],[-4,5],[-2,6],[-1,9],[-7,17],[-2,5],[-5,4],[-10,0],[-2,-1],[-2,0],[-1,1],[1,5],[0,3],[3,5],[1,0],[6,15],[3,9],[4,19],[2,5],[3,16],[1,11]],[[24843,70034],[7,6],[7,4],[9,1],[7,-3],[4,-6],[2,-8],[1,-7],[0,-5],[-3,-6],[-2,0],[-3,-3],[-5,-4],[-3,-4],[-4,-7],[-2,-2],[-3,-6],[-4,-9],[-7,-10],[-12,-10],[-3,-1],[-2,11],[1,10],[-1,13],[1,5],[1,7],[5,15],[5,12],[4,7]],[[24857,69530],[3,2],[2,-1],[3,0],[5,-9],[2,0],[2,-3],[2,3],[1,-1],[1,3],[2,-1],[6,-14],[2,-8],[2,-5],[0,-7],[-2,-5],[-8,-7],[-9,-3],[-6,3],[-5,7],[-4,8],[-1,4],[-1,5],[-2,8],[0,8],[2,7],[1,7],[2,-1]],[[24895,70022],[-1,3],[0,3],[2,17],[2,6],[9,0],[5,-2],[7,-5],[7,-7],[4,-8],[2,-8],[2,-7],[2,-8],[0,-15],[-2,-4],[0,-4],[-2,-5],[-1,-2],[-1,1],[0,11],[-2,8],[-3,5],[-4,5],[-5,5],[-1,0],[-1,3],[-5,3],[-5,2],[-4,1],[-4,0],[-1,2]],[[25001,69855],[4,5],[2,3],[1,1],[2,0],[3,-2],[6,0],[5,3],[1,2],[4,2],[4,4],[2,1],[1,0],[2,2],[1,-1],[0,-7],[-1,-3],[-4,-8],[-2,-5],[-2,-6],[-3,-4],[-4,-5],[-3,-1],[-10,6],[-4,-1],[-2,-1],[-2,0],[-3,1],[0,4],[-1,4],[3,6]],[[21875,62415],[1,1],[3,0],[3,-1],[2,1],[1,2],[1,1],[1,0],[2,-5],[2,-4],[4,0],[1,-1],[1,-2],[0,-3],[-1,-3],[-1,-5],[-2,-2],[-1,0],[-3,1],[0,-1],[-1,2],[-2,1],[-1,0],[-2,1],[-1,2],[-1,0],[-1,1],[-2,1],[-4,4],[0,8],[1,1]],[[27288,68643],[0,-6],[1,-4],[2,-3],[4,-5],[3,-6],[2,-7],[4,-11],[2,-9],[3,-11],[2,-11],[0,-15],[-1,-9],[-2,-7],[-3,-1],[-8,4],[-4,8],[-4,13],[-4,14],[-3,7],[-4,8],[-1,4],[-3,9],[-1,4],[-1,5],[0,14],[-1,3],[-1,5],[0,4],[1,5],[2,9],[0,27],[-1,16],[-5,25],[-4,13],[-2,4],[-3,-3],[-3,4],[-3,8],[-3,2],[-2,1],[-2,3],[1,14],[3,10],[3,2],[7,-5],[6,2],[4,-7],[5,-10],[4,-18],[2,-10],[1,-10],[1,-19],[1,-7],[1,-9],[0,-10],[1,-12],[1,-6],[2,-6],[0,-10]],[[27534,83448],[1,0],[2,1],[3,2],[4,4],[4,3],[4,-1],[3,-4],[1,-5],[2,-8],[-1,-11],[-1,-9],[-3,-7],[-9,0],[-1,2],[-4,1],[-3,-5],[-3,10],[-1,6],[-1,11],[1,9],[2,1]],[[27492,83557],[0,-21],[1,-9],[-1,-4],[-2,0],[-9,10],[-3,7],[-2,5],[1,7],[2,10],[1,3],[2,1],[1,0],[2,-2],[2,1],[4,0],[1,-1],[0,-7]],[[33982,71547],[1,5],[2,11],[1,9],[2,11],[3,6],[5,6],[2,-1],[3,-4],[2,-4],[1,-7],[2,-11],[2,-13],[0,-13],[-2,-22],[0,-5],[-3,-10],[-1,-4],[-3,-3],[0,-1],[-2,-2],[-1,2],[-1,5],[0,14],[-1,6],[-1,4],[-2,5],[-1,3],[-2,1],[-2,2],[-2,3],[-1,2],[-1,5]],[[34803,70991],[1,9],[3,8],[4,-2],[3,-9],[3,-13],[3,-11],[2,-14],[1,-17],[0,-18],[-1,-14],[-2,-11],[-5,-20],[-2,1],[-3,1],[-7,10],[-2,8],[-2,10],[-1,4],[-2,10],[0,13],[2,7],[2,-1],[2,3],[1,6],[1,13],[1,10],[-1,8],[-1,3],[0,6]],[[37359,70070],[-5,-11],[-2,-8],[-2,-6],[-4,-10],[-2,-4],[-2,-2],[-5,0],[-3,1],[0,22],[1,13],[1,7],[0,6],[3,23],[0,10],[1,6],[0,2],[2,11],[3,9],[3,10],[4,9],[3,4],[5,3],[4,0],[8,-6],[19,-19],[2,-3],[2,-4],[0,-12],[-3,-6],[-8,-11],[-4,-2],[-4,-4],[-6,-7],[-6,-10],[-5,-11]],[[9028,99241],[2,0],[2,-4],[3,-5],[1,-5],[1,-8],[0,-9],[-1,-10],[-1,-3],[0,-27],[-1,-4],[-1,-8],[0,-6],[-4,-13],[-4,-9],[-2,-1],[-2,0],[-7,19],[-2,3],[-1,7],[-2,7],[-1,10],[-1,4],[0,4],[-1,9],[-1,5],[0,4],[-3,4],[-3,15],[-1,7],[1,8],[2,4],[3,3],[2,1],[4,1],[3,2],[5,0],[3,-1],[7,-4]],[[8913,99373],[12,-15],[2,-11],[3,-10],[3,-6],[3,-8],[4,-7],[5,-1],[3,-3],[4,-12],[0,-5],[-2,-9],[-1,-3],[-3,2],[-4,9],[-3,4],[-6,4],[-5,2],[-2,1],[-4,3],[-2,4],[-3,4],[-2,2],[0,4],[-1,11],[-2,4],[1,5],[-1,30],[1,1]],[[8530,98094],[1,-5],[0,-13],[-5,-15],[-3,-8],[-4,-9],[-3,-9],[-3,-2],[-3,-12],[-1,-2],[-2,-15],[-2,-4],[-3,-17],[-2,-24],[0,-45],[2,-10],[-1,-2],[-2,2],[-3,5],[-2,6],[0,6],[-1,30],[-1,3],[1,7],[2,6],[1,6],[3,17],[2,17],[0,2],[5,10],[2,11],[0,2],[4,12],[4,11],[4,7],[3,12],[2,16],[3,8],[2,-4]],[[8682,99956],[0,3],[1,1],[1,3],[1,7],[2,9],[1,8],[2,5],[2,4],[2,3],[6,0],[2,-1],[3,-3],[3,-6],[1,-5],[1,-6],[1,-5],[1,-6],[3,-1],[0,-3],[-3,-1],[-4,0],[-2,-1],[-2,0],[-7,-6],[-3,-2],[-1,-1],[-9,1],[-1,0],[-1,1],[0,2]],[[11848,96426],[1,2],[2,-5],[2,1],[11,29],[11,14],[6,-1],[1,5],[2,2],[3,-3],[2,2],[2,0],[9,17],[13,-25],[3,-24],[-2,-13],[-20,-17],[-2,-21],[-9,-37],[-4,-4],[-9,-28],[-8,-18],[-15,-9],[-11,2],[-4,4],[0,11],[-2,16],[1,30],[4,22],[4,2],[1,-4],[11,35],[-3,15]],[[2,80247],[4,0],[3,1],[2,2],[1,0],[1,-1],[0,-6],[3,-10],[0,-2],[-1,-8],[-2,-8],[-1,-3],[-1,-2],[-2,0],[-5,5],[-2,3],[-1,4],[-1,8],[0,10],[2,7]]]}