{"type":"Topology","arcs":[[[1146623,508889],[8,-1],[103,-39],[273,-49],[145,-39],[206,-5],[67,-44],[129,-50],[206,-5],[67,5],[87,-5],[191,5],[88,39],[82,60],[88,132],[128,6],[98,0],[72,-50],[88,-77],[-10,-99],[-5,-88],[36,-132],[113,-88],[129,-39],[129,0],[165,44],[170,28],[180,49],[350,94],[191,55],[351,-17],[247,-22],[283,-16],[354,-30]],[[1151432,508511],[162,-14],[342,9],[379,39],[342,27],[210,9],[281,123],[140,145],[78,150],[21,190],[-4,97],[-8,163],[41,61],[70,57],[91,58],[119,44],[54,-35],[41,-80],[0,-75],[-29,-189],[-29,-212],[-58,-427],[-65,-432],[-87,-414],[-83,-225],[-164,-162],[-169,-66],[-326,-26],[-355,31],[-239,35],[-173,88],[-194,100],[-193,150],[-192,131]],[[1151435,507861],[-60,41],[-255,132],[-281,93],[-346,92],[-317,13],[-273,-30],[-152,-40],[-120,0],[-131,-32],[-95,-34],[-174,-93],[-178,-26],[-147,-15],[-150,-4],[-171,4],[-210,7],[-349,68],[-147,26],[-98,59],[-150,105],[-105,56],[-76,34],[-77,41],[-32,30],[-10,33],[3,41],[-7,60],[-31,56],[-105,71],[-248,82],[-188,56],[-95,0],[-24,-12]],[[1146636,508775],[-21,-10],[-39,-45],[-83,-34],[-95,-26],[-97,-19],[-179,-30],[-199,-22],[-45,-26],[-304,-49],[-251,-41],[-346,-37],[-307,-37],[-70,22],[-77,11],[-122,-7],[-158,-19],[-244,-41],[-262,-11],[-421,26],[-46,8],[-188,3],[-220,4],[-245,19],[-269,33],[-153,38],[-224,11],[-188,-11],[-168,-23],[-175,-7],[-245,11],[-157,52],[-123,60],[-136,63],[-143,68],[-122,11],[-196,78],[-118,49],[-91,74],[-171,165],[-98,108],[-98,127],[-70,127],[-21,52],[-7,67],[46,187],[7,74],[10,79],[42,108],[66,228],[53,179],[35,216],[3,138],[-10,157],[-21,108],[0,131],[-7,134],[-25,206],[53,45],[24,-15],[42,-34],[38,-90],[28,-112],[39,-126],[14,-131],[14,-175],[28,-378],[52,-321],[112,-276],[181,-295],[123,-149],[226,-204],[310,-225],[180,-100],[98,-11],[125,39],[67,5],[108,-22],[160,-55],[154,-88],[186,-60],[185,-55],[186,-33],[195,-11],[114,5],[118,28],[47,49],[0,22],[5,28],[67,-22],[113,-50],[170,-72],[83,0],[67,23],[46,33],[0,55],[26,11],[77,-17],[129,-49],[175,-56],[119,-5],[108,22],[62,6],[170,-17],[118,50],[109,27],[82,-5],[232,44],[36,44],[41,16],[175,-11],[98,-11],[103,0],[62,22],[98,-5],[103,-11],[114,5],[25,22],[11,28],[15,0],[88,-6],[108,0],[103,17],[124,27],[185,22],[126,-15]],[[1139091,511326],[-8,-127],[-34,-151],[-74,-152],[-96,-91],[-122,-72],[-105,-61],[-130,-18],[-105,-6],[-170,15],[-128,33],[-90,34],[-80,54],[-88,52],[-198,93],[-213,73],[-130,52],[-122,24],[-224,79],[-99,63],[-62,82],[-65,100],[-40,39],[-82,31],[-46,45],[-53,39],[-185,52],[-280,76],[-190,75],[-99,28],[-162,27],[-167,30],[-170,27],[-283,55],[-131,21],[-241,40],[-291,-10],[-176,10],[-286,27],[-210,6],[-329,-36],[-289,-64],[-190,-49],[-414,-127],[-130,-60],[-218,-76],[-230,-109],[-181,-136],[-128,-79],[-130,-82],[-122,-57],[-150,-40],[-68,-9],[-57,45],[-107,76],[-125,55],[-221,103],[-74,24],[-156,85],[-170,91],[-119,127],[-56,124],[-63,100],[-31,79],[-11,142],[51,133],[48,82],[-11,34],[-29,40],[-87,62],[-120,79],[-206,124],[-112,62],[-57,31],[-21,31],[-58,61],[-116,93],[-41,9],[-50,35],[-16,67],[-79,79],[-66,53],[-82,4],[-91,27],[-70,26],[-120,62],[-132,66],[-145,49],[-99,35],[-74,62],[-87,80],[-112,44],[-74,53],[-120,48],[-91,71],[-8,62],[-29,22],[-29,-13],[-83,0],[-103,44],[-91,62],[-91,0],[-128,57],[-177,62],[-157,110],[-136,66],[-79,89],[-58,22],[-82,66],[-5,97],[-4,106],[-4,80],[13,92],[-34,102],[-41,57],[-66,67],[-58,53],[-115,70],[-58,0],[-42,-17],[-66,-5],[-62,49],[-95,66],[-78,40],[-112,61],[-132,67],[-124,35],[-115,71],[-54,70],[-25,58],[46,70],[53,75],[75,27],[78,-9],[17,-31],[28,-44],[38,-31],[91,5],[57,13],[104,-9],[62,-35],[111,-93],[145,-159],[132,-199],[112,-163],[66,-49],[41,-13],[49,-4],[58,-22],[25,-53],[66,-89],[21,-35],[12,-75],[70,-80],[75,-106],[66,-61],[33,0],[50,22],[61,-22],[50,-36],[79,-66],[111,-75],[62,-4],[74,-27],[124,-106],[112,-97],[70,-66],[37,-27],[66,-17],[71,-45],[86,-22],[66,-48],[79,-62],[78,-35],[62,8],[38,0],[78,-61],[95,-58],[194,-137],[269,-212],[115,-88],[46,-53],[206,-225],[280,-221],[95,-64],[156,-95],[186,-108],[95,-50],[74,-21],[130,-9],[71,-12],[113,-116],[168,-187],[88,-97],[90,-146],[85,-136],[108,-112],[156,-88],[161,-12],[176,-12],[113,60],[176,76],[111,34],[96,72],[99,3],[68,27],[68,79],[43,52],[3,39],[-20,27],[-9,25],[23,27],[65,33],[142,0],[170,12],[241,37],[130,15],[193,-12],[161,15],[238,-9],[199,3],[190,6],[96,12],[99,45],[96,13],[103,-16],[218,-18],[71,0],[87,-42],[151,9],[119,6],[144,-15],[99,27],[77,-9],[79,-33],[119,-52],[116,-6],[57,6],[79,-45],[122,-49],[216,-82],[113,-21],[62,-27],[63,-51],[133,-67],[159,-36],[105,-28],[76,-51],[116,-58],[201,-97],[153,-51],[176,-70],[179,-88],[173,-106],[215,-91],[156,-27],[184,-15],[150,15],[94,58],[42,39],[31,49],[34,42],[0,39],[-34,31],[-34,0],[-19,-37],[-15,-27],[-5,18],[5,37],[17,57],[46,33],[54,31],[59,27],[74,15],[45,15],[17,28],[0,24],[-23,15],[-19,-3],[-34,0],[-9,12],[23,24],[51,0],[85,-24],[73,-67],[37,-115]],[[1157871,551863],[0,-2],[-2,-7],[-1,-3],[-2,-4],[-2,-3],[-2,-4],[-5,-7],[-15,-16],[-4,-5],[-3,-5],[-3,-6],[-2,-7],[-2,-8],[-1,-8],[-1,-10],[0,-10],[1,-42],[0,-10],[-1,-9],[-1,-9],[-1,-9],[-2,-8],[-3,-8],[-8,-15],[-3,-6],[-3,-5],[-3,-3],[-3,-3],[-7,-5],[-7,-5],[-19,-11],[-9,-6],[-25,-20],[-14,-11],[-6,-6],[-6,-6],[-5,-6],[-4,-6],[-4,-7],[-4,-9],[-3,-9],[-8,-23],[-2,-7],[-3,-6],[-7,-13],[-17,-30],[-8,-13],[-5,-11],[-6,-13],[-14,-34],[-4,-12],[-5,-13],[-4,-14],[-5,-15],[-7,-27],[-16,-66],[-4,-17],[-5,-16],[-4,-15],[-5,-14],[-5,-14],[-6,-12],[-11,-27],[-5,-10],[-6,-10],[-3,-5],[-3,-4],[-8,-9],[-6,-6],[-6,-4],[-2,-1],[-3,-1],[-4,-1],[-4,1],[-5,1],[-11,5],[-5,2],[-4,1],[-5,0],[-8,-1],[-2,0],[-2,-1],[0,-1],[-1,-2],[-2,-7],[-1,-3],[-1,-2],[-2,-1],[-4,-3],[-6,-2],[-6,-1],[-3,0],[-3,1],[-3,1],[-3,2],[-7,5],[-10,9],[-3,3],[-3,4],[-8,13],[-3,4],[-3,4],[-4,2],[-4,2],[-4,1],[-18,3],[-11,1],[-12,1],[-12,1],[-14,0],[-25,-1],[-58,-4],[-16,0],[-13,0],[-14,0],[-14,2],[-12,2],[-12,3],[-21,4],[-8,3],[-8,3],[-4,2],[-3,2],[-5,4],[-5,5],[-4,5],[-9,11],[-9,11],[-7,10],[-7,9],[-5,9],[-5,9],[-5,9],[-3,8],[-3,8],[-3,14],[-3,13],[-1,13],[0,12],[0,5],[1,5],[4,20],[2,8],[0,7],[0,7],[0,32],[0,8],[1,7],[2,9],[3,10],[4,11],[5,10],[5,11],[6,12],[20,33],[11,18],[9,14],[9,11],[8,11],[5,5],[5,5],[22,18],[8,7],[10,11],[11,13],[9,12],[21,29],[11,14],[10,12],[10,10],[11,10],[10,8],[9,8],[9,6],[7,5],[9,5],[9,4],[29,13],[9,5],[8,5],[17,11],[12,9],[10,8],[9,9],[5,6],[11,15],[5,6],[5,5],[5,5],[6,5],[6,4],[7,5],[7,4],[7,4],[8,4],[14,6],[15,6],[16,5],[41,14],[22,8],[32,12],[16,7],[16,5],[15,4],[21,6],[13,3],[13,2],[11,1],[12,-1],[14,-2],[16,-3],[20,-6],[10,-3],[25,-10],[7,-3],[6,-1],[5,0],[6,0],[5,1],[15,4],[7,1],[4,-1],[3,0],[3,-1],[3,-1],[6,-4],[3,-3],[3,-2],[1,-3],[0,-2]],[[1174121,548507],[-11,-336],[-50,-357],[-142,-504],[-138,-344],[-69,-111],[-42,-103],[-35,-114],[-46,-50],[-42,-12],[-34,8],[-8,54],[-8,73],[-15,62],[-4,123],[12,127],[19,107],[-27,159],[-27,189],[-23,168],[-15,185],[-23,114],[-23,86],[11,144],[46,107],[115,164],[77,102],[88,62],[100,122],[92,128],[50,102],[-4,62],[11,53],[69,-70],[46,-127],[35,-205],[15,-168]],[[1179390,566185],[0,-467],[-70,-467],[-159,-563],[-367,-786],[-328,-605],[-387,-658],[-357,-542],[-338,-530],[-208,-340],[-129,-181],[-129,-95],[-20,42],[109,128],[109,212],[219,361],[119,287],[218,371],[149,298],[70,201],[149,191],[89,128],[79,64],[70,53],[139,329],[20,170],[59,74],[60,85],[10,117],[30,74],[79,32],[119,95],[169,351],[109,446],[50,329],[39,85],[-109,403],[-337,605],[-110,136],[-178,194],[-447,435],[-308,234],[-665,307],[-615,213],[-1132,308],[-636,74],[-605,-53],[-387,-96],[-298,-191],[-209,-191],[-49,43],[-70,159],[-39,117],[-90,95],[-50,234],[-19,117],[39,127],[90,96],[39,63],[149,85],[298,53],[248,32],[169,0],[328,-53],[268,-117],[208,-63],[298,-64],[367,-21],[318,-32],[338,-53],[675,-170],[625,-255],[457,-202],[526,-138],[417,-170],[328,-180],[188,-287],[139,-265],[60,-372],[10,-446]],[[1131466,545063],[-1,-3],[-1,-8],[-3,-9],[-5,-10],[-6,-11],[-8,-15],[-3,-5],[-4,-4],[-3,-4],[-4,-4],[-5,-3],[-5,-4],[-5,-3],[-6,-3],[-11,-4],[-13,-4],[-12,-4],[-33,-8],[-17,-6],[-9,-3],[-7,-3],[-7,-3],[-7,-4],[-20,-13],[-20,-15],[-22,-17],[-23,-19],[-17,-15],[-18,-17],[-18,-18],[-18,-20],[-19,-21],[-19,-24],[-21,-25],[-24,-32],[-8,-10],[-7,-12],[-8,-12],[-7,-14],[-7,-14],[-7,-15],[-25,-55],[-10,-23],[-11,-22],[-6,-9],[-5,-10],[-7,-10],[-7,-9],[-7,-9],[-8,-8],[-7,-7],[-8,-7],[-8,-6],[-9,-5],[-15,-8],[-13,-6],[-11,-5],[-11,-3],[-4,-1],[-5,0],[-9,0],[-10,0],[-21,3],[-10,1],[-9,-1],[-7,-1],[-5,-2],[-4,-1],[-4,-3],[-5,-3],[-9,-7],[-20,-17],[-8,-7],[-5,-3],[-4,-3],[-5,-2],[-4,-2],[-6,-2],[-7,-1],[-8,0],[-8,1],[-7,1],[-9,1],[-36,9],[-9,1],[-8,1],[-7,0],[-7,-1],[-6,-1],[-5,-2],[-5,-3],[-5,-3],[-4,-5],[-5,-4],[-4,-5],[-5,-6],[-16,-25],[-8,-10],[-4,-5],[-4,-4],[-4,-4],[-4,-3],[-13,-9],[-13,-8],[-12,-7],[-12,-5],[-10,-4],[-11,-3],[-10,-3],[-10,-3],[-10,-2],[-10,-1],[-9,-1],[-8,-1],[-8,1],[-8,0],[-6,2],[-7,1],[-5,3],[-5,3],[-5,3],[-4,4],[-2,3],[-3,4],[-5,9],[-4,11],[-7,18],[-2,7],[-2,6],[-1,7],[-2,8],[-1,14],[-3,33],[-2,15],[-3,13],[-3,10],[-2,5],[-3,6],[-6,10],[-7,11],[-18,23],[-8,12],[-3,6],[-3,5],[-2,6],[-1,5],[-1,5],[-1,5],[0,5],[0,5],[1,10],[2,12],[4,11],[4,12],[5,12],[14,33],[4,10],[3,9],[3,10],[3,10],[1,9],[1,8],[1,18],[0,13],[-1,12],[-1,10],[-1,7],[-3,8],[-3,9],[-8,19],[-4,8],[-2,9],[-2,8],[-1,10],[-1,10],[0,12],[1,12],[2,12],[2,14],[3,15],[4,18],[5,19],[5,14],[4,13],[5,11],[8,14],[9,13],[4,6],[5,6],[5,5],[5,5],[7,7],[8,6],[9,5],[9,5],[9,5],[9,4],[10,3],[9,2],[5,1],[5,1],[18,-1],[6,0],[6,1],[5,1],[6,3],[6,4],[6,5],[15,15],[5,3],[4,3],[10,5],[9,3],[11,3],[12,3],[10,1],[12,1],[42,2],[17,1],[16,2],[17,1],[19,0],[19,0],[20,-1],[22,-1],[88,-7],[39,-2],[20,-1],[20,0],[18,1],[17,1],[17,2],[18,2],[18,4],[20,4],[17,4],[19,5],[63,18],[24,7],[23,5],[22,5],[22,4],[21,3],[20,1],[19,1],[47,1],[12,0],[11,-1],[11,-1],[10,-2],[10,-2],[9,-3],[16,-7],[7,-3],[7,-4],[7,-4],[6,-4],[6,-5],[6,-4],[4,-4],[4,-5],[12,-18],[5,-7],[5,-5],[5,-4],[3,-1],[4,-2],[15,-4],[4,-1],[2,-2],[2,-2],[1,-2],[0,-2],[1,-3],[0,-3]],[[1174604,556145],[-3,-88],[-27,-65],[3,-51],[-32,-122],[-41,-93],[-26,-82],[-82,-275],[-62,-241],[-46,-107],[-94,-363],[-32,-169],[-21,-159],[-44,-226],[-44,-72],[-17,-72],[-24,-59],[-26,-41],[-35,-6],[-44,19],[-26,15],[-21,32],[-6,162],[-11,116],[-15,244],[0,82],[-6,34],[-9,25],[-41,132],[-49,150],[-24,62],[-26,75],[-6,79],[6,84],[12,157],[-12,125],[-6,81],[3,97],[-15,50],[-20,29],[-9,22],[12,12],[20,19],[9,69],[3,62],[20,32],[79,65],[97,50],[155,82],[141,78],[102,63],[47,22],[26,43],[47,25],[41,29],[35,0],[47,-41],[44,-69],[20,-41],[21,-34],[12,-47]],[[1135471,545728],[0,-10],[-1,-10],[0,-6],[-1,-5],[-1,-5],[-3,-8],[-1,-2],[-2,-1],[-2,-1],[-2,-1],[-7,0],[-3,0],[-2,1],[-10,4],[-4,1],[-4,1],[-5,0],[-4,-1],[-5,-1],[-5,-2],[-5,-2],[-14,-7],[-5,-3],[-5,-3],[-6,-4],[-5,-5],[-11,-10],[-15,-17],[-3,-4],[-3,-4],[-11,-16],[-4,-7],[-5,-6],[-3,-2],[-2,-2],[-4,-2],[-4,-1],[-15,-5],[-6,-2],[-17,-8],[-17,-10],[-16,-11],[-15,-11],[-6,-5],[-6,-6],[-6,-7],[-6,-7],[-11,-15],[-20,-29],[-8,-12],[-9,-12],[-9,-10],[-10,-10],[-11,-10],[-12,-9],[-13,-10],[-13,-9],[-13,-9],[-50,-32],[-20,-13],[-19,-14],[-17,-14],[-28,-23],[-27,-25],[-27,-24],[-25,-24],[-34,-34],[-12,-13],[-10,-12],[-11,-13],[-25,-33],[-11,-15],[-13,-15],[-16,-16],[-18,-16],[-35,-32],[-15,-14],[-15,-15],[-13,-14],[-12,-14],[-22,-28],[-8,-10],[-10,-11],[-9,-9],[-24,-22],[-8,-7],[-8,-6],[-8,-5],[-7,-5],[-7,-3],[-8,-3],[-10,-3],[-12,-1],[-13,-1],[-20,-1],[-33,0],[-23,0],[-10,1],[-10,1],[-9,1],[-8,2],[-9,2],[-8,3],[-7,2],[-7,4],[-6,3],[-6,4],[-6,5],[-5,4],[-4,6],[-5,6],[-5,7],[-6,8],[-2,4],[-2,5],[-2,5],[-2,6],[-3,12],[-6,30],[-2,7],[-2,6],[-2,6],[-3,6],[-4,4],[-4,3],[-3,2],[-4,1],[-5,1],[-5,0],[-10,0],[-22,-3],[-9,-1],[-10,0],[-8,1],[-8,2],[-15,5],[-9,3],[-11,3],[-42,9],[-17,4],[-17,5],[-14,6],[-7,3],[-7,4],[-7,4],[-5,5],[-6,5],[-4,5],[-4,6],[-4,6],[-6,11],[-2,5],[-1,2],[-1,2],[0,2],[1,2],[1,3],[3,2],[3,3],[6,4],[3,1],[3,1],[14,3],[3,1],[3,2],[7,5],[8,6],[3,3],[2,4],[2,4],[2,4],[3,10],[6,21],[4,10],[2,3],[2,4],[2,3],[2,2],[7,5],[8,5],[10,4],[12,5],[8,2],[19,2],[5,1],[4,2],[3,2],[4,2],[13,9],[5,4],[15,8],[16,8],[17,7],[17,6],[18,5],[19,5],[20,4],[21,3],[13,1],[14,1],[14,1],[15,0],[11,0],[12,-1],[14,-2],[40,-6],[13,-1],[11,0],[28,0],[11,0],[11,1],[19,2],[17,2],[15,3],[13,3],[11,4],[13,5],[13,6],[16,8],[20,11],[14,8],[13,9],[11,8],[17,14],[11,10],[10,10],[8,9],[7,10],[5,9],[2,4],[2,5],[1,5],[1,4],[1,5],[0,5],[-1,23],[0,5],[0,4],[1,10],[1,7],[2,7],[1,6],[4,9],[4,8],[4,6],[4,4],[2,2],[3,2],[12,4],[4,3],[5,3],[6,5],[15,16],[8,9],[7,9],[7,11],[7,12],[5,11],[6,13],[17,41],[6,14],[7,14],[6,11],[6,11],[7,9],[7,9],[7,7],[9,9],[10,8],[10,8],[11,8],[10,7],[11,7],[12,7],[12,6],[13,6],[13,6],[15,6],[15,6],[28,10],[13,5],[12,3],[12,3],[11,2],[11,2],[11,2],[7,0],[8,1],[8,-1],[9,-1],[16,-2],[37,-7],[18,-2],[8,0],[7,0],[7,0],[7,1],[6,1],[6,1],[20,7],[9,3],[8,1],[7,1],[9,-1],[6,-1],[3,-1],[3,-1],[2,-2],[3,-3],[4,-6],[10,-16],[3,-4],[3,-3],[6,-4],[7,-5],[7,-3],[18,-8],[7,-4],[7,-4],[5,-4],[9,-9],[3,-4],[2,-3],[2,-3],[2,-4],[3,-10],[1,-7],[1,-7],[1,-8]],[[1163047,524212],[-2,-60],[-14,-70],[-44,-93],[-57,-52],[-44,-31],[-42,-23],[-41,-5],[-42,3],[-44,18],[0,14],[26,68],[6,84],[-21,133],[-15,43],[-10,86],[1,91],[9,75],[14,65],[12,170],[16,12],[19,0],[19,-7],[56,-40],[19,-41],[33,-120],[31,-63],[34,-32],[39,-59],[22,-47],[20,-119]],[[1108153,526698],[-30,15],[-52,54],[-97,83],[-85,77],[-39,68],[-25,18],[-67,54],[-60,41],[-71,59],[-48,76],[-30,52],[-113,113],[-110,123],[-67,79],[-46,66],[-89,123],[-35,17],[-18,34],[-60,101],[-53,34],[-82,64],[-95,79],[-36,56],[-40,99],[-64,179],[-67,145],[-121,260],[-99,258],[-163,386],[-129,305],[-30,93],[-50,150],[-23,98],[-53,238],[-44,163],[-55,290],[-51,267],[-7,94],[-11,120],[-37,189],[-18,148],[-28,100],[-18,67],[-9,81],[11,59],[0,56],[-23,74],[-27,74],[-21,71],[-9,83],[16,50],[-5,49],[-14,96],[-2,73],[9,64],[26,71],[9,49],[7,40],[-26,37],[-41,9],[-46,32],[-7,81],[-44,133],[-52,199],[-69,189],[-74,273],[-76,256],[-34,189],[-124,538],[-78,356],[-65,307],[-66,297],[-92,359],[-85,290],[-53,152],[-78,254],[-46,162],[-58,145],[-82,186],[-42,133],[-53,174],[-50,116],[-30,103],[-28,172],[-41,351],[21,219],[29,332],[23,329],[-6,145],[-19,64],[-18,98],[2,94],[28,179],[53,211],[78,244],[39,130],[64,100],[85,136],[115,137],[177,194],[147,182],[74,106],[52,101],[74,127],[39,133],[28,74],[48,49],[142,32],[113,42],[117,51],[76,8],[115,7],[198,20],[110,-27],[34,-62],[-4,-64],[-19,-78],[-30,-72],[-52,-51],[-72,-69],[-71,-32],[-57,-29],[-49,-64],[-27,-74],[-44,-96],[-62,-103],[-69,-111],[-39,-24],[-53,-37],[-55,-106],[-57,-69],[-88,-95],[-108,-239],[-34,-162],[-44,-140],[-48,-108],[-39,-101],[-41,-248],[-17,-86],[-46,-341],[-34,-369],[-30,-388],[-9,-246],[-7,-113],[0,-182],[7,-194],[23,-98],[32,-160],[28,-226],[16,-91],[-3,-76],[33,-135],[53,-202],[20,-71],[19,-120],[-7,-150],[13,-177],[40,-187],[75,-260],[49,-121],[23,-110],[27,-236],[2,-93],[14,-246],[42,-246],[59,-317],[42,-154],[27,-140],[28,-246],[32,-152],[18,-224],[37,-219],[85,-322],[37,-120],[28,-71],[66,-248],[23,-52],[16,-84],[26,-110],[36,-86],[10,-84],[23,-81],[41,-110],[44,-128],[18,-133],[16,-103],[51,-113],[59,-120],[28,-118],[9,-187],[12,-83],[20,-283],[67,-344],[92,-430],[99,-381],[39,-157],[112,-373],[88,-239],[135,-250],[170,-283],[76,-150],[78,-164],[115,-167],[170,-167],[154,-148],[161,-169],[179,-197],[141,-152],[71,-81],[11,-37]],[[1359296,1061719],[-8,-20],[-36,-16],[-52,-25],[-2,-34],[19,-45],[24,-36],[15,-15],[2,-26],[-24,-15],[-16,-48],[-19,-113],[-27,-194],[-19,-164],[24,-198],[8,-75],[67,-63],[-43,-26],[-35,-21],[-103,-17],[-94,-89],[-102,-172],[-114,-64],[-95,-72],[-110,-105],[-110,-38],[-102,-13],[-127,29],[-79,58],[-55,55],[-47,83],[-44,79],[-17,68],[-24,245],[-43,117],[-12,126],[7,106],[-11,92],[-53,47],[-157,58],[-162,45],[75,38],[110,9],[127,3],[112,30],[99,24],[103,43],[71,46],[137,156],[80,130],[46,105],[34,102],[23,98],[32,51],[43,9],[38,-24],[17,-43],[15,-40],[23,-29],[52,-27],[66,-38],[98,-7],[108,-13],[63,-9],[65,-51],[60,-19],[50,-25],[29,-23]],[[1355229,1103293],[-4,-153],[-45,-121],[-50,-87],[-77,-87],[-87,-49],[-98,-45],[-109,-30],[-106,-92],[-6,-75],[-12,-22],[-22,12],[-75,200],[-2,157],[-21,70],[-33,157],[-42,214],[-66,149],[-81,185],[-109,121],[-28,60],[28,102],[-35,57],[-56,87],[-98,98],[-3,53],[21,60],[63,63],[103,88],[82,49],[207,69],[116,49],[87,4],[106,-212],[52,-147],[74,-193],[81,-258],[38,-112],[56,-57],[59,-68],[74,-152],[18,-144]],[[1359477,1062280],[-6,-33],[-52,-41],[-1,-27],[32,-32],[-38,-47],[-120,-47],[-231,-30],[-109,17],[-133,71],[-22,36],[-25,53],[11,68],[5,30],[123,30],[239,97],[72,8],[63,-25],[108,-95],[84,-33]],[[1640664,464491],[161,-373],[57,-33],[91,-147],[270,-496],[357,-621],[183,-311],[41,-103],[117,-202],[158,-376],[20,-44],[56,-22],[87,-190],[152,-322],[179,-425],[356,-812],[331,-757],[270,-442],[259,-491],[209,-370],[306,-480],[280,-311],[474,-403],[398,-268],[265,-142],[153,-98],[204,-120],[388,-273],[92,-65]],[[1646578,455794],[397,-279],[148,-71],[41,11],[148,-76],[372,-121],[164,-11],[183,33],[342,-55],[286,-1],[194,-5],[194,16],[112,-17],[148,11],[123,43],[143,-5],[229,59],[199,93],[210,125],[194,70],[209,87],[107,32],[148,98],[200,54],[127,11],[112,38],[138,-6],[169,22],[163,27],[174,11],[158,32],[153,0],[87,-6],[204,16],[240,11],[143,32],[107,87],[87,60],[148,109],[87,76],[46,141],[61,109],[128,93],[163,130],[128,71],[199,108],[143,66],[159,59],[168,38],[143,22],[76,27],[97,11],[51,27],[149,27],[107,0],[97,5],[61,38],[148,11],[122,-1],[118,11],[117,22],[67,43],[91,-22],[113,-38],[132,5],[153,11],[46,-6],[72,27],[46,22],[56,-5],[87,-28],[112,11],[107,11],[72,5],[61,-16],[71,-17],[62,33],[132,-39],[214,-87],[250,-88],[113,-38],[137,-87],[215,-55],[96,-98],[123,-71],[219,-240],[37,-45]],[[1658731,456608],[167,-200],[147,-208],[224,-327],[62,-92],[61,-39],[142,-180],[276,-289],[265,-196],[316,-180],[311,-159],[194,-11],[143,22],[107,-1],[148,6],[31,43],[209,22],[194,-66],[291,-55],[153,-49],[48,-40]],[[1662220,454609],[43,-37],[92,-92],[97,-109],[183,-229],[41,-88],[30,-70],[270,-300],[148,-186],[189,-245],[234,-251],[377,-393],[168,-163],[352,-246],[372,-278],[209,-159],[495,-278],[352,-170],[357,-185],[387,-213],[235,-186],[377,-273],[183,-142],[72,-81],[188,-104],[189,-148],[285,-196],[439,-235],[474,-224],[775,-377],[202,-89]],[[1670035,448862],[283,-124],[362,-99],[535,-104],[434,-55],[500,-18],[398,11],[266,81],[260,163],[138,185],[39,79],[16,34],[-4,44],[25,28],[20,40],[9,62],[-11,35],[-30,16],[-29,39],[19,8],[38,9],[20,24],[5,26],[-6,11],[-25,4],[-26,-7],[-12,-8],[-7,8],[16,37],[29,32],[20,31],[30,48],[10,30],[-7,22],[-14,16],[-4,22],[14,30],[18,23],[23,8],[61,-32],[80,-40],[30,-32],[-6,-104],[-43,-163],[-37,-247],[-37,-195],[-12,-183],[-50,-175],[-91,-137],[-214,-110],[-177,-26],[-134,-6],[-104,32],[-219,-38],[-293,13],[-128,14],[-275,-33],[-250,66],[-292,66],[-311,59],[-256,46],[-287,59],[-244,-6],[-62,12]],[[1670036,448493],[-109,20],[-390,209],[-500,301],[-426,241],[-232,92],[-134,32],[-140,27],[-165,104],[-146,124],[-158,111],[-74,72],[-73,84],[-134,157],[-207,196],[-176,156],[-171,150],[-122,91],[-79,92],[-67,91],[-256,131],[-164,91],[-92,98],[-195,72],[-287,98],[-219,72],[-110,58],[-195,92],[-170,130],[-317,118],[-287,98],[-287,79],[-292,124],[-122,111],[-122,78],[-79,65],[0,85],[-165,91],[-231,131],[-92,111],[-42,156],[-12,130],[0,124],[18,85],[1,97],[-91,319],[-79,202],[-104,170],[-103,143],[-104,137],[-143,95]],[[1662192,454434],[-3,3],[-214,117],[-262,105],[-262,46],[-226,-13],[-317,-71],[-342,-12],[-231,0],[-409,14],[-165,-7],[-152,33],[-134,104],[-140,170],[-37,124],[13,149],[-67,124],[-86,131],[-48,91],[18,104],[-121,306],[-195,339],[-73,139],[-75,72]],[[1658664,456502],[-90,85],[-237,182],[-354,242],[-171,98],[-182,124],[-171,65],[-128,0],[-403,27],[-396,-12],[-263,6],[-530,8],[-446,-65],[-317,-25],[-409,-71],[-403,-149],[-244,-169],[-214,-182],[-91,-98],[-98,-162],[-104,-117],[-31,-85],[-12,-104],[-61,-91],[-92,-78],[-280,-71],[-281,-20],[-220,27],[-408,-13],[-281,-45],[-232,-12],[-415,-91],[-268,-58],[-305,-130],[-312,-162],[-323,-143],[-409,-117],[-195,-32],[-385,7],[-378,27],[-384,13],[-268,-6],[-397,59],[-207,79],[-55,-7],[-140,52],[-232,144],[-325,233]],[[1646517,455665],[-321,230],[-146,98],[-171,124],[-67,59],[-49,45],[-268,124],[-171,72],[-201,131],[-213,111],[-159,123],[-170,111],[-226,118],[-280,215],[-140,235],[-122,202],[-98,149],[-79,255],[-115,221],[-122,254],[-110,209],[-231,280],[-195,293],[-158,352],[-91,267],[-67,169],[-79,358],[-37,228],[-60,254],[-165,372],[-146,241],[-188,339],[-128,169],[-140,254],[-79,182],[-195,359],[-134,208],[-67,144],[-122,202],[-140,254],[-55,143],[7,169],[-31,92],[-49,110],[-28,82],[-39,93],[-39,90],[-4,4]],[[1640629,464459],[-74,60],[-89,83],[-91,70],[-45,8],[-47,0],[-24,30],[-20,18],[-41,68],[-60,75],[-69,68],[-33,38],[-47,73],[-33,46],[-47,32],[-50,60],[-2,53],[-11,66],[-15,70],[-31,53],[-69,78],[-62,62],[-30,6],[-15,-10],[-74,14],[-17,-125],[-19,8],[10,109],[-43,18],[-73,16],[-113,80],[-136,109],[-80,100],[-52,60],[-116,81],[-85,54],[-66,64],[-67,46],[-117,57],[-84,68],[-82,58],[-253,116],[-317,108],[-354,163],[-228,176],[-228,217],[-317,298],[-171,236],[-199,256],[-81,169],[-71,234],[-36,207],[67,229],[138,147],[158,228],[297,414],[184,370],[128,272],[43,123],[-63,101],[-26,92],[88,259],[150,273],[90,356],[51,174],[40,111],[45,118],[89,125],[51,152],[46,120],[84,52],[80,-8],[35,-44],[31,-55],[0,-65],[-51,-136],[-62,-153],[-35,-65],[-57,-32],[-92,-33],[-71,-240],[-31,-87],[-51,-76],[-62,-289],[-40,-326],[-32,-359],[0,-197],[15,-180],[46,-288],[81,-300],[122,-387],[92,-267],[177,-589],[250,-604],[239,-431],[255,-420],[260,-360],[97,-60],[709,-600],[152,-267],[56,-136],[174,-224],[137,-169],[107,-109],[107,-43],[67,-93],[143,-93],[1,-3]],[[1655322,504335],[-18,-53],[-17,-40],[-9,-40],[-24,-25],[-29,-16],[-32,-59],[-26,-31],[-38,-3],[-38,-3],[-32,-9],[-47,-47],[-41,-56],[-26,-46],[-46,-35],[-62,-31],[-84,-46],[-73,-50],[-79,-62],[-41,-46],[-38,-22],[-52,-31],[-73,-68],[-85,-63],[-81,-58],[-88,-78],[-52,-16],[-59,-15],[-52,-31],[-88,-71],[-87,-78],[-59,-81],[-52,-62],[-38,-93],[-53,-59],[-52,-62],[-44,-66],[-50,-99],[-32,-68],[-44,-72],[-44,-65],[-32,-59],[-32,-25],[-41,-19],[-40,-62],[-33,-80],[-52,-103],[-29,-53],[-44,-62],[-47,-84],[-50,-74],[-26,-72],[-20,-68],[-9,-31],[-24,-22],[-40,-28],[-38,-37],[-24,-56],[-29,-109],[-32,-146],[-15,-149],[-15,-112],[-9,-90],[-20,-78],[-26,-93],[-33,-84],[-40,-69],[-15,-77],[-18,-47],[-52,-22],[-105,-34],[3,-22],[32,-24],[17,-69],[15,-59],[-6,-81],[-18,-96],[-44,-81],[-29,-53],[-47,-96],[-38,-56],[-61,-44],[-55,-24],[-47,3],[-44,34],[-52,13],[-67,12],[-49,87],[11,75],[47,152],[18,131],[-18,112],[-14,84],[-29,81],[-38,46],[-11,19],[20,59],[32,50],[64,93],[47,93],[73,187],[44,133],[21,109],[3,115],[-12,109],[-38,93],[-43,137],[-23,125],[-26,56],[0,15],[38,50],[52,81],[32,81],[30,115],[11,96],[4,168],[-9,78],[-29,59],[-35,56],[0,40],[20,62],[1,88],[-6,77],[-23,47],[-35,12],[-47,-3],[-35,-18],[-32,0],[-20,19],[3,34],[17,15],[38,0],[32,-22],[29,0],[26,22],[35,40],[53,28],[26,28],[12,31],[12,13],[46,25],[41,-10],[47,-22],[81,-65],[64,-50],[64,-53],[73,-37],[58,-7],[29,28],[-5,35],[23,0],[20,-16],[-11,-25],[14,-22],[32,-3],[38,-25],[50,-22],[49,-15],[76,-13],[44,13],[58,-4],[35,-31],[46,-31],[67,28],[41,22],[56,-32],[52,7],[79,37],[67,65],[58,84],[12,56],[58,65],[79,56],[59,59],[64,56],[84,40],[44,22],[64,6],[44,40],[23,47],[29,75],[47,55],[82,22],[35,53],[46,12],[56,3],[49,25],[27,53],[35,40],[87,50],[53,50],[79,46],[52,31],[29,31],[3,28],[-3,22],[21,31],[61,28],[50,46],[78,59],[3,38],[24,59],[20,34],[35,12],[41,-3],[29,-28],[17,-22],[12,-28],[3,-31],[17,-22],[15,-15],[17,9],[6,10],[6,31],[9,18],[15,16],[0,18],[0,13],[-15,9],[15,19],[29,-19]],[[1642080,481462],[-11,-48],[-29,-24],[-64,-63],[-7,-47],[-52,-48],[-52,-12],[-34,-55],[-33,-51],[-11,-75],[-19,-56],[-26,0],[-29,-4],[-15,-55],[-30,-60],[-15,-43],[-19,4],[-25,4],[-26,-36],[-49,-103],[-33,-90],[-86,-111],[-78,-75],[-55,-40],[-34,0],[-18,-24],[-52,-31],[-41,0],[-63,4],[-19,48],[0,63],[-3,87],[30,67],[37,52],[67,31],[26,48],[29,27],[67,44],[63,43],[37,60],[49,55],[55,47],[19,40],[48,43],[48,44],[60,67],[44,83],[71,115],[78,87],[59,20],[63,-5],[78,-27]],[[1683844,485400],[-166,-655],[-697,-465],[-754,-62],[-731,341],[-389,592],[12,819],[295,528],[778,-75],[746,-51],[577,-90],[329,-882]],[[1681219,468433],[-9,-68],[-55,-99],[-140,-81],[-148,-80],[-224,-133],[-192,-136],[-166,-121],[-291,-297],[-326,-399],[-134,-164],[-125,-186],[-187,-338],[-227,-496],[-170,-517],[-158,-413],[-115,-342],[-114,-287],[-177,-398],[-140,-303],[-120,-177],[-160,-209],[-192,-215],[-301,-298],[-249,-193],[-233,-165],[-362,-246],[-311,-198],[-83,-55],[-47,-11],[-285,-165],[-347,-276],[-518,-507],[-280,-287],[-373,-320],[-171,-176],[-389,-452],[-181,-213],[-102,-149],[-72,-111],[-130,-247],[-137,-279],[-142,-301],[-128,-341],[-44,-104],[-35,-99],[-9,-62],[-7,-128],[-1,-70],[-42,-212],[-23,-49],[-12,-92],[3,-52],[-42,-262],[-31,-252],[-7,-240],[13,-262],[16,-336],[-5,-309],[-5,-280],[-28,-212],[-52,-228],[-44,-202],[-37,-94],[-60,-15],[-42,-7],[-19,20],[14,54],[19,104],[30,111],[40,245],[21,210],[17,156],[-7,61],[19,191],[0,173],[3,126],[-5,116],[0,106],[-11,136],[-7,127],[12,224],[9,87],[0,94],[10,94],[9,131],[24,133],[30,156],[86,420],[1,52],[23,52],[14,82],[14,133],[30,96],[44,77],[58,82],[49,106],[26,99],[37,76],[81,111],[72,136],[70,148],[35,75],[51,64],[46,84],[40,106],[23,37],[35,40],[26,71],[28,67],[134,222],[98,143],[104,122],[62,110],[145,88],[140,116],[11,94],[57,132],[119,133],[93,99],[52,38],[62,-16],[36,-61],[68,-28],[93,72],[98,88],[26,77],[-31,44],[21,61],[166,110],[181,127],[37,66],[109,72],[108,127],[166,176],[244,199],[38,37],[61,56],[66,37],[68,19],[-1,-10],[-39,-18],[-42,-17],[-19,-44],[21,-42],[51,0],[55,16],[54,37],[62,17],[52,21],[9,32],[9,49],[50,45],[44,42],[11,28],[29,9],[48,16],[37,14],[55,7],[37,0],[31,16],[11,35],[0,40],[-7,49],[31,56],[46,45],[53,60],[107,58],[153,66],[167,83],[103,80],[53,42],[2,56],[48,84],[88,56],[68,84],[83,79],[77,103],[15,49],[7,51],[46,86],[42,52],[72,119],[79,140],[35,56],[40,32],[26,28],[33,75],[62,72],[46,82],[24,91],[-4,40],[-7,51],[35,84],[35,91],[27,92],[39,91],[31,93],[42,72],[37,73],[0,35],[0,37],[-2,52],[18,44],[26,23],[11,-2],[-2,-24],[-2,-14],[19,-7],[42,35],[19,40],[-17,45],[-17,60],[4,68],[17,86],[42,70],[46,70],[13,61],[-9,68],[22,107],[66,112],[62,80],[85,70],[35,44],[48,37],[33,49],[-2,42],[-41,43],[-9,25],[24,103],[59,119],[36,70],[55,79],[39,33],[31,44],[35,73],[63,84],[79,88],[71,52],[61,49],[57,53],[24,73],[5,53],[0,43],[44,25],[54,35],[57,42],[44,47],[55,21],[72,51],[40,44],[22,54],[11,79],[-15,59],[-20,42],[-2,42],[28,63],[86,75],[96,74],[86,65],[77,45],[50,26],[180,58],[180,59],[166,68],[99,34],[125,49],[38,22],[32,-19],[17,-19],[9,-40]],[[1663404,473359],[-50,-40],[-81,-65],[-31,-100],[13,-66],[55,-106],[37,-79],[19,-79],[-56,-13],[-68,46],[-50,66],[-49,80],[-18,79],[0,46],[-50,33],[-105,40],[-50,27],[-55,92],[-25,106],[-24,132],[-31,199],[-12,132],[0,112],[37,60],[56,119],[44,171],[0,106],[-37,79],[31,20],[43,-26],[37,-33],[50,-73],[80,-113],[68,-112],[43,-119],[56,-106],[37,-126],[37,-139],[-1,-119],[6,-112],[31,-66],[13,-53]],[[1652830,495940],[0,-37],[-20,-40],[-43,-35],[-58,3],[-55,-11],[-65,-34],[-5,75],[15,16],[23,21],[20,27],[15,37],[33,43],[42,16],[30,-14],[28,-8],[30,-29],[10,-30]],[[1692596,471914],[-115,-142],[-214,-297],[-220,-250],[-150,-217],[-129,-160],[-161,-154],[-198,-136],[-145,-68],[-155,-17],[-214,-34],[-300,-68],[-294,-62],[-84,-2],[-90,-27],[-132,-54],[-84,-31],[-72,-37],[-54,-6],[-70,-51],[-76,-39],[-131,-57],[-58,-8],[-60,-33],[-61,-33],[-70,-37],[-35,-2],[-37,-15],[-68,-42],[-58,-17],[-49,0],[-66,-29],[-102,-17],[-74,0],[-85,-22],[-76,-17],[-88,-20],[-93,-8],[-84,-9],[-64,-4],[-51,-2],[-33,2],[-31,24],[-18,22],[-6,24],[-11,31],[-16,48],[8,14],[54,-1],[76,-6],[66,-7],[92,-7],[76,2],[80,22],[80,7],[99,21],[66,31],[51,13],[50,0],[57,13],[33,22],[33,22],[62,-1],[57,24],[54,0],[84,35],[39,0],[53,11],[17,31],[43,8],[45,-2],[68,31],[91,37],[92,54],[39,29],[78,44],[101,61],[130,72],[62,20],[41,10],[27,-5],[43,-2],[39,18],[44,25],[72,16],[51,-6],[31,4],[39,31],[64,0],[76,0],[60,-4],[53,41],[35,35],[44,13],[53,24],[60,0],[53,29],[48,27],[22,0],[15,-21],[6,-8],[8,21],[2,27],[35,39],[72,33],[111,52],[76,39],[105,68],[110,66],[51,48],[47,39],[56,6],[29,19],[39,43],[45,38],[35,20],[-15,23],[-18,27],[-4,23],[22,8],[25,-16],[13,-7],[20,21],[4,25],[-8,37],[27,11],[39,-15],[35,19],[8,31],[-21,27],[-31,45],[6,58],[52,40],[22,18],[17,-4],[31,-19],[35,-4],[27,40],[-7,37],[-39,43],[-31,42],[-12,50],[22,48],[39,14],[77,35],[74,21],[148,76],[4,3]],[[1692508,471983],[57,38],[48,27],[31,29],[39,52],[59,46],[74,43],[62,18],[66,23],[31,15],[23,43],[26,33],[41,42],[35,87],[-2,79],[25,82],[18,81],[60,62],[63,46],[66,43],[72,40],[95,53],[101,42],[64,12],[47,-4],[39,-27],[43,-5],[54,21],[45,-4],[42,-13],[37,-25],[43,-54],[19,-37],[0,-35],[0,-44],[16,-41],[33,-38],[44,-23],[74,-4],[84,14],[79,23],[76,23],[78,37],[53,31],[64,39],[41,15],[23,-3],[29,-25],[39,-43],[41,-85],[48,-85],[31,-50],[50,-69],[82,-104],[105,-120],[114,-94],[93,-52],[121,-37],[112,-7],[101,8],[43,13],[39,0],[31,22],[16,21],[-6,17],[4,22],[25,17],[31,-6],[70,0],[96,26],[101,35],[72,21],[35,31],[31,12],[66,11],[60,0],[60,22],[55,21],[45,27],[39,47],[33,58],[41,42],[31,27],[58,53],[22,40],[64,68],[60,52],[6,27],[2,43],[18,46],[48,56],[28,35],[15,58],[12,54],[31,37],[47,48],[50,39],[43,17],[63,22],[73,37],[70,34],[80,37],[68,33],[45,29],[12,29],[25,14],[29,6],[43,-2],[41,-2],[44,8],[39,15],[39,16],[47,0],[87,12],[119,21],[200,16],[119,-15],[180,-33],[165,-59],[100,-35],[106,-29],[148,-46],[99,-48],[33,-23],[41,-44],[128,-62],[70,-44],[56,-13],[41,-4],[89,-19],[86,-8],[89,-4],[88,12],[93,43],[95,50],[59,49],[50,56],[39,40],[33,16],[55,39],[74,94],[25,58],[37,41],[47,58],[47,58],[33,62],[51,77],[21,64],[39,46],[21,37],[35,33],[57,52],[54,35],[8,39],[26,37],[29,56],[29,13],[29,12],[26,48],[64,33],[78,52],[83,62],[68,41],[39,50],[88,58],[89,70],[96,51],[105,85],[103,58],[117,89],[97,75],[88,74],[85,95],[129,178],[80,110],[142,263],[28,87],[25,56],[41,44],[64,103],[47,89],[14,79],[11,71],[36,72],[44,54],[14,41],[-29,36],[-13,47],[25,34],[37,8],[60,49],[60,58],[32,50],[11,50],[2,41],[14,34],[60,30],[63,48],[113,91],[50,66],[55,58],[39,50],[64,89],[27,25],[53,12],[13,29],[16,33],[55,89],[50,63],[14,68],[47,74],[72,121],[53,145],[11,74],[26,208],[12,128],[15,107],[-16,177],[-53,217],[-42,126],[-53,189],[-64,200],[-80,137],[-107,91],[-38,40],[-80,69],[-64,17],[-75,-28],[-43,17],[-69,69],[-198,212],[-101,125],[-134,98],[-149,86],[-118,0],[-123,-17],[-107,-57],[-81,-51],[-64,-68],[-27,-86],[-27,-51],[6,-75],[10,-51],[-11,-28],[-42,-23],[-43,34],[-22,80],[-10,63],[-75,86],[-96,97],[-59,86],[-58,57],[-59,69],[-5,74],[64,74],[70,68],[53,69],[54,28],[59,23],[91,23],[43,68],[85,74],[54,63],[96,5],[150,-17],[203,-143],[267,-252],[332,-286],[352,-298],[310,-241],[128,-63],[123,-91],[118,-52],[155,-86],[107,-120],[69,-149],[29,-95],[8,-90],[-27,-89],[-34,-178],[-12,-127],[-46,-117],[-43,-120],[-21,-166],[-38,-136],[-59,-132],[-145,-119],[-139,-131],[-220,-194],[-129,-103],[-235,-216],[-124,-154],[-102,-154],[-161,-182],[-91,-154],[-102,-217],[-134,-245],[-43,-114],[-6,-257],[-54,-240],[-91,-177],[-172,-137],[-155,-142],[-118,-45],[-214,-80],[-204,-114],[-353,-216],[-225,-222],[-183,-165],[-177,-223],[-198,-302],[-81,-125],[-101,-86],[-92,-234],[-86,-199],[-96,-234],[-108,-171],[-177,-137],[-107,-68],[-160,17],[-161,75],[-165,97],[-75,109],[-85,148],[-80,189],[-32,103],[-96,109],[-161,103],[-294,103],[-363,47],[-241,-34],[-268,-74],[-225,-125],[-230,-137],[-140,-159],[-118,-245],[-75,-183],[-177,-131],[-160,-80],[-252,-62],[-305,-113],[-150,-86],[-113,-40],[-117,-45],[-118,-63],[-161,-45],[-176,40],[-113,98],[-101,86],[-182,103],[-219,97],[-214,75],[-176,57],[-150,29],[-203,23],[-268,-39],[-262,-79],[-204,-109],[-160,-91],[-215,-182],[-19,-23]],[[1639525,476283],[-3,-22],[-68,-64],[-34,-58],[-49,-173],[-116,-183],[-31,-101],[-16,-111],[-60,-107],[6,-122],[-44,-182],[-33,-307],[13,-258],[-12,-38],[-26,-14],[-26,4],[-23,27],[-56,144],[-79,139],[-29,79],[-1,101],[20,131],[38,106],[91,147],[17,103],[145,215],[51,147],[129,215],[49,124],[53,63],[71,12],[23,-17]],[[1690973,485626],[-396,-1019],[-379,118],[-548,195],[-490,348],[-35,284],[283,202],[260,559],[325,126],[491,-339],[489,-474]],[[1655708,507894],[0,-70],[0,-83],[0,-53],[-5,-39],[-17,-36],[-18,-60],[0,-57],[-7,-73],[-12,-73],[-30,-99],[-34,-70],[-27,-39],[-22,-8],[-27,5],[-39,1],[-29,-16],[-37,-10],[-22,7],[-17,19],[-5,36],[7,45],[18,46],[9,68],[15,89],[8,55],[14,40],[30,37],[19,39],[10,65],[0,78],[-4,89],[-10,81],[-10,104],[-5,68],[0,26],[20,37],[20,20],[34,13],[27,-15],[29,-53],[34,-39],[22,-21],[20,-31],[12,-31],[0,-24],[7,-23],[17,-13],[5,-32]],[[1658531,482356],[0,-34],[-8,-22],[-36,5],[-97,34],[-52,0],[-64,22],[-69,30],[-84,56],[-69,30],[-80,47],[-93,22],[-96,5],[-129,30],[-109,13],[33,34],[72,26],[85,34],[100,56],[53,30],[16,38],[0,35],[0,64],[-12,73],[-28,99],[77,43],[108,-39],[101,-60],[104,-65],[61,-120],[3,-82],[49,-86],[28,-56],[12,-38],[16,-30],[-4,-52],[-25,-56],[4,-30],[29,-13],[60,9],[40,-13],[4,-39]],[[1653283,510158],[0,-89],[-17,-96],[-34,-143],[-23,-126],[-39,-78],[-17,-119],[0,-60],[45,-48],[50,-54],[0,-42],[0,-53],[-23,-36],[-33,0],[-23,-30],[0,-84],[6,-77],[22,-90],[22,-96],[28,-72],[-34,-65],[-39,-24],[-56,-36],[-28,-84],[-17,-89],[-28,-42],[-67,72],[-28,54],[-45,101],[-39,84],[-67,120],[-84,90],[-5,89],[33,54],[28,84],[1,83],[0,108],[5,66],[23,95],[39,96],[12,90],[22,71],[39,72],[17,60],[0,66],[34,71],[45,174],[45,59],[67,42],[79,-30],[61,-60],[23,-78]],[[1689240,489834],[-23,-453],[-307,-341],[-531,-164],[-378,38],[-214,264],[-107,402],[-35,416],[95,266],[49,265],[615,226],[624,-315],[212,-604]],[[1660622,480179],[-48,-236],[-55,-157],[-30,-40],[-104,-51],[-202,-36],[-55,7],[-97,64],[-53,14],[-131,-36],[-104,-35],[-50,-5],[92,57],[49,65],[52,114],[30,126],[37,111],[0,112],[-12,159],[-5,201],[-28,129],[-42,84],[-33,32],[-42,7],[-103,-36],[-36,13],[-20,68],[30,54],[12,17],[18,28],[48,22],[89,-39],[137,-52],[116,-123],[169,-152],[233,-112],[80,-110],[57,-150],[1,-114]],[[1640488,479556],[-11,-72],[-26,-71],[-83,-133],[-45,-106],[-49,-36],[-98,-17],[-46,-38],[-39,-50],[-55,-101],[-109,-260],[-33,-122],[-68,-345],[-41,-82],[-84,-98],[-33,-78],[-4,-167],[32,-224],[-18,-71],[-17,-7],[-150,240],[-25,166],[-104,174],[-50,136],[-16,219],[30,266],[-2,106],[-27,102],[-62,118],[13,182],[-57,146],[-10,88],[24,51],[75,95],[43,83],[4,95],[12,34],[255,89],[79,14],[82,-5],[329,-130],[121,-23],[146,29],[49,-8],[34,-18],[23,-32],[10,-42],[1,-97]],[[1570549,669350],[-6,-292],[-32,-78],[-46,-81],[-57,-13],[-56,25],[-39,89],[-22,85],[-30,116],[-16,90],[-58,91],[-115,181],[-79,117],[-172,276],[-98,186],[-158,344],[-130,167],[-171,212],[-104,137],[-33,85],[9,144],[13,81],[54,64],[40,60],[-49,142],[-72,123],[-88,139],[-100,77],[-178,139],[-59,52],[-10,60],[83,119],[69,70],[69,27],[76,29],[94,-29],[94,12],[117,-35],[143,-107],[100,-114],[53,-29],[72,-37],[53,-100],[176,-136],[104,-60],[7,-69],[59,-126],[122,-351],[96,-327],[114,-494],[33,-212],[51,-201],[28,-176],[49,-472]],[[1568577,701862],[-79,-145],[-136,-100],[-44,-81],[-203,-316],[-193,-171],[-55,-103],[-79,-101],[-115,-222],[-127,-173],[-65,9],[-71,-75],[-42,-22],[-23,-108],[-149,-49],[-74,-35],[-56,-5],[-37,30],[-9,54],[-36,52],[12,112],[2,194],[44,259],[-1,89],[-12,63],[-88,295],[-159,268],[-72,184],[-149,279],[-47,84],[-97,164],[-200,172],[-159,134],[-156,86],[-267,99],[-124,87],[-111,45],[-24,25],[-15,38],[18,41],[30,19],[65,10],[88,-5],[93,-24],[126,-31],[98,-40],[167,-40],[142,-39],[142,14],[125,-21],[69,12],[95,-4],[71,-11],[89,74],[12,70],[31,29],[57,10],[64,-22],[181,-100],[191,-66],[206,-136],[155,-82],[91,-34],[77,-67],[41,-19],[44,-7],[52,9],[138,110],[61,2],[45,-29],[123,-98],[81,-202],[134,-274],[14,-165]],[[1128342,6692],[-4,-56],[-13,-46],[-48,-56],[-57,-65],[-13,-46],[-26,-56],[-13,-46],[-26,-88],[-31,-61],[-48,-93],[-35,-83],[-69,-74],[-88,-33],[-70,-37],[-65,-18],[-57,18],[-61,23],[-65,37],[-70,56],[-52,23],[-35,28],[-61,56],[-13,37],[0,46],[-13,79],[0,74],[8,79],[5,47],[35,41],[34,33],[57,-28],[31,-32],[4,-33],[-13,-28],[13,-28],[39,-51],[18,-14],[56,-23],[83,-4],[48,-24],[74,-4],[62,23],[69,19],[61,51],[57,37],[13,46],[31,51],[8,70],[-26,60],[-30,56],[-35,55],[-35,56],[-35,28],[-13,74],[22,42],[48,14],[52,0],[57,-14],[52,-37],[61,-42],[57,-56],[48,-51],[17,-32]],[[1129187,4484],[-44,-14],[-70,5],[-43,0],[-48,-42],[-75,-23],[-56,-37],[-48,-37],[-35,-47],[-74,-37],[-53,-32],[-69,-33],[-40,-14],[-52,9],[-39,24],[-26,37],[-35,60],[-13,42],[4,65],[22,46],[17,51],[13,42],[35,70],[39,60],[27,42],[52,27],[48,24],[39,32],[44,84],[17,46],[13,37],[5,84],[0,74],[13,42],[26,32],[26,-9],[35,-14],[39,-37],[66,-61],[35,-46],[48,-79],[48,-79],[48,-83],[4,-51],[0,-42],[30,-60],[9,-70],[18,-88]],[[1143776,12973],[0,-144],[-21,-155],[-62,-194],[-120,-366],[-68,-438],[-31,-332],[-11,-444],[-7,-526],[-4,-60],[6,-269],[14,-151],[19,-130],[12,-124],[-6,-54],[-16,-74],[-17,-71],[-36,-55],[-48,-41],[-60,-40],[-40,-11],[-24,-30],[-14,-47],[-4,-29],[-14,-20],[-14,-12],[-14,17],[0,32],[12,38],[12,49],[-2,56],[0,70],[6,60],[6,70],[-6,62],[4,79],[16,92],[10,66],[-4,123],[0,121],[10,322],[16,199],[0,183],[-11,122],[11,72],[26,144],[21,122],[10,216],[-5,72],[26,78],[0,94],[26,100],[37,149],[31,150],[15,111],[32,138],[36,172],[16,205],[15,133],[26,128],[53,99],[36,23],[52,-17],[42,-39],[5,-94]],[[1126428,6811],[-8,-28],[-18,-23],[-30,-14],[-70,-9],[-70,-24],[-66,-37],[-78,-42],[-70,-51],[-35,-51],[-9,-79],[-17,-55],[-22,-75],[-30,-41],[-70,-28],[-83,0],[-83,14],[-57,28],[-48,55],[-35,61],[-39,41],[-52,38],[-92,74],[-83,97],[-79,84],[-21,60],[-44,61],[-44,78],[-65,70],[-70,98],[-79,116],[-34,120],[8,98],[26,97],[53,102],[57,65],[100,38],[74,60],[105,79],[74,37],[35,-14],[18,-23],[-18,-33],[9,-60],[43,-84],[83,-102],[79,-130],[109,-139],[127,-172],[139,-130],[149,-102],[91,-37],[127,0],[65,0],[35,-37],[13,-51]],[[1136290,1314],[-5,-3],[-267,-174],[-245,-134],[-251,-87],[-251,-64],[-322,-75],[-496,-99],[-338,-81],[-316,-87],[-305,-121],[-240,-99],[-289,-133],[-224,-111],[-153,-40],[-141,-6],[-158,29],[-235,75],[-349,151],[-294,116],[-316,134],[-251,63],[-355,76],[-229,46],[-114,41],[-44,40],[0,41],[-13,46],[-52,28],[-87,42],[-144,74],[-201,116],[-135,107],[-109,97],[-75,79],[-30,102],[-39,158],[-18,97],[-8,116],[-5,98],[31,88],[26,102],[30,65],[61,42],[66,23],[57,37],[43,46],[18,47],[0,69],[-13,121],[-9,93],[-13,125],[-9,88],[13,51],[35,65],[83,84],[61,23],[61,-102],[87,-144],[166,-209],[227,-288],[362,-385],[349,-329],[310,-278],[210,-171],[404,-243],[436,-296],[229,-128],[174,-58],[224,-58],[234,-46],[115,-6],[103,23],[88,29],[65,18],[49,35],[76,40],[82,52],[120,0],[66,47],[98,58],[92,17],[99,29],[229,6],[65,17],[147,35],[66,41],[103,34],[98,0],[66,18],[33,17],[49,58],[49,47],[11,58],[81,40],[71,12],[115,40],[38,64],[93,-6],[125,6],[262,29],[136,23],[109,70],[66,52],[20,13]],[[1136224,1422],[121,74],[197,64],[60,64],[49,34],[92,64],[28,52],[16,58],[-11,47],[-27,17],[22,35],[70,52],[169,41],[110,35],[207,34],[120,24],[141,40],[60,41],[39,58],[81,64],[104,52],[65,98],[82,76],[131,127],[147,139],[109,122],[77,29],[98,81],[65,70],[44,116],[22,93],[0,75],[0,64],[65,75],[169,76],[180,104],[207,128],[213,214],[223,221],[202,139],[164,116],[261,191],[229,157],[306,214],[98,82],[120,23],[207,104],[94,87],[49,99],[65,58],[115,52],[98,-6],[147,17],[126,41],[109,70],[54,75],[17,75],[174,82],[120,75],[158,99],[127,115]],[[1142809,6245],[58,53],[169,180],[180,243],[169,244],[77,220],[92,191],[44,238],[16,174],[-5,139],[-55,93],[-54,52],[-65,64],[-44,93],[-22,110],[22,64],[49,75],[87,70],[60,0],[87,-116],[55,-180],[54,-157],[33,-231],[-5,-215],[-28,-151],[-92,-203],[-169,-342],[-213,-307],[-136,-192],[-169,-174],[-117,-118]],[[1142887,6162],[-112,-114],[-240,-203],[-251,-266],[-164,-128],[-87,-52],[-142,-29],[-43,6],[-82,-18],[-191,-52],[-322,-127],[-246,-134],[-76,-17],[-284,-186],[-441,-325],[-142,-104],[-55,-29],[-201,-168],[-366,-365],[-425,-418],[-278,-331],[-513,-574],[-365,-336],[-349,-226],[-180,-81],[-409,-198],[-300,-150],[-333,-223]],[[1123951,9998],[-13,-39],[-49,-26],[-68,-7],[-37,33],[-86,26],[-74,13],[-56,-26],[-80,0],[-43,79],[-31,79],[-80,59],[-111,98],[-99,85],[-80,85],[-92,79],[-154,184],[-167,210],[-166,242],[-161,210],[-135,118],[-142,105],[-105,72],[-86,132],[-99,144],[-37,164],[37,92],[43,78],[99,125],[68,79],[86,92],[37,65],[19,92],[43,33],[129,46],[87,32],[74,46],[67,92],[80,144],[62,92],[130,105],[117,26],[43,-45],[31,-40],[-19,-92],[-6,-137],[-31,-256],[37,-505],[81,-315],[92,-341],[142,-466],[80,-288],[228,-381],[185,-242],[204,-178],[6,-72]],[[574483,1323799],[0,-44],[-2,-93],[-4,-91],[-30,-35],[-56,-58],[-71,-86],[-41,-31],[-62,-41],[-43,-68],[-15,-109],[-20,-89],[0,-95],[-8,-77],[-15,-44],[-89,-63],[-56,-26],[-58,-9],[-28,-37],[-40,-5],[-50,2],[-28,-7],[37,-21],[-5,-51],[-19,-44],[-90,-23],[-58,-31],[-39,-35],[-35,-32],[7,32],[15,35],[13,33],[4,98],[9,121],[2,72],[-7,95],[11,82],[17,79],[9,79],[9,103],[-20,76],[-41,84],[-23,89],[-30,121],[-15,105],[-59,158],[-51,91],[-37,63],[-44,96],[-48,95],[-90,157],[-98,127],[-132,150],[-100,99],[-78,64],[-29,37],[-34,56],[-57,54],[-103,104],[-62,54],[-105,73],[-93,63],[-109,56],[-87,39],[-88,26],[-71,15],[-45,28],[-29,37],[-51,24],[-57,40],[-52,59],[-43,65],[-55,69],[-69,62],[-63,43],[-83,48],[-81,24],[-93,47],[-72,46],[-23,19],[-61,39],[-81,45],[-54,31],[-63,56],[-62,58],[-45,60],[-71,102],[-47,37],[-34,41],[-41,62],[-60,58],[-78,61],[-117,63],[-154,103],[-133,55],[-72,4],[-95,-183],[-22,12],[95,189],[-32,23],[-48,-82],[-15,13],[47,99],[-10,17],[-49,21],[-73,23],[-50,25],[-138,61],[-49,33],[-30,34],[-65,28],[-29,29],[4,19],[15,15],[26,3],[27,-3],[34,-1],[30,-9],[42,-9],[49,-17],[68,-6],[107,-18],[92,-7],[119,-19],[66,-11],[87,-21],[78,-25],[167,-48],[118,-37],[99,-22],[83,-20],[43,-3],[21,5],[19,21],[52,7],[78,0],[34,-9],[75,-19],[185,-46],[112,-35],[312,-101],[288,-100],[69,-21],[200,-56],[125,-27],[75,9],[71,2],[149,-42],[163,-53],[142,-79],[110,-94],[191,-207],[172,-209],[164,-219],[181,-256],[122,-191],[110,-238],[80,-167],[58,-226],[36,-254],[22,-293],[23,-94],[33,-109],[43,-49],[30,-28],[60,7],[88,5],[30,-28],[15,-33]],[[576782,1306188],[-26,-47],[-40,-25],[-93,-54],[-89,-71],[-43,-144],[-43,-280],[9,-125],[34,-94],[10,-93],[-17,-29],[-43,-43],[-50,-72],[-36,-111],[-20,-54],[-53,-46],[-77,-122],[-66,-137],[-66,-61],[-113,-172],[-113,-129],[-122,-118],[-70,-90],[-90,-36],[-92,-25],[-80,-22],[-83,-7],[-73,36],[-63,54],[-30,68],[-20,65],[-16,71],[-17,58],[-3,90],[13,57],[-3,61],[-20,57],[-17,108],[23,86],[44,61],[39,75],[47,76],[33,79],[70,21],[66,22],[56,54],[50,79],[30,68],[63,82],[53,104],[43,112],[56,132],[-3,115],[0,40],[-53,32],[7,14],[66,-18],[40,0],[16,47],[-16,11],[-47,0],[-6,14],[50,14],[49,29],[33,32],[7,54],[-10,140],[3,86],[24,126],[46,169],[-13,190],[-17,197],[17,187],[-43,330],[-73,287],[-90,280],[-89,183],[-53,86],[3,32],[-3,47],[36,3],[47,8],[23,-18],[73,-43],[83,-40],[79,-14],[43,-43],[40,-79],[57,-129],[56,-140],[113,-198],[152,-326],[83,-216],[93,-208],[86,-211],[80,-241],[46,-118],[0,-83],[0,-36],[10,-64],[3,-97]],[[5328,1274916],[0,-66],[-31,-105],[-69,-165],[-84,-156],[-92,-155],[-213,-296],[-236,-330],[-239,-267],[-215,-202],[-300,-312],[-195,-199],[-23,-28],[54,-112],[-106,-56],[-204,-127],[-84,-69],[-195,-168],[-173,-174],[-175,-124],[-282,-215],[-288,-196],[-268,-190],[-348,-236],[-227,-149],[-279,-140],[-340,-112],[-305,-75],[-189,-25],[-133,-15],[-89,146],[55,50],[46,152],[69,165],[169,305],[29,118],[66,149],[75,53],[95,22],[98,62],[37,25],[38,-22],[83,3],[144,35],[150,77],[86,16],[132,59],[239,44],[118,40],[121,9],[181,66],[124,31],[207,115],[224,106],[87,43],[77,10],[98,34],[101,46],[178,122],[233,165],[239,186],[147,165],[112,149],[233,274],[202,258],[313,361],[256,314],[164,196],[81,109],[20,106],[17,93],[52,137],[43,66],[26,18],[26,-21],[17,-91],[20,-102]],[[9899,1284261],[-16,-347],[-107,-330],[-124,-597],[-132,-543],[-131,-463],[-140,-312],[-165,-374],[-157,-303],[-164,-134],[-149,-222],[-8,276],[50,124],[33,179],[82,204],[25,241],[8,134],[41,133],[-16,294],[0,232],[65,151],[42,241],[-9,249],[74,321],[66,303],[-57,258],[82,178],[132,178],[156,125],[99,152],[157,26],[148,-53],[99,-125],[16,-196]],[[12013,1287388],[-20,-98],[-56,-152],[-47,-91],[-68,-95],[-88,-90],[-64,-48],[-72,-22],[-131,31],[-179,75],[-68,80],[-70,131],[-63,48],[-104,52],[-30,29],[-18,38],[7,47],[58,96],[38,132],[53,101],[161,187],[110,156],[37,29],[50,17],[139,-15],[90,-55],[43,-69],[99,-237],[41,-43],[133,-92],[18,-58],[1,-84]],[[1180913,597754],[-7,-70],[-22,-101],[-25,-156],[-51,-155],[-43,-151],[-58,-125],[-73,-151],[-80,-128],[-98,-183],[-120,-198],[-91,-58],[-90,-24],[-51,47],[-58,70],[-62,89],[-36,105],[-29,128],[7,113],[7,124],[15,136],[14,163],[22,140],[18,179],[7,163],[22,136],[26,136],[72,78],[98,69],[149,20],[120,-12],[105,-19],[113,-24],[87,-50],[40,-54],[47,-86],[25,-151]],[[1276950,243737],[-15,-125],[-125,-117],[-173,-75],[-141,-25],[-70,58],[-78,142],[-125,184],[-110,133],[-180,167],[-86,117],[-31,108],[-55,83],[-24,117],[-79,84],[-110,83],[-86,150],[-54,109],[-102,58],[-172,167],[-118,150],[-23,92],[0,100],[-63,158],[-31,142],[0,75],[39,50],[39,50],[31,59],[40,16],[133,-408],[219,-359],[258,-375],[236,-317],[258,-267],[266,-150],[227,-67],[204,-84],[94,-133],[7,-150]],[[1311069,271828],[-4,-45],[-20,-35],[-31,-23],[-18,-27],[-33,11],[-20,28],[-40,13],[-17,-17],[-20,-26],[6,-23],[20,-17],[33,-22],[23,-27],[0,-20],[-11,-21],[-22,4],[-29,19],[-42,59],[-42,50],[-73,76],[-106,51],[-138,74],[-134,95],[-89,60],[-90,76],[-120,66],[-64,53],[-115,43],[-109,13],[-125,12],[-85,10],[-22,4],[-4,10],[13,15],[22,18],[16,15],[6,25],[-8,16],[-16,-17],[-18,-14],[-28,-2],[-29,10],[-27,9],[-6,28],[2,19],[15,20],[36,33],[55,31],[62,19],[71,31],[75,6],[75,-13],[64,-20],[84,-33],[71,-33],[58,-41],[97,-23],[97,-51],[71,-35],[66,-29],[96,-72],[84,-41],[79,-33],[77,-51],[107,-76],[93,-73],[39,-47],[27,-60],[15,-55]],[[1257618,321969],[0,-34],[-32,-59],[-23,-69],[-51,-138],[-55,-143],[-32,-122],[-56,-84],[-55,-5],[-65,10],[-55,49],[-46,54],[-37,5],[-87,0],[-51,0],[-88,5],[-55,59],[-55,69],[0,88],[0,94],[23,103],[41,79],[55,127],[5,89],[28,113],[0,128],[32,142],[18,153],[14,64],[42,69],[115,-30],[9,-29],[37,-109],[14,-73],[46,-104],[23,-78],[28,-84],[46,-83],[69,-69],[97,-89],[37,-34],[64,-64]],[[1271646,320072],[0,-81],[-48,0],[-28,-37],[-35,-52],[-69,23],[-20,7],[-49,44],[-21,44],[0,45],[42,14],[55,8],[62,29],[76,0],[35,-44]],[[1281998,235654],[0,-57],[-31,-23],[-72,-36],[-68,-38],[-104,-18],[-79,23],[-126,87],[-101,126],[-58,116],[-87,118],[-111,110],[-91,114],[-73,79],[-55,98],[-48,139],[-34,141],[-68,229],[-53,131],[-22,108],[-9,82],[-22,90],[-14,75],[14,31],[48,41],[29,13],[24,0],[41,-49],[66,-67],[65,-54],[55,-46],[36,-36],[32,-29],[24,-7],[21,-41],[0,-52],[-4,-49],[9,-43],[10,-34],[-7,-54],[-29,-23],[-10,-38],[19,-57],[56,-69],[48,-60],[10,-41],[0,-36],[14,-31],[111,-154],[99,-144],[68,-115],[132,-157],[116,-136],[63,-39],[38,-5],[39,8],[39,-21],[48,-64],[2,-36]],[[1299475,255888],[-128,-106],[-162,-151],[-121,-140],[-90,-102],[-30,-25],[-47,-13],[-60,-4],[-55,4],[-44,5],[-45,33],[-35,53],[-31,51],[-24,21],[-25,32],[-38,62],[-19,34],[-46,51],[-22,36],[-14,63],[-5,85],[2,53],[24,36],[63,30],[67,32],[62,38],[36,17],[34,-5],[64,-44],[67,-49],[64,-53],[91,-51],[106,-42],[101,-24],[59,9],[96,47],[75,61],[62,26],[42,35],[77,53],[37,36],[20,9],[3,-15],[-2,-19],[-9,-21],[-92,-59],[-108,-89]],[[1302626,258435],[-11,-1],[-8,2],[-4,5],[6,10],[9,5],[15,3],[6,-8],[-1,-9],[-12,-7]],[[1302588,258417],[-22,-18],[-22,-9],[-25,-13],[-20,2],[-16,4],[-13,-7],[-20,-5],[-21,-16],[-45,-20],[-32,-15],[-101,-44],[-143,-71],[-137,-58],[-72,-38],[-78,-49],[-82,-51],[-89,-59],[-70,-56],[-69,-65],[-53,-54],[-72,-60],[-71,-72],[-66,-70],[-30,-36],[-41,-51],[-64,-71],[-75,-72],[-23,-32],[-77,-89],[-75,-99],[-68,-95],[-60,-84],[-38,-43],[-50,-61],[-75,-106],[-64,-89],[-68,-82],[-82,-93],[-56,-53],[-79,-77],[-88,-67],[-63,-41],[-75,-40],[-99,-52],[-63,-27],[-51,-5],[-28,8],[-13,15],[9,18],[26,16],[22,24],[29,19],[21,-1],[15,5],[39,7],[52,24],[47,25],[47,24],[55,32],[38,12],[28,25],[35,20],[34,29],[34,33],[29,25],[44,35],[22,26],[7,31],[5,28],[8,15],[18,19],[19,1],[12,17],[19,40],[31,43],[26,21],[19,18],[34,30],[18,22],[19,28],[22,26],[10,34],[7,31],[11,32],[36,37],[30,31],[16,26],[35,25],[28,22],[21,31],[16,24],[17,23],[33,23],[19,27],[12,29],[17,25],[18,20],[39,34],[26,27],[29,29],[32,42],[47,55],[35,19],[31,23],[19,26],[26,30],[25,40],[48,52],[36,44],[37,37],[16,17],[12,18],[13,-2],[26,16],[20,17],[6,14],[47,34],[43,32],[27,21],[25,17],[19,20],[13,12],[29,11],[33,13],[43,24],[42,29],[41,35],[45,28],[12,15],[3,11],[9,18],[18,8],[16,3],[17,0],[19,1],[11,10],[3,13],[4,15],[13,20],[35,13],[39,10],[41,14],[18,0],[12,-6],[9,3],[4,11],[13,12],[9,7],[9,4],[10,-5],[17,1],[21,6],[24,15],[10,14],[1,10],[-1,16],[5,9],[12,0],[15,-14],[2,-12],[11,-11],[22,7],[1,11],[0,18],[7,16],[3,23],[12,6],[16,-1],[11,-19],[3,-20],[14,-2],[3,16],[7,19],[14,12],[14,0],[22,-3],[11,1],[26,16],[26,14],[19,12],[28,7],[11,-8],[1,-13],[3,-19],[-10,-9]],[[1302820,258554],[-4,-3],[-13,2],[-11,-4],[-8,-23],[-16,-14],[-21,-14],[-32,-8],[-21,2],[-15,6],[-1,14],[5,13],[14,12],[22,12],[20,13],[22,13],[26,13],[15,5],[8,-8],[10,-12],[0,-12],[0,-7]],[[1302916,258598],[-36,-36],[-24,13],[-18,21],[7,16],[16,18],[37,20],[23,26],[11,23],[3,29],[-11,55],[12,42],[35,55],[39,24],[56,27],[39,57],[44,87],[47,129],[40,71],[9,51],[31,40],[17,37],[7,39],[15,22],[36,50],[25,42],[20,18],[-40,-100],[-54,-133],[-70,-162],[-50,-125],[-17,-36],[-65,-131],[-63,-120],[-74,-108],[-47,-61]],[[1311450,267174],[35,-34],[42,-57],[41,-76],[37,-84],[46,-86],[53,-98],[38,-87],[44,-81],[24,-67],[17,-92],[18,-137],[-2,-80],[-21,-173],[-69,-177],[-130,-269],[-187,-370],[-197,-399],[-148,-328],[-201,-402],[-67,-114],[-107,-236],[-67,-104],[-129,-227],[-132,-167],[-125,-82],[-174,-49],[-120,-32],[-150,-47],[-165,-30],[-166,-27],[-153,-29],[-169,-57],[-194,-79],[-301,-121],[-372,-148],[-171,-61],[-132,-40],[-310,-106],[-227,-66],[-164,-40],[-148,-42],[-153,-54],[-157,-54],[-204,-67],[-55,-7],[-65,-25],[-62,-27],[-61,-12],[-37,-8],[-41,-24],[-93,-37],[-108,-42],[-58,-23],[-49,-22],[-35,-24],[-39,-25],[-28,0],[-18,-10],[-9,-20],[-58,-51],[-181,-129],[-145,-111],[-169,-148],[-109,-91],[-125,-98],[-201,-143],[-178,-134],[-211,-135],[-206,-141],[-148,-111],[-134,-106],[-116,-93],[-113,-116],[-67,-74],[-76,-96],[-58,-99],[-43,-30],[-37,-40],[-48,-87],[-13,-1],[-7,16],[14,33],[6,45],[14,23],[28,14],[22,42],[53,64],[46,59],[43,60],[10,43],[-16,58],[-3,32],[34,33],[67,47],[59,53],[74,69],[108,98],[120,102],[196,149],[162,115],[117,77],[80,35],[43,13],[15,-10],[10,-13],[-7,-14],[-22,0],[-57,-17],[-28,-10],[-54,-39],[-34,-17],[-26,-26],[-1,-17],[19,-9],[28,0],[60,31],[17,25],[46,19],[51,22],[47,21],[55,52],[14,30],[2,27],[19,19],[16,22],[14,38],[-6,23],[19,40],[46,41],[55,50],[40,35],[75,40],[98,69],[46,39],[52,35],[57,32],[89,68],[62,48],[74,57],[91,68],[66,41],[54,16],[38,13],[71,17],[54,32],[59,22],[117,44],[96,42],[145,56],[144,34],[68,24],[96,32],[87,37],[129,38],[99,29],[104,41],[68,34],[80,19],[47,5],[39,22],[35,21],[55,11],[76,14],[97,24],[92,27],[58,14],[30,22],[47,30],[43,12],[37,2],[56,24],[70,25],[20,24],[24,26],[28,35],[39,-3],[41,-5],[25,-17],[37,0],[31,16],[27,30],[28,33],[56,1],[48,0],[55,11],[37,2],[41,19],[34,33],[49,41],[50,30],[33,35],[24,17],[34,0],[26,-19],[11,-14],[41,5],[43,19],[27,23],[44,38],[18,30],[9,41],[-15,38],[-27,19],[-23,10],[-18,14],[1,20],[18,19],[42,6],[51,4],[42,-10],[37,-8],[7,-22],[-13,-23],[-10,6],[-9,5],[-3,-16],[15,-27],[25,-22],[38,-11],[39,6],[37,14],[38,15],[46,0],[56,25],[31,36],[26,32],[3,30],[34,20],[43,18],[26,6],[18,-19],[27,-21],[19,0],[18,-11],[16,5],[0,24],[-3,33],[-18,9],[-12,21],[6,19],[31,12],[42,13],[29,16],[57,25],[65,22],[29,6],[15,-3],[-13,-17],[-27,-6],[-26,-18],[-12,-17],[13,-19],[37,-46],[47,-33],[89,-16],[46,11],[16,33],[15,35],[24,24],[62,5],[39,-15],[45,16],[27,36],[11,27],[65,35],[75,44],[50,59],[46,75],[37,84],[15,66],[8,41],[26,54],[33,85],[4,62],[20,75],[41,103],[62,122],[49,115],[47,98],[42,121],[38,92],[33,124],[18,71],[22,10],[24,30],[47,101],[50,107],[54,107],[54,82],[49,94],[31,67],[27,124],[18,138],[13,130],[2,117],[-5,80],[-24,77],[-7,94],[3,74],[-7,164],[-14,118],[-29,238],[-34,127],[-30,38],[-31,25],[-16,27],[4,25],[21,22],[35,17],[15,21],[13,27],[17,14],[29,-3],[30,4],[15,8],[16,15],[18,1],[34,-19]],[[1311230,271703],[70,-3],[47,0],[54,-2],[43,-6],[32,-13],[27,-32],[45,-58],[64,-53],[82,-61],[67,-42],[45,-27],[55,-15],[59,-8],[43,-14],[74,-37],[70,-34],[47,-45],[22,-48],[27,-45],[53,-53],[47,-37],[27,-26],[0,-32],[-32,-48],[-20,-87],[-15,-82],[-10,-53],[-20,-58],[-27,-82],[-10,-74],[0,-117],[-7,-119],[-18,-135],[-17,-108],[-25,-56],[-22,-85],[-15,-79],[-10,-90],[2,-64],[0,-37],[5,-26],[-17,-37],[-27,-64],[-43,-103],[-99,-283],[-52,-154],[-97,-262],[-94,-254],[-75,-265],[-112,-376],[-22,-37],[-7,-74],[0,-53],[0,-45],[-20,-42],[-8,-50],[-2,-40],[7,-58],[0,-35],[-30,-31],[-22,-16],[-20,21],[-37,10],[-35,-2],[-32,-11],[-32,-21],[-20,11],[0,50],[20,90],[17,95],[0,119],[5,98],[7,93],[28,79],[17,85],[18,85],[32,129],[54,114],[36,114],[47,81],[41,87],[45,136],[28,84],[36,134],[26,94],[27,92],[19,104],[41,101],[33,113],[32,112],[2,105],[-10,228],[-12,93],[-23,125],[-25,73],[-34,28],[-25,17],[-20,4],[-66,-23],[-10,25],[53,19],[7,22],[-24,97],[-24,48],[-23,18],[-24,6],[-78,-33],[-25,62],[60,26],[10,19],[-3,42],[-27,58],[-25,50],[-20,43],[-20,16],[-67,-19],[-25,61],[50,32],[-7,55],[-25,56],[-18,42],[-24,43],[-5,63],[-13,69],[-30,85],[-27,61],[-42,68],[-52,64],[-28,26],[-44,24],[-18,16],[0,24],[15,37],[30,45],[27,21],[33,24],[42,5],[42,3]],[[1293276,280870],[0,-46],[-6,-54],[-41,-26],[-56,-7],[-37,37],[-19,53],[-25,53],[-37,33],[-85,37],[-53,13],[-37,27],[-25,47],[-56,43],[-53,70],[-35,40],[-87,66],[-94,33],[-56,37],[-47,7],[-34,33],[-47,57],[-59,53],[-81,26],[-69,10],[-81,0],[-56,27],[-32,30],[-31,50],[-12,63],[-22,53],[-47,70],[-28,57],[0,30],[0,46],[-31,34],[-35,13],[-25,47],[-18,63],[9,26],[50,70],[44,37],[62,23],[59,0],[57,-20],[118,-93],[194,-206],[246,-257],[197,-199],[290,-293],[166,-183],[65,-130]],[[1257198,317099],[-20,-14],[-117,-4],[-107,-27],[-89,-28],[-119,71],[-59,110],[-12,123],[-25,141],[-13,100],[-11,129],[-31,147],[-72,148],[0,175],[31,76],[144,120],[112,-16],[57,-71],[41,-142],[10,-191],[46,-186],[15,-71],[67,-71],[73,-142],[39,-131],[40,-246]],[[1294941,241833],[2,-38],[-5,-154],[-25,-215],[-31,-178],[-45,-136],[-91,-261],[-105,-258],[-112,-302],[-80,-275],[-57,-225],[-46,-199],[-32,-210],[-38,-310],[-49,-428],[-33,-269],[-34,-211],[-38,-190],[-68,-264],[-124,-362],[-95,-231],[-97,-255],[-68,-213],[-75,-294],[-76,-354],[-40,-333],[-19,-190],[-24,-251],[-38,-365],[-19,-229],[-25,-190],[-51,-371],[-42,-349],[-36,-393],[-17,-309],[2,-278],[17,-156],[5,-170],[8,-241],[-2,-144],[-11,-190],[-19,-122],[-42,-166],[-50,-126],[-43,-97],[-86,-128],[-144,-216],[-48,-68],[-57,-71],[-120,-174],[-156,-263],[-89,-170],[-55,-126],[-65,-160],[-49,-138],[-91,-276],[-64,-203],[-65,-249],[-36,-155],[-42,-241],[-20,-199],[-13,-136],[-32,-97],[-30,-48],[-33,-44],[-80,-57],[-79,-8],[-87,0],[-96,-13],[-125,14],[-118,15],[-124,27],[-148,48],[-90,63],[-75,42],[-123,32],[-117,40],[-57,37],[-21,19],[-24,27],[-5,29],[-11,23],[-44,48],[-63,30],[-97,27],[-88,21],[-126,16],[-70,1],[-178,8],[-101,6],[-72,11],[-121,42],[-114,59],[-77,39],[-130,86],[-124,86],[-122,106],[-63,57],[-53,33],[-71,48],[-92,59],[-60,33],[-213,133],[-107,82],[-68,65],[-44,79],[-63,83],[-59,54],[-114,126],[-112,103],[-65,47],[-94,63],[-83,54],[-71,57],[-51,56],[-58,57],[-77,83],[-85,71],[-123,130],[-83,93],[-47,75],[-76,81],[-99,113],[-43,36],[-55,75],[-69,110],[-122,117],[-95,95],[-111,145],[-89,104],[-137,134],[-223,209],[-87,105],[-34,62],[-8,47],[9,49],[23,54],[21,35],[20,41],[2,42],[-1,44],[-37,50],[-31,44],[-44,35],[-38,18],[-8,20],[1,27],[10,23],[-2,30],[22,27],[8,0],[17,-16],[29,-30],[25,-35],[11,-31],[20,-35],[63,-73],[52,-49],[47,-42],[65,-48],[75,-63],[43,-43],[30,-48],[21,-21],[27,-20],[33,-22],[28,-30],[41,-52],[43,-44],[50,-30],[45,-38],[25,-29],[15,-35],[35,-35],[64,-45],[59,-46],[29,-39],[11,-27],[-13,-26],[-12,-53],[31,-72],[48,-35],[87,-48],[75,-48],[56,-50],[24,-37],[2,-25],[10,-29],[-2,-22],[-11,-38],[-17,-19],[-5,-18],[11,-21],[46,-57],[41,-51],[48,-53],[56,-49],[53,-73],[161,-123],[133,-62],[41,-32],[26,-30],[77,-85],[152,-140],[154,-103],[233,-147],[205,-135],[185,-105],[231,-106],[202,-96],[223,-91],[181,-66],[104,-43],[95,-42],[77,-42],[95,-46],[187,-81],[208,-58],[137,-24],[191,-13],[152,-14],[123,-10],[57,4],[37,0],[46,-13],[59,-24],[121,-16],[137,-6],[127,11],[154,23],[78,21],[50,14],[79,43],[49,23],[49,18],[52,2],[69,14],[49,27],[31,29],[26,42],[28,64],[22,69],[11,54],[31,77],[29,99],[11,37],[24,34],[23,49],[40,109],[13,55],[34,55],[37,89],[29,53],[24,28],[20,40],[39,80],[30,61],[46,94],[56,92],[47,68],[37,48],[43,60],[78,63],[9,26],[0,29],[26,50],[39,65],[31,47],[39,51],[31,39],[30,29],[20,39],[12,32],[-3,20],[8,28],[18,26],[23,34],[1,36],[1,38],[7,28],[32,21],[20,10],[7,29],[-10,41],[-3,33],[9,28],[15,30],[21,25],[0,26],[-3,30],[0,37],[-7,27],[-5,33],[0,39],[10,44],[0,45],[-3,31],[-14,12],[-32,17],[-12,19],[2,18],[13,24],[18,23],[10,32],[-10,19],[-26,5],[-30,-12],[-21,-4],[-41,46],[-11,55],[0,72],[6,62],[16,48],[40,105],[39,79],[38,4],[29,4],[2,40],[5,34],[-6,44],[3,57],[9,45],[-1,71],[-5,90],[3,30],[6,26],[6,35],[-6,29],[0,37],[-6,63],[8,44],[12,55],[-13,43],[2,79],[5,37],[14,29],[8,41],[-1,51],[-5,61],[13,44],[10,48],[15,148],[7,115],[28,135],[12,63],[-1,33],[5,44],[14,128],[9,68],[6,70],[1,97],[11,54],[11,45],[18,68],[13,61],[8,68],[-1,62],[2,54],[2,82],[1,69],[6,33],[13,43],[9,34],[5,56],[-8,28],[-8,25],[0,34],[2,32],[20,28],[9,50],[9,44],[5,53],[1,53],[2,39],[3,40],[-4,37],[1,42],[-7,40],[0,19],[11,9],[7,11],[-6,22],[6,30],[14,42],[11,20],[-2,13],[-12,22],[-2,17],[8,22],[16,30],[15,33],[8,41],[11,43],[0,26],[12,28],[16,38],[14,32],[3,33],[3,49],[8,30],[14,36],[15,25],[0,40],[9,44],[19,20],[36,37],[20,52],[13,60],[2,49],[4,52],[-4,35],[37,76],[38,92],[39,72],[32,80],[29,73],[25,89],[27,98],[40,88],[17,101],[37,108],[-5,64],[-15,44],[1,42],[25,12],[16,28],[-15,38],[11,40],[33,50],[20,62],[19,76],[9,66],[5,54],[-15,45],[22,48],[19,73],[13,78],[15,58],[-6,48],[-8,31],[24,31],[13,52],[8,104],[10,105],[8,108],[3,88],[6,54],[26,36],[17,35],[2,48],[-15,43],[5,33],[7,42],[17,31],[19,62],[1,41],[-8,33],[12,52],[0,44],[7,47],[14,20],[8,35],[-6,27],[-18,0],[-21,3],[-12,13],[0,19],[13,17],[12,38],[5,29],[17,3],[12,-12],[17,-4],[24,16],[34,52],[28,70],[30,60],[22,51],[10,54],[15,60],[-1,32],[-1,25],[16,20],[31,13],[36,44],[5,28],[5,36],[29,24],[17,30],[7,41],[4,37],[15,44],[21,42],[12,36],[10,33],[17,21],[13,32],[0,23],[3,22],[22,21],[19,22],[6,23],[-13,18],[-10,14],[-1,23],[5,27],[9,20],[8,13],[-7,15],[-20,15],[-5,12],[4,17],[-1,15],[-14,13],[1,25],[5,36],[13,30],[12,39],[18,32],[1,19],[-4,17],[-13,19],[-10,25],[0,25],[7,32],[7,21],[16,15],[0,20],[4,23],[6,20],[6,7],[14,-7],[9,0],[0,17],[-1,4]],[[1294851,241838],[-3,15],[-17,14],[-11,6],[-23,5],[0,19],[7,16],[-1,13],[-9,14],[-22,1],[-24,-7],[-27,-2],[-29,9],[-26,18],[-14,20],[0,17],[5,17],[4,12],[-2,15],[-13,5],[-13,-10],[-1,-25],[0,-24],[8,-19],[17,-27],[19,-22],[10,-20],[-3,-13],[-14,7],[-27,32],[-22,34],[-10,36],[-7,66],[0,44],[-1,41],[8,29],[4,17],[-11,16],[-6,25],[0,42],[4,68],[9,72],[11,50],[9,71],[9,78],[6,46],[0,57],[5,46],[12,42],[20,44],[20,28],[11,33],[17,59],[16,41],[23,19],[15,-13],[-6,-22],[-22,-47],[-21,-64],[-15,-56],[-16,-61],[-11,-67],[-11,-79],[-17,-96],[-7,-51],[-6,-55],[-3,-46],[-3,-50],[-15,-45],[5,-27],[8,-19],[26,-18],[32,-19],[24,-19],[16,-36],[-15,-22],[-4,-18],[15,-13],[24,-14],[27,-9],[23,-15],[11,6],[-12,14],[-30,29],[-6,40],[18,22],[5,29],[11,45],[-11,30],[-20,13],[-6,44],[0,37],[-13,34],[3,28],[7,27],[11,42],[-9,18],[-26,9],[1,15],[16,22],[24,16],[13,11],[-5,14],[-5,26],[-4,32],[8,30],[3,31],[1,34],[-5,29],[1,35],[8,23],[4,63],[4,55],[9,13],[13,39],[13,30],[13,31],[-8,11],[-29,16],[-34,21],[0,29],[6,58],[19,59],[29,67],[23,57],[11,44],[7,50],[6,29],[7,44],[24,89],[20,72],[5,62],[15,81],[28,61],[32,74],[28,52],[29,45],[28,46],[32,11],[19,-1],[17,-11],[-11,-8],[-23,-15],[-24,-25],[-2,-13],[13,-15],[15,-13],[17,-21],[17,-12],[14,1],[20,10],[11,11],[-5,12],[-7,10],[-5,16],[8,13],[22,15],[14,20],[19,14],[22,2],[15,24],[0,9],[-4,20],[-5,13],[-7,17],[12,16],[11,25],[8,12],[23,10],[24,4],[20,18],[-1,13],[-5,8],[-11,25],[-1,13],[4,27],[14,13],[29,15],[19,20],[18,39],[8,40],[-4,22],[3,24],[18,40],[16,25],[2,27],[1,37],[13,17],[25,12],[34,11],[20,17],[9,21],[13,25],[-6,22],[-2,21],[-18,23],[9,21],[12,28],[15,40],[12,18],[-1,24],[11,32],[2,28],[7,13],[15,17],[4,22],[0,22],[-4,28],[-3,23],[2,15],[15,17],[11,20],[7,22],[0,29],[-1,21],[0,27],[-1,27],[0,18],[7,30],[2,27],[0,18],[7,18],[1,23],[-11,20],[-10,27],[-5,32],[9,36],[9,35],[3,32],[7,29],[1,40],[4,41],[0,21],[-9,7],[-9,21],[4,26],[26,10],[6,19],[-8,18],[-11,8],[-18,11],[-5,13],[0,18],[-4,18],[-9,3],[-19,-10],[-17,2],[0,18],[11,26],[22,5],[19,-6],[19,8],[22,5],[19,15],[11,11],[6,24],[-1,25],[-8,3],[-24,0],[-13,10],[11,16],[-9,25],[-24,0],[-27,16],[-10,27],[0,34],[10,42],[13,30],[-3,20],[-4,34],[10,36],[11,35],[9,37],[8,38],[-1,44],[-7,27],[-14,17],[-26,12],[-14,18],[-4,25],[16,9],[14,6],[-1,18],[-12,16],[-25,15],[-27,12],[-19,19],[-1,26],[-16,18],[-13,15],[-18,5],[-3,18],[12,19],[13,-6],[15,3],[1,21],[-16,17],[-25,21],[-27,52],[-4,68],[-6,44],[-5,27],[2,34],[3,37],[3,49],[10,54],[18,30],[27,60],[16,47],[33,77],[11,44],[14,37],[16,13],[16,-11],[2,-17],[-8,-18],[-4,-26],[-5,-29],[-1,-11],[7,2],[13,26],[15,15],[14,16],[-5,24],[8,37],[6,31],[18,29],[25,21],[16,15],[3,19],[-6,17],[-19,17],[-9,21],[1,35],[15,18],[17,13],[11,19],[6,38],[13,47],[8,16],[0,16],[-8,1],[-16,-10],[-20,-11],[-10,1],[-8,23],[14,18],[14,4],[16,8],[2,9],[-13,0],[-22,9],[-5,15],[4,29],[9,23],[15,24],[8,22],[4,36],[4,47],[-5,38],[-2,24],[0,20],[3,17],[4,-17],[1,-20],[9,-21],[8,-17],[13,13],[9,22],[9,28],[3,29],[-3,29],[-11,5],[-19,26],[1,16],[16,18],[11,15],[22,21],[10,26],[4,25],[13,40],[11,45],[3,39],[-2,34],[11,22],[14,28],[8,40],[-1,18],[-12,9],[-10,9],[6,17],[17,10],[15,10],[13,26],[0,20],[0,9],[-12,5],[-10,14],[-13,27],[-4,16],[0,12],[-11,14],[-3,34],[4,27],[5,37],[3,27],[13,16],[14,8],[15,-11],[10,0],[18,1],[16,8],[15,30],[4,26],[-5,30],[-8,26],[-2,13],[26,11],[16,6],[7,18],[0,17],[-3,20],[-6,20],[-20,23],[-9,17],[8,20],[24,5],[26,14],[24,13],[16,32],[0,23],[-7,16],[-1,16],[13,7],[14,14],[5,13],[-3,15],[14,22],[28,42],[43,85],[51,118],[29,69],[51,106],[10,27],[-5,15],[-16,11],[-34,12],[-6,16],[13,22],[48,57],[87,114],[100,134],[149,208],[119,175],[55,82],[35,58],[8,35],[-1,43],[1,31],[1,37],[-10,18],[0,29],[-4,28],[-6,46],[1,23],[23,25],[24,2],[19,-10],[10,-15],[0,-13],[16,-12],[31,-5],[46,-4],[36,24],[45,43],[50,63],[52,68],[45,68],[30,41],[28,49],[14,32],[25,24],[32,39],[18,27],[12,26],[-4,15],[-4,10],[-11,17],[-2,-16],[1,-14],[-15,-4],[-6,27],[-5,15],[0,19],[17,25],[21,28],[17,25],[17,22],[12,-5],[3,-17],[-2,-26],[-14,-7],[-7,-18],[6,-20],[13,-14],[9,0],[13,16],[11,15],[1,16],[-6,6],[-5,18],[1,13],[9,14],[7,-12],[8,-13],[8,-2],[15,29],[20,30],[18,2],[31,-2],[41,3],[19,19],[16,23],[21,31],[25,34],[37,57],[23,40],[17,19],[34,39],[41,53],[60,89],[25,37],[22,23],[12,36],[27,50],[9,20],[21,21],[23,42],[23,33],[28,49],[9,33],[6,33],[-6,23],[-19,18],[-15,22],[-12,29],[-23,22],[-43,42],[-18,35],[-3,21],[-28,26],[-20,98],[7,13],[-5,35],[-27,51],[-24,38],[-28,39],[-15,2],[-12,-9],[-31,-28],[-25,-14],[-28,0],[7,-34],[-18,-1],[-12,56],[28,3],[9,14],[3,7],[15,16],[13,25],[-3,23],[-27,26],[-28,16],[-29,22],[-7,23],[-3,25],[-28,44],[-20,26],[-18,28],[-13,21],[-25,23],[-23,11],[-23,31],[-26,26],[-20,39],[-23,42],[-33,28],[-25,28],[-2,18],[-3,30],[-15,45],[-19,41],[-12,35],[0,19],[8,11],[23,19],[18,10],[15,20],[23,3],[27,2],[31,14],[26,12],[20,11],[23,26],[23,16],[41,-4],[35,-12],[46,-26],[28,-9],[39,-9],[19,-7],[18,-17],[29,-6],[15,-15],[79,-85],[81,-101],[54,-74],[41,-70],[35,-83],[43,-105],[18,-61],[38,-55],[26,-54],[10,-69],[8,-77],[-11,-89],[-35,-118],[-60,-147],[-62,-129],[-23,-55],[-51,-84],[-39,-62],[-45,-85],[-36,-76],[-26,-39],[-30,-31],[-57,-63],[-94,-127],[-83,-130],[-50,-53],[-49,-48],[-139,-195],[-217,-287],[-218,-302],[-295,-418],[-194,-290],[-108,-172],[-63,-135],[-84,-187],[-79,-209],[-71,-239],[-70,-249],[-42,-140],[-55,-188],[-34,-193],[-31,-178],[-22,-172],[-14,-134],[-11,-123],[-14,-88],[-13,-66],[-11,-177],[4,-210],[7,-260],[6,-275],[4,-170],[-17,-223],[-19,-268],[-25,-273],[-13,-250],[-25,-243],[-6,-91],[-7,-131],[-40,-242],[-50,-198],[-82,-225],[-98,-195],[-116,-249],[-156,-346],[-124,-361],[-80,-306],[-53,-192],[-13,-154],[-15,-357],[11,-362],[11,-187]],[[1269939,321544],[-28,-51],[-27,-59],[-90,59],[-69,66],[-76,103],[-42,44],[-62,74],[-90,52],[-69,44],[0,59],[27,29],[70,30],[89,0],[56,-30],[48,-44],[49,-59],[62,-73],[48,-82],[90,-103],[14,-59]],[[1290510,283848],[-7,-85],[-58,-7],[-57,15],[-44,61],[-72,16],[-57,23],[-36,31],[-44,-8],[-79,8],[-58,46],[-43,115],[-86,177],[-130,223],[-123,215],[-14,100],[-29,146],[-57,199],[-80,315],[-50,185],[-72,207],[-87,361],[-72,177],[-57,146],[-44,123],[15,46],[43,46],[51,46],[50,23],[36,-61],[36,-62],[43,-100],[51,-184],[115,-376],[180,-508],[108,-414],[72,-177],[101,-215],[137,-208],[123,-192],[158,-207],[72,-116],[51,-61],[14,-69]],[[1289159,286929],[-14,-55],[-52,-26],[-90,46],[-37,5],[-29,55],[-28,80],[-19,71],[-28,55],[38,40],[0,41],[-24,5],[-38,15],[-9,70],[-38,106],[-66,150],[-99,222],[-71,140],[-70,196],[-80,216],[-90,217],[-137,306],[-75,111],[-137,115],[-113,31],[-94,35],[-95,25],[-113,90],[-80,51],[-33,25],[0,55],[28,10],[62,20],[51,5],[76,25],[89,46],[85,50],[90,30],[85,0],[56,0],[76,-25],[61,-80],[66,-121],[47,-116],[38,-156],[61,-150],[161,-367],[113,-247],[99,-246],[113,-387],[141,-427],[90,-262],[33,-95]],[[1277690,243489],[-8,-84],[-55,-108],[0,-117],[8,-184],[-31,-208],[-8,-234],[-31,-300],[-55,-50],[-141,-58],[-164,-34],[-110,75],[-31,142],[23,150],[40,217],[62,192],[71,275],[86,175],[94,50],[86,67],[78,117],[70,-17],[16,-66]],[[1278878,238634],[-24,-31],[-56,-51],[-72,-41],[-92,-23],[-67,0],[-68,10],[-46,16],[-53,30],[-22,24],[8,41],[31,54],[-58,1],[-58,0],[-87,3],[-48,38],[-72,77],[-94,157],[-56,125],[-94,216],[-55,177],[-49,162],[-33,118],[-20,136],[12,85],[17,108],[27,129],[19,139],[36,126],[41,72],[41,38],[32,31],[38,3],[36,-26],[22,-44],[7,-64],[-36,-39],[5,-54],[29,-133],[75,-219],[96,-170],[77,-133],[25,-59],[26,-62],[0,-46],[-24,-44],[-24,-39],[-7,-56],[36,-70],[77,-108],[82,-74],[80,-64],[55,-23],[-5,-52],[5,-49],[19,-54],[32,-54],[48,-46],[58,-44],[43,-38],[41,-34],[41,-46],[3,-26]],[[1275611,311194],[0,-20],[-8,-29],[-41,-23],[-39,-12],[-32,-20],[-30,-35],[-47,11],[-21,26],[-9,24],[9,17],[10,18],[20,26],[19,11],[21,21],[39,23],[41,0],[43,-12],[25,-26]],[[1275936,310589],[-2,-64],[-28,-52],[-30,-61],[-19,-32],[-24,-3],[-25,3],[-19,3],[-33,14],[-30,29],[-42,27],[-49,34],[-22,27],[-16,46],[-14,53],[-16,20],[-8,17],[-8,12],[-3,32],[11,9],[-6,37],[-10,47],[-22,61],[-14,76],[0,43],[16,41],[22,6],[44,3],[35,-9],[55,-3],[36,-23],[33,-35],[36,-52],[43,-56],[38,-58],[36,-61],[30,-70],[5,-61]],[[1270714,320946],[0,-44],[0,-81],[-7,-67],[-41,-96],[-76,23],[-21,7],[-35,22],[-62,37],[-62,22],[-42,0],[-27,44],[-14,59],[-7,37],[0,52],[55,22],[70,0],[110,0],[118,-7],[41,-30]],[[1272529,318382],[-42,-66],[-34,-30],[-83,-22],[-56,-22],[-13,0],[20,59],[28,44],[-14,103],[-7,59],[-14,82],[-34,95],[-55,133],[-49,125],[-62,111],[-35,74],[-62,15],[-41,14],[-70,52],[21,44],[55,37],[28,15],[69,0],[63,7],[48,-37],[62,-59],[42,-66],[20,-74],[28,-118],[35,-96],[55,-162],[76,-133],[14,-103],[7,-81]],[[1273606,314918],[-2,-41],[-33,-29],[-106,-35],[-33,18],[-17,40],[-13,44],[-38,49],[-88,76],[-54,41],[-30,23],[-19,17],[0,50],[27,9],[46,5],[60,32],[77,6],[62,6],[47,-17],[46,-41],[28,-55],[35,-114],[5,-84]],[[1273702,314586],[-17,-38],[-21,-32],[-14,-8],[-22,11],[-16,21],[-22,11],[-24,29],[-25,18],[-16,26],[0,41],[0,41],[-3,20],[-30,0],[-27,32],[19,17],[32,9],[28,20],[46,15],[30,-3],[19,-29],[19,-58],[19,-35],[22,-61],[3,-47]],[[1207723,201903],[-10,-96],[-33,-67],[-82,-59],[-181,-160],[-202,-131],[-210,-194],[-227,-169],[-219,-195],[-176,-112],[-655,-354],[-144,-30],[-324,-10],[-181,12],[-128,38],[-70,32],[-46,47],[-35,66],[-9,57],[17,48],[85,96],[211,127],[427,352],[125,74],[361,172],[99,58],[569,398],[326,243],[107,30],[252,35],[83,-2],[67,-15],[64,-30],[55,-46],[47,-60],[28,-64],[9,-91]],[[967128,811753],[-65,-171],[-75,-70],[-104,-151],[-150,-181],[-131,-353],[-94,-332],[-37,-201],[-151,-272],[-84,-161],[-56,0],[-38,70],[-9,121],[19,101],[112,322],[122,342],[85,272],[37,372],[47,423],[66,101],[0,292],[28,241],[-10,433],[-46,393],[-76,332],[-93,322],[-94,262],[141,-121],[187,-201],[207,-191],[112,-61],[0,-261],[56,-81],[19,-81],[-19,-151],[-65,-221],[-10,-503],[85,-393],[66,-101],[18,-141]],[[941475,793089],[-26,-41],[-161,-14],[-250,69],[-341,159],[-219,34],[-225,14],[-180,48],[-193,56],[-193,117],[-187,69],[-129,90],[-103,138],[-122,13],[-103,21],[-38,76],[-103,28],[-167,69],[-187,62],[-129,110],[-122,76],[-32,62],[-26,111],[-6,110],[64,69],[0,103],[-19,83],[-90,104],[-155,255],[-115,269],[64,55],[167,28],[110,-62],[-7,-117],[110,-187],[231,-352],[309,-303],[71,-76],[83,-83],[84,-97],[71,0],[77,21],[154,-83],[174,-138],[135,-96],[90,-76],[32,-97],[219,-152],[238,-145],[122,-13],[167,-35],[213,-76],[154,-55],[193,-21],[180,-96],[116,-104]],[[800454,892232],[0,-90],[-67,-18],[-97,4],[-449,208],[-239,94],[-339,163],[-415,180],[-386,166],[-269,136],[-159,90],[-138,103],[-101,117],[-172,185],[-92,149],[-25,135],[-17,113],[38,85],[62,77],[135,40],[276,64],[223,0],[344,-46],[327,-67],[247,-68],[201,-72],[67,-49],[30,-86],[79,-108],[101,-86],[76,-121],[109,-113],[109,-131],[159,-175],[101,-122],[126,-158],[75,-157],[29,-136],[21,-126],[30,-180]],[[960974,802175],[-39,-187],[-6,-51],[27,-76],[23,-60],[6,-42],[-23,-85],[-77,-254],[-48,-162],[-38,-118],[-18,-57],[-44,-57],[-68,-57],[-48,-45],[-38,-95],[-53,-156],[-72,-225],[-38,-121],[-50,-89],[-36,-146],[-23,-92],[-15,-114],[0,-105],[-3,-180]],[[960293,799601],[0,-42],[3,-153],[9,-95],[6,-76],[-21,-140],[-9,-114],[18,-108],[14,-105],[-8,-92],[-39,-159],[-47,-133],[-45,-162],[-50,-292],[-18,-187],[-68,-410],[-32,-241],[-15,-188],[-3,-47],[0,-45],[-3,-60],[9,-35],[3,-44],[-6,-51],[9,-86],[3,-92],[-9,-108],[0,-63],[9,-61],[-12,-98],[-24,-124],[-29,-89],[-39,-70],[-35,-44],[-18,-29],[-6,-38],[0,-95],[-5,-48]],[[959835,795577],[-10,-105],[3,-146],[-12,-120],[6,-48],[18,-48],[32,-50],[39,-48],[15,-54],[12,-54],[3,-44],[0,-70],[-6,-89],[-3,-67],[-9,-60],[0,-80],[38,-180],[56,-235],[48,-213],[71,-257],[44,-197],[51,-217]],[[960231,793195],[80,-315],[167,-448],[-8,-41],[-14,-48],[2,-46],[20,-30],[21,-10],[25,9],[40,-22],[13,-51],[15,-50],[8,-33],[0,-44]],[[960600,792066],[21,-42],[15,-120],[19,-76],[8,-29],[25,-92],[52,-182]],[[960740,791525],[16,-82],[0,-77],[-3,-60],[22,-106],[10,-93],[19,-116]],[[960804,790991],[12,-74],[13,-50],[-2,-22],[16,-33],[13,-48],[8,-29],[-7,-20],[6,-50],[34,-101],[39,-101]],[[960936,790463],[33,-81],[34,-122],[35,-152],[19,-95],[6,-72],[4,-84],[-104,-112],[-148,-181],[-29,-42],[-168,26],[-20,9],[3,19],[17,4],[30,-4],[24,23],[38,82],[0,54],[-20,56],[-41,18],[-24,32],[-2,21],[24,4],[24,-28],[28,4],[3,28],[-8,15],[-32,2],[-14,9],[11,22],[8,27],[-8,33],[-5,38],[-14,27],[-27,-10],[-3,-34],[-3,-26],[9,-28],[-9,-32],[-11,-27],[-12,-28],[-9,-20],[-18,11],[18,172],[5,17],[20,43],[14,52],[1,50],[-13,38],[-2,42],[-3,48],[-3,41],[0,6],[-2,19]],[[960592,790377],[-12,51],[-22,31],[-36,7],[-15,-4],[-12,14],[-7,28],[63,23],[6,24],[-34,56],[-39,39],[-43,-3],[-51,-17],[-58,-32],[-20,4],[-54,-11],[-13,78],[-6,31],[5,1],[-4,16],[-7,1],[-12,81],[92,26],[-17,70],[-33,-5],[3,5],[-1,10],[11,3],[-18,71],[26,7],[11,-69],[113,28]],[[960408,790941],[-7,36],[13,60],[25,44],[3,77],[-17,73],[-31,118],[-19,33],[-10,50],[-8,60],[1,26],[-9,15],[-1,35],[5,3],[-3,57],[6,27]],[[960356,791655],[-26,1],[-52,5],[-22,68],[38,10],[-8,119],[-15,87],[-4,16]],[[960267,791961],[-41,129],[-12,5],[-10,65],[-3,12],[-12,-3],[-6,24],[-16,15],[-26,-9],[-44,-7],[-36,-6],[-35,23],[-9,37],[8,47],[22,45],[33,46],[8,35],[-14,55],[-25,59],[-30,46],[-28,33],[-4,54],[35,44],[40,39],[19,17],[-38,189],[-2,14],[6,7],[27,6],[124,37],[0,45],[-16,123]],[[960182,793187],[-5,22],[-163,666],[-64,241],[-51,215],[-30,50],[-29,18],[-64,-18],[-51,14],[-30,45],[9,92],[8,105],[4,123],[0,118],[-21,23],[-4,32],[42,14],[17,132],[17,110],[17,205],[10,181]],[[959794,795575],[3,47],[-17,82],[-34,46],[3,142],[15,154],[0,113],[-4,130],[0,97],[26,93],[57,109],[72,235],[37,198],[12,207],[26,202],[45,134],[42,242],[15,150],[-12,85],[8,85],[38,93],[53,214],[-42,73],[-19,81],[4,81],[15,101],[53,150],[45,77],[30,210],[0,158],[-3,237]],[[960262,799601],[0,26],[-19,61],[3,93],[19,133],[27,134],[41,194],[19,101],[98,255],[45,138],[53,194],[38,69],[53,142],[64,234],[64,174],[64,275],[34,134],[42,93],[27,130]],[[960934,802181],[14,68],[23,158],[-12,33],[19,16],[19,4],[42,162],[30,125],[-12,85],[27,41],[15,44],[26,170],[64,198],[39,138],[56,115],[65,127],[12,47],[-26,22],[-39,29],[-21,10],[21,63],[74,-44],[30,19],[50,54],[18,73],[-3,28],[-18,19],[-47,23],[32,57],[65,-26],[39,67],[62,137],[65,111],[56,127],[65,117],[33,76],[44,86],[27,73],[24,35],[35,10],[36,3],[41,47],[30,48],[35,22],[45,48],[53,63],[50,61],[39,66],[23,58],[15,22],[12,16],[15,-10],[-9,-63],[-12,-92],[-6,-58],[-18,-47],[-29,-32],[-30,-35],[-38,-73],[-33,-89],[-9,-32],[9,-25],[6,-25],[-9,-35],[-29,-35],[-27,-22],[-15,-48],[-3,-45],[-6,-34],[-20,-29],[-24,-29],[-21,-54],[-15,-69],[-29,-42],[-33,-25],[-23,-26],[-42,-88],[-109,-245],[-60,-95],[-68,-143],[-41,-111],[-39,-38],[-44,-118],[-98,-178],[-56,-92],[-29,-63],[-39,-105],[-41,-45],[-45,-92],[-35,-60],[-45,-60],[-41,-54],[-42,-165],[-47,-223],[-23,-108]],[[960918,787162],[-2,-47],[-17,-27],[-37,-33],[-45,-24],[-54,-14],[-50,-3],[-32,7],[1,25],[5,19],[3,26],[9,18],[7,45],[13,41],[7,28],[12,34],[23,12],[13,5],[20,0],[44,-5],[31,-14],[20,-25],[19,-31],[10,-37]],[[918020,900504],[-18,-69],[-74,-89],[-68,-49],[-55,-59],[-78,-79],[-50,-9],[-51,69],[-83,177],[-64,162],[-28,133],[-41,113],[14,34],[27,0],[74,-15],[50,25],[38,20],[59,14],[73,-24],[83,-25],[55,-19],[45,-59],[51,-79],[27,-94],[14,-78]],[[952431,783897],[-21,-8],[-53,0],[-64,-11],[-67,19],[-88,38],[-85,45],[-71,38],[-49,23],[-103,45],[-123,80],[-152,94],[-88,84],[-113,94],[-46,42],[-88,45],[-110,50],[-74,53],[-49,72],[-71,53],[-56,49],[-92,26],[-92,72],[-95,38],[-96,42],[-116,61],[-78,68],[-88,98],[-25,53],[-39,31],[-28,49],[7,45],[0,42],[14,26],[74,-45],[43,0],[74,-34],[49,-27],[71,-64],[138,-91],[211,-155],[128,-102],[201,-122],[95,-34],[120,-53],[184,-121],[169,-114],[110,-64],[84,-72],[124,-72],[81,-49],[85,-34],[78,-53],[70,-72],[64,-57],[28,-53],[18,-68]],[[961454,780990],[0,-139],[-33,-151],[-33,-163],[-62,-170],[-66,-159],[-49,-106],[-50,-73],[-128,-118],[-101,-76],[-46,-30],[-86,-78],[-104,-104],[-95,-97],[-118,-111],[-177,-121],[-200,-125],[-46,-26],[-104,-49],[-64,-26],[-94,-24],[-110,-2],[-82,-10],[-108,-26],[-88,-14],[-114,-35],[-146,-19],[-189,-28],[-183,2],[-198,-5],[-161,0],[-90,0],[-51,12],[-44,12],[-81,7],[-93,-2],[-46,-8],[-64,0],[-53,29],[-39,38],[-55,26],[-62,2],[-64,-21],[-123,14],[-82,40],[-70,16],[-62,-2],[-68,2],[-42,15],[-17,33],[-5,45],[-22,52],[-50,54],[-42,49],[-11,50],[-5,43],[20,77],[18,48],[9,33],[-22,35],[-82,64],[-59,35],[-95,67],[-68,49],[-33,52],[-25,61],[-8,93],[2,89],[-11,50],[-62,73],[-33,50],[-44,108],[-59,173],[-42,123],[-22,54],[-9,64],[13,54],[49,45],[92,38],[97,14],[97,-7],[90,-52],[97,-92],[141,-149],[128,-132],[112,-130],[81,-92],[102,-62],[66,-38],[35,-21],[75,55],[46,-8],[24,-42],[5,-21],[-11,-33],[11,-31],[31,-31],[57,-26],[51,-5],[50,15],[57,4],[44,-7],[40,-33],[37,-35],[25,-24],[66,-14],[66,-21],[66,-10],[59,-11],[88,-8],[119,-11],[113,4],[97,26],[74,29],[130,40],[150,56],[134,62],[93,47],[70,40],[25,29],[35,16],[26,-7],[53,38],[38,40],[46,38],[33,64],[33,52],[24,30],[42,33],[55,57],[44,71],[15,47],[-13,38],[-6,78],[15,68],[44,92],[37,36],[49,12],[35,9],[18,31],[2,28],[29,52],[55,123],[22,57],[83,49],[33,66],[31,73],[-6,88],[-18,92],[-90,-17],[-14,69],[88,24],[-19,153],[-225,-52],[-20,-16],[-59,-17],[-49,-161],[-75,22],[45,163],[389,92],[40,35],[15,26],[-4,40],[-20,69],[-35,142],[-53,165],[-7,75],[-52,225],[-27,116],[-15,77],[-44,246],[-38,125],[-6,45],[0,26],[-27,62],[11,14],[36,-62],[39,12],[38,40],[11,73],[4,90],[-11,83],[-15,54],[-25,43],[-9,132],[0,135],[5,87],[24,61],[51,36],[50,21],[53,5],[115,-7],[88,0],[81,-17],[42,-35],[13,-55],[11,-103],[18,-109],[15,-154],[16,-111],[15,-151],[11,-94],[-2,-33],[35,-88],[51,-82],[51,-90],[17,-24],[29,-82],[35,-95],[29,-104],[57,-189],[48,-149],[64,-146],[77,-146],[20,-97],[13,-116],[53,-267],[33,-137],[16,-168],[22,-174],[6,-73],[16,-166]],[[808430,890297],[-4,-130],[-21,-163],[-34,-94],[-46,0],[-92,-9],[-168,18],[-222,94],[-239,95],[-378,167],[-100,81],[-4,108],[-21,76],[-88,68],[-130,18],[-164,54],[8,41],[34,9],[113,9],[109,0],[118,-14],[134,14],[134,4],[80,77],[58,76],[118,64],[75,0],[185,-50],[168,-77],[113,-94],[113,-113],[42,-113],[63,-117],[46,-99]],[[963576,807037],[-15,-92],[-62,-92],[-98,-118],[-162,-184],[-92,-108],[-192,-225],[-95,-111],[-30,-35],[-89,-77],[-100,-123],[-45,-61],[-29,-60],[-36,-54],[-53,-54],[-24,6],[33,105],[35,60],[48,61],[29,117],[65,181],[80,197],[42,95],[41,108],[12,64],[9,41],[62,86],[86,83],[92,76],[50,66],[80,70],[80,45],[59,31],[65,16],[59,0],[51,-38],[17,-35],[27,-41]],[[916074,905903],[-20,-75],[-49,-67],[-49,-194],[-34,-89],[-91,-134],[-90,-90],[-90,-82],[-49,-52],[-48,0],[-104,157],[-90,111],[-139,127],[-49,60],[-76,30],[-77,30],[-62,-135],[76,-37],[-20,-37],[-118,44],[48,165],[-146,22],[-291,60],[-139,44],[-111,15],[-76,-7],[-125,-15],[-56,-37],[-48,-30],[-111,0],[-21,-82],[-42,-8],[-7,120],[-14,119],[7,74],[28,60],[-7,30],[-111,67],[-125,37],[-180,-30],[-181,-96],[-173,-135],[-160,-164],[-104,-89],[-76,-38],[-77,0],[-111,127],[-69,112],[56,52],[90,112],[125,276],[34,172],[7,104],[21,209],[-35,104],[-83,120],[-118,96],[-118,97],[-62,45],[-7,60],[21,74],[118,53],[118,111],[180,38],[243,0],[257,-52],[132,-15],[111,-53],[83,-44],[62,-30],[139,0],[97,37],[56,-7],[76,-30],[21,-30],[83,0],[49,-15],[62,-22],[28,-52],[14,-60],[-49,-216],[-7,-179],[-34,-82],[0,-68],[62,-52],[63,-7],[76,-23],[111,-67],[49,-29],[104,22],[97,82],[76,82],[83,112],[132,59],[97,8],[91,15],[55,37],[21,52],[42,38],[118,-30],[125,-134],[145,-82],[91,-194],[62,-150],[76,-164],[35,-97],[35,-89],[28,-37],[13,-45]],[[700393,818723],[-3,-79],[-51,-106],[-54,-73],[-96,-57],[-107,-55],[-85,-36],[-98,0],[-82,21],[-68,33],[-48,9],[-37,6],[-14,31],[9,33],[39,79],[34,109],[14,73],[-3,69],[-25,91],[-40,88],[-14,67],[12,57],[34,27],[64,37],[63,33],[36,9],[51,-12],[65,0],[104,-15],[82,-39],[29,-58],[11,-52],[34,-87],[31,-55],[34,-27],[31,-30],[28,-40],[20,-51]],[[701464,817341],[-19,-57],[-69,-57],[-90,-34],[-141,-20],[-134,0],[-78,20],[-228,7],[-260,-24],[-550,-124],[-318,-80],[-288,-77],[-262,-61],[-238,-94],[-106,-33],[-56,-20],[-81,13],[-88,24],[-72,77],[-78,57],[-103,43],[-147,17],[-162,0],[-135,0],[-96,-23],[-110,43],[-94,44],[-96,40],[-66,34],[-6,6],[44,7],[78,40],[40,30],[53,21],[94,0],[106,3],[72,17],[81,50],[38,37],[53,10],[72,-20],[84,-37],[113,-50],[106,-14],[106,-63],[85,-21],[96,21],[172,53],[107,37],[134,54],[137,37],[157,23],[71,0],[25,-23],[54,3],[75,77],[78,131],[34,167],[19,161],[-28,161],[-35,161],[-19,44],[7,77],[12,30],[53,0],[82,-27],[68,-23],[78,-30],[85,0],[94,23],[74,44],[79,57],[50,47],[71,20],[107,-10],[75,-14],[53,-50],[115,-151],[97,-144],[128,-184],[94,-135],[63,-70],[31,-37],[81,-33],[88,-37],[71,-40],[72,-44],[38,-67],[3,-40]],[[898189,703193],[-19,-115],[-5,-167],[-5,-356],[-25,-105],[5,-246],[10,-288],[-20,-157],[-58,-84],[-93,-31],[-122,57],[-113,79],[-131,73],[-113,100],[-215,125],[-210,89],[-205,84],[-157,52],[-127,68],[-92,105],[-103,141],[-68,231],[-69,256],[-49,178],[-58,220],[-5,89],[19,68],[44,26],[113,6],[146,0],[152,-37],[161,-63],[176,-63],[78,6],[108,-32],[83,-42],[132,-31],[175,26],[191,21],[215,0],[107,-37],[84,-57],[44,-79],[19,-110]],[[1233452,998632],[-80,-74],[-22,-84],[-36,-62],[-145,-99],[-43,-15],[-21,7],[-44,60],[-124,222],[-143,254],[-134,154],[-148,85],[-93,90],[-111,79],[-134,53],[-157,19],[-194,-8],[-45,12],[-42,26],[3,16],[38,21],[97,26],[46,27],[53,86],[63,51],[66,82],[40,15],[101,12],[67,53],[60,7],[76,34],[120,14],[166,62],[84,-23],[65,-80],[27,-51],[59,-54],[41,-25],[80,-21],[72,-33],[112,-92],[35,-51],[26,-84],[14,-343],[11,-179],[61,-99],[33,-90]],[[1240624,986870],[-26,-38],[-33,-3],[-150,-46],[-202,-38],[-144,-57],[-197,-65],[-129,-68],[-217,-20],[-81,-37],[-219,-23],[-241,-61],[-290,-52],[-152,-41],[-416,-166],[-203,-109],[-106,-16],[-116,-60],[-214,-68],[-518,-255],[-195,-119],[-149,-28],[-151,-2],[-169,35],[-106,33],[-124,59],[-106,79],[-111,76],[-132,76],[-70,82],[-39,79],[-35,157],[-10,169],[15,220],[-10,84],[-75,125],[-11,120],[16,92],[40,22],[43,13],[66,14],[38,41],[42,-9],[33,-35],[33,-41],[53,-103],[174,-199],[180,-227],[111,-112],[140,-54],[65,-63],[65,-49],[51,-8],[141,6],[136,-14],[86,-5],[81,2],[83,52],[33,24],[13,33],[139,71],[96,125],[63,49],[164,21],[111,36],[126,-19],[112,19],[187,58],[106,52],[179,131],[230,163],[63,77],[45,125],[10,97],[-29,50],[-53,59],[-98,38],[-51,47],[-43,105],[14,58],[65,47],[66,28],[95,3],[84,-63],[81,-5],[135,-6],[91,-32],[68,-100],[75,-90],[69,-52],[141,-38],[114,3],[65,-60],[66,-32],[149,-77],[54,-41],[75,-54],[96,-38],[101,-35],[33,15],[104,-6],[71,-10],[114,-69],[26,-52]],[[1231762,1000688],[-6,-41],[-33,-59],[-47,-32],[-101,33],[-71,44],[-52,9],[-74,-24],[-151,-82],[-109,-27],[-39,-57],[-54,-153],[-49,-241],[-25,-47],[-31,-20],[-103,-4],[-97,20],[-153,73],[-152,91],[-162,68],[8,27],[88,48],[45,62],[50,48],[19,39],[6,46],[-11,68],[-83,108],[-44,47],[8,57],[64,178],[-16,82],[12,87],[92,68],[72,34],[76,11],[61,-3],[140,-38],[108,-46],[138,-18],[52,-18],[137,-87],[122,-45],[110,-64],[147,-65],[97,-134],[11,-43]],[[1553643,496319],[-40,-200],[-55,-150],[-70,-49],[-92,-16],[-64,24],[-18,38],[18,37],[10,19],[25,-8],[50,4],[49,52],[45,75],[18,69],[-8,45],[-38,42],[-38,47],[-62,45],[-123,67],[-179,59],[-128,124],[-263,186],[-61,19],[-124,24],[-150,112],[-72,40],[-91,30],[-52,-45],[-23,17],[26,52],[-15,8],[14,31],[-52,48],[-124,78],[-5,21],[34,66],[62,4],[68,16],[83,2],[118,-14],[38,40],[39,14],[64,1],[82,72],[46,17],[69,-10],[108,-52],[54,-20],[64,0],[345,-128],[102,-62],[124,-135],[97,-115],[45,-107],[22,-109],[25,-215],[3,-210]],[[1551051,497562],[0,-129],[-119,-14],[-108,11],[-116,22],[-101,5],[-78,3],[-101,-57],[-123,-107],[-111,-35],[-126,-41],[-111,-82],[-191,-171],[-185,-121],[-146,-108],[-60,-30],[-86,-105],[-53,-78],[-60,11],[-69,-22],[-40,3],[-30,51],[0,60],[43,43],[45,59],[43,105],[-9,86],[29,65],[116,110],[76,86],[35,41],[129,51],[52,30],[63,62],[36,80],[-5,57],[2,40],[38,49],[136,73],[111,48],[154,22],[126,24],[143,56],[79,27],[126,-13],[141,-32],[136,-68],[106,-32],[53,-65],[10,-70]],[[1577290,485868],[-8,-44],[-14,-46],[-10,-8],[-39,0],[-58,16],[-64,0],[-53,-10],[-64,-21],[-30,-12],[-80,0],[-76,16],[-86,5],[-74,-3],[-87,-2],[-78,9],[-51,-11],[-68,-4],[-114,-10],[-117,-27],[-105,-27],[-39,-15],[-43,-31],[-62,-34],[-65,-46],[-74,-47],[-54,12],[-49,0],[-72,10],[-59,21],[-48,17],[-30,21],[-17,25],[2,27],[21,46],[33,58],[39,56],[51,75],[58,52],[61,32],[72,31],[70,25],[55,46],[27,23],[35,31],[41,6],[53,17],[72,23],[74,14],[67,21],[39,2],[42,-10],[41,-19],[49,-6],[72,6],[114,6],[87,-10],[127,-17],[115,-29],[103,-41],[116,-50],[115,-63],[31,-44],[6,-62]],[[1589757,484010],[0,-41],[-10,-46],[-25,-47],[-25,-21],[-36,0],[-50,19],[-42,49],[-95,59],[-44,34],[-60,43],[-103,46],[-72,24],[-71,18],[-70,13],[-57,10],[-56,10],[-50,16],[-56,4],[-41,0],[-51,-5],[-37,-15],[-51,-26],[-44,-27],[-20,-8],[-11,0],[-10,14],[-1,22],[10,20],[16,24],[7,27],[-1,36],[5,60],[12,42],[24,59],[29,40],[38,17],[54,17],[67,8],[54,0],[40,-3],[58,-13],[63,-13],[53,-9],[38,0],[37,-1],[58,-12],[35,-10],[63,-33],[63,-31],[64,-53],[39,-27],[43,-27],[49,-21],[32,-20],[44,-40],[34,-47],[30,-39],[21,-50],[9,-46]],[[1600056,479217],[0,-28],[-18,-22],[-33,-13],[-55,6],[-45,-6],[-53,-35],[-53,-46],[-25,-42],[-49,-28],[-59,-2],[-29,0],[-43,17],[-28,33],[-25,39],[-32,44],[-60,15],[-6,0],[-57,0],[-53,-15],[-72,-28],[-53,-35],[-57,-55],[-61,-61],[-74,-85],[-63,-94],[-21,-59],[-8,-18],[-16,5],[-15,17],[-4,46],[0,57],[-2,54],[15,79],[16,66],[29,45],[40,68],[47,37],[49,20],[37,28],[29,40],[45,43],[55,46],[59,28],[66,22],[62,8],[13,1],[82,9],[80,9],[69,21],[49,35],[64,35],[55,2],[53,-10],[27,-27],[26,-32],[12,-38],[23,-41],[22,-35],[25,-63],[20,-57]],[[1594299,480156],[-19,-50],[-30,-46],[-37,-46],[-39,-42],[-14,16],[-8,35],[-45,91],[-72,116],[-106,155],[-66,92],[-49,78],[-67,97],[-78,91],[-63,53],[-82,67],[-92,57],[-106,42],[-86,19],[-80,13],[-49,-17],[-35,-4],[-12,10],[-4,11],[2,22],[31,11],[41,26],[18,16],[37,24],[35,11],[53,32],[55,37],[49,5],[43,-5],[57,-26],[59,-43],[54,-46],[69,-59],[94,-88],[74,-61],[65,-83],[51,-61],[43,-61],[35,-74],[24,-46],[72,-66],[35,-32],[10,-31],[20,-41],[21,-46],[24,-50],[29,-33],[35,-33],[4,-37]],[[1595407,479178],[-13,-35],[-20,-24],[-4,-27],[2,-30],[-17,-11],[-18,2],[-14,24],[-27,22],[-43,33],[-55,24],[-8,37],[-33,61],[-33,52],[-38,38],[-45,13],[-56,2],[-65,4],[-37,2],[-16,11],[-25,24],[-40,31],[-31,13],[-43,9],[-39,-7],[-28,11],[8,26],[0,31],[6,33],[14,30],[25,31],[57,24],[43,9],[41,6],[43,13],[38,26],[66,7],[59,-15],[57,-33],[53,-37],[37,-31],[27,-57],[20,-50],[13,-48],[14,-52],[43,-46],[32,-35],[25,-39],[22,-42],[3,-30]],[[1582822,483825],[-3,-36],[-4,-19],[-29,-13],[-36,4],[-45,27],[-40,19],[-45,8],[-36,0],[-41,16],[-28,-3],[-48,14],[-34,21],[-34,13],[-29,29],[-52,13],[-44,17],[-55,15],[-29,24],[-36,29],[-34,25],[-74,26],[-45,5],[-44,-3],[-34,17],[-9,32],[21,33],[18,44],[63,29],[42,0],[48,-14],[48,-19],[78,-26],[81,-21],[90,-19],[107,-39],[93,-38],[83,-27],[61,-16],[42,-44],[17,-48],[16,-75]],[[1600627,479376],[-13,-70],[-34,-61],[-52,-39],[-22,-4],[-29,11],[-26,6],[-35,-6],[-33,-16],[-55,-15],[-49,0],[-43,15],[-37,9],[-28,22],[-10,37],[6,46],[14,43],[29,38],[30,17],[51,44],[56,41],[59,37],[51,5],[57,-7],[43,-19],[33,-42],[22,-44],[15,-48]],[[1597487,478745],[-22,-26],[-23,-37],[-10,-33],[-25,0],[-22,24],[-31,24],[-41,5],[-61,0],[-49,-3],[-47,-13],[-41,-19],[-33,-24],[-18,15],[-4,22],[4,28],[10,42],[15,45],[20,40],[27,17],[36,35],[45,50],[41,18],[33,6],[65,3],[41,-18],[27,-24],[24,-39],[17,-44],[16,-54],[6,-40]],[[1581317,484445],[0,-40],[-2,-27],[-9,-26],[-19,-12],[-9,-2],[-23,24],[-22,27],[-50,50],[-49,41],[-43,43],[-37,27],[-52,40],[-48,24],[-36,37],[-2,21],[6,18],[17,22],[35,18],[33,1],[48,-10],[46,-19],[55,-31],[56,-36],[45,-36],[23,-31],[20,-42],[9,-36],[8,-45]],[[1583109,483825],[0,-31],[-7,-33],[-18,-36],[-18,-21],[-24,-12],[-24,0],[-24,4],[-22,8],[-21,0],[-18,0],[-15,10],[-24,27],[-13,29],[6,23],[3,30],[9,37],[19,39],[29,22],[40,14],[37,4],[37,-10],[21,-21],[14,-29],[10,-22],[3,-32]],[[1601405,479370],[0,-37],[-20,-24],[-23,-40],[-43,-28],[-26,0],[-14,6],[-29,27],[0,19],[-2,40],[8,37],[6,24],[6,37],[11,30],[4,29],[12,24],[22,4],[15,-4],[10,-18],[12,-13],[19,-26],[18,-22],[10,-35],[4,-30]],[[1565136,471887],[-27,17],[-37,15],[-19,1],[-17,-6],[-24,12],[-14,9],[-11,13],[-13,1],[-12,-10],[-23,2],[-12,18],[-32,9],[-33,1],[-22,22],[-12,2],[-37,6],[-26,8],[-23,14],[-11,6],[-20,-10],[-20,8],[-21,18],[-21,0],[-18,-3],[-16,16],[-15,-7],[-19,-2],[-18,9],[-21,4],[-15,15],[-16,3],[-8,2],[-17,-6],[-10,4],[-6,15],[-8,4],[-8,-7],[-14,3],[-4,11],[-9,2],[-10,-4],[-32,11],[-11,9],[-20,10],[-14,6],[-17,7],[-22,6],[-29,19],[-24,23],[-18,-1],[-63,32],[-54,14],[-42,10],[-23,3],[-44,18],[-25,11],[-3,-9],[-11,-2],[-8,13],[-8,7],[-3,-7],[-12,0],[-9,10],[-10,5],[-14,5],[-9,-6],[-20,9],[-5,12],[-13,6],[-14,1],[-40,13],[-44,16],[-40,22],[-49,21],[-68,25],[-55,23],[-48,27],[-36,7],[-35,7],[-32,6],[-29,7],[-30,12],[-33,20],[-55,14],[-33,14],[-53,18],[-36,4],[-19,7],[-34,6],[-48,13],[-23,2],[-23,12],[-57,24],[-63,29],[-32,10],[-49,16],[-26,6],[-34,7],[-37,13],[-41,15],[-31,8],[-78,34],[-100,38],[-40,15],[-20,2],[-35,18],[-10,-2],[-12,2],[-11,6],[-13,13],[-37,17],[-5,-5],[-12,4],[-6,9],[-14,6],[-15,4],[-5,10],[-17,-5],[-12,0],[-11,10],[-11,2],[-12,-4],[-13,4],[-16,8],[-8,2],[-8,21],[-10,-5],[-26,2],[-2,15],[-11,-10],[-14,12],[-17,-4],[-7,13],[-11,0],[-184,74],[-87,35],[-23,0],[-22,14],[-40,6],[-41,11],[-42,20],[-63,10],[-9,8],[-38,8],[-10,6],[-36,15],[-111,36],[-104,26],[-103,22],[-157,37],[-24,3],[-15,9],[-30,5],[-36,4],[-16,11],[-26,7],[-44,11],[-16,-2],[-16,11],[-20,2],[-21,0],[-33,11],[-68,24],[-24,5],[-23,-1],[-35,13],[-25,-1],[-41,17],[-43,8],[-39,18],[-35,27],[-30,40],[-40,21],[-44,-1],[-60,19],[-12,28],[-23,9],[-8,-6],[-290,107],[-23,-15],[-24,6],[-13,23],[-73,29],[-115,52],[-213,82],[-12,-9],[-25,4],[-39,8],[-1,19],[-82,30],[-22,2],[-40,26],[-42,9],[-48,15],[-71,25],[-56,60],[-32,13],[-55,37],[-80,49],[-51,27],[-8,-3],[-15,3],[-9,14],[-25,-2],[-7,12],[-103,46],[-128,62],[-117,45],[-33,7],[-17,20],[-25,-2],[-9,17],[-20,-1],[-24,6],[-7,11],[-81,32],[-109,44],[-82,33],[-155,63],[-155,50],[-212,47],[-116,15],[-87,3],[-89,14],[-62,11],[-7,14],[-134,31],[-103,15],[-50,5],[-136,10],[-15,-9],[-28,7],[-40,5],[-27,8],[-26,26],[-28,-1],[-63,21],[-73,22],[-64,34],[-104,38],[-46,7],[-41,27],[-31,25],[-32,25],[-14,22],[-26,8],[-36,27],[-37,11],[-28,27],[-39,22],[-39,26],[-24,27],[-24,30],[-35,18],[-32,31],[-38,0],[-53,24],[-83,43],[-78,45],[-29,16],[-28,19],[-12,0],[-8,15],[-37,20],[-19,-17],[-43,32],[-4,14],[-8,2],[-40,3],[-47,26],[-1,29],[-27,-1],[-62,37],[-13,-6],[-35,12],[-136,57],[-12,1],[-70,22],[-23,17],[-113,20],[-86,15],[-101,9],[-65,4],[-53,-2],[-29,-1],[-20,1],[-12,-6],[-23,5],[-20,-15],[-34,8],[-25,1],[-46,14],[-56,21],[-52,27],[-41,30],[-34,25],[-25,27],[-29,12],[-67,15],[-30,10],[-27,21],[-32,20],[-18,23],[-22,18],[-14,4],[2,13],[-15,11],[-18,-1],[-28,15],[-39,45],[-33,31],[-39,22],[-47,27],[-52,32],[-47,27],[-32,22],[-35,27],[-44,22],[-42,22],[-87,52],[-96,54],[-164,66],[-5,-7],[-12,-5],[-24,7],[-16,17],[-22,8],[-39,10],[-36,9],[-50,17],[-41,13],[-14,2],[-35,11],[-54,16],[-47,7],[-42,13],[-29,5],[-23,2],[-9,-3],[-22,6],[-20,6],[-32,-2],[-33,4]],[[1552186,476644],[-47,2],[-137,15],[-89,13],[-26,1],[-16,6],[-6,13],[-23,27],[-84,40],[-43,14],[-46,9],[-49,26],[-37,4],[-100,63],[-61,48],[-39,25],[-41,35],[-41,34],[-16,2],[-12,8],[-2,15],[-14,17],[-39,16],[-84,44],[-72,37],[-67,34],[-84,46],[-54,29],[-63,25],[-38,16],[-2,10],[-28,7],[-21,-3],[-14,12],[-17,15],[-16,11],[-18,2],[-19,-5],[-23,0],[-9,17],[-11,11],[-18,8],[-28,15],[-67,17],[-62,22],[-28,9],[-53,20],[-63,11],[-54,26],[-19,-7],[-23,12],[-18,16],[-21,5],[-26,9],[-27,32],[-102,79],[-21,5],[-48,38],[-5,16],[-34,16],[-26,14],[-420,333],[-38,66],[-69,63],[-34,64],[-37,69],[-48,50],[-106,72],[-27,0],[-28,18],[-5,18],[-73,40],[-2,19],[-299,159],[-36,0],[-127,65],[-57,37],[-48,32],[-86,49],[-38,31],[-30,16],[-32,45],[-29,30],[-30,42],[-47,33],[-25,44],[-38,40],[-11,18],[-41,40],[-39,41],[-25,33],[-14,14],[-38,31],[-31,27],[-22,33],[-26,29],[-38,64],[-11,28],[-14,19],[-11,14],[-27,39],[-41,58],[-61,75],[-70,87],[-39,52],[-29,26],[-17,24],[-65,88],[-25,28],[-18,25],[-8,20],[-11,13],[-19,10],[-55,76],[-34,24],[-14,44],[-23,28],[-30,51],[-31,62],[-59,110],[-33,60],[-15,49],[5,52],[20,48],[9,39],[2,25],[-15,31],[-65,81],[-47,57],[-34,45],[-8,19],[-54,47],[-42,51],[-52,53],[-47,57],[-37,50],[-43,60],[-66,79],[-58,63],[-45,50],[-92,90],[-65,52],[-100,79],[-51,34],[-135,136],[-18,36],[-34,26],[-25,26],[-38,-14],[-114,101]],[[1545732,482096],[-85,53],[-71,41],[-79,42],[-58,26],[-55,11],[-44,13],[-36,13],[-18,11],[-45,26],[-16,7],[-59,23],[-51,20],[-25,13],[-37,29],[-27,13],[-27,42],[-61,29],[-93,54],[-69,40],[-117,74],[-58,40],[-92,67]],[[1544509,482783],[-53,36],[-20,26],[-39,49],[-17,29],[-40,45],[-130,97],[-56,50],[2,30],[-89,120],[-29,67],[-44,147],[-35,109],[14,51],[46,73],[65,135],[17,50],[9,46],[19,107],[26,99],[44,128],[39,85],[44,77],[38,64]],[[1544320,484503],[59,92],[46,65],[58,74],[44,60],[50,66],[60,55],[49,41],[36,29],[38,46],[61,75],[19,16],[51,46],[27,27],[60,65],[59,64],[38,47],[73,100],[91,148],[67,104],[63,115],[35,65],[49,88],[44,86],[52,101],[47,89],[65,127],[63,121],[51,97],[43,80],[60,100],[52,87],[39,65],[38,69],[21,6],[44,-14],[27,-77],[1,-50],[-1,-64],[-14,-147],[-17,-121],[-31,-172],[-38,-207],[-14,-79],[-2,-25],[-7,-124],[-3,-121],[-2,-40],[-15,-93],[-27,-124],[-28,-78],[-25,-59],[-18,-40],[-21,-95],[-13,-80],[-6,-83],[-1,-86],[2,-87],[2,-87],[7,-69],[8,-101],[12,-145],[-2,-81],[8,-166]],[[1545854,484304],[9,-79],[18,-126],[18,-175],[29,-185],[24,-146],[22,-96],[19,-56]],[[1545993,483441],[82,-233],[28,-69],[31,-80],[16,-28],[29,-52],[36,-64],[24,-42],[5,-20],[15,-67],[11,-46],[6,-47],[11,-50],[20,-41]],[[1546307,482602],[152,-487],[18,-31],[39,-65],[52,-90],[39,-52],[44,-64],[53,-82],[12,-22],[55,-96],[27,-44],[40,-74],[20,-29],[17,-33],[79,-141],[90,-148],[55,-82],[60,-94],[60,-107],[3,-17],[20,-36],[23,-37],[23,-29],[21,-37],[21,-41],[10,-19],[17,-38],[29,-59],[34,-76],[21,-42],[50,-94],[37,-59],[47,-73],[79,-118],[17,-20],[26,-35],[18,-22],[29,-43],[71,-102],[32,-40],[43,-65],[45,-47],[33,-45],[37,-53],[11,-10],[27,-37],[53,-77],[40,-51],[8,-11],[20,-22],[21,-26],[64,-74],[36,-38],[42,-40],[36,-23],[52,-32],[61,-33],[53,-30],[73,-32],[213,-129],[17,6],[62,-29],[9,-25],[38,-22],[37,-20],[60,-44],[26,-6],[35,-21],[18,-39],[63,-57],[58,-74],[28,13],[12,-29],[31,-24],[18,37],[32,13],[22,-36],[-9,-28],[16,-21],[41,-44],[61,-100],[52,-66],[75,-111],[133,-111],[158,-132],[18,-4],[97,-80],[29,-13],[18,-25],[58,-48],[39,-19],[41,-34],[52,-36],[41,-1],[61,-44],[34,-13],[28,-10],[11,-24],[56,-28],[15,4],[8,10],[15,-6],[15,-14],[11,-15],[42,-28],[54,-34],[42,-29],[6,9],[22,0],[54,-40],[50,-21],[18,-2],[14,12],[23,3],[-7,19],[2,23],[20,12],[26,-18],[0,-28],[8,-4],[21,6],[50,-41],[81,-79],[97,-85],[43,-49],[98,-70],[22,-5],[48,-27],[57,-38],[37,0],[12,-20],[78,-54],[12,-2],[20,-4],[15,-24],[61,-26],[46,-16],[39,-5],[32,-12],[44,-14],[73,-33],[116,-27],[62,-5],[42,-14],[18,4],[29,-9],[20,2]],[[1552202,476806],[28,-6],[16,-4],[24,-11],[9,10],[8,6],[11,-3],[11,3],[13,4],[16,-4],[12,-10],[13,-3],[13,8],[11,-2],[15,-10],[9,1],[7,17],[17,-1],[13,4],[19,-10],[8,-17],[19,-14],[30,-12],[75,-35],[55,-31],[20,-2],[17,-17],[41,-19],[30,-8],[49,-16],[40,-7],[36,-1],[51,-22],[60,-28],[51,-19],[30,-4],[10,14],[20,-9],[29,-14],[41,-14],[21,2],[77,-34],[67,-20],[45,-40],[10,8],[24,-14],[24,-14],[31,-1],[21,-11],[43,-15],[42,-27],[53,-27],[75,-50],[52,-27],[40,-14],[62,-38],[49,-28],[27,-15],[36,-22],[32,-13],[44,-17],[21,-9],[27,-7],[17,-4],[30,3],[21,-16],[31,-11],[18,-11],[17,-16],[35,-25],[26,-3],[25,-12],[17,7],[15,-14],[16,-4],[24,-5],[21,-3],[22,-14],[65,-9],[52,-15],[45,-12],[33,-12],[19,5],[54,-17],[37,-26],[27,-5],[57,-25],[43,-19],[35,-13],[27,-6],[17,-1],[43,-26],[33,-16],[25,-3],[15,-14],[13,-25],[18,0],[24,-18],[42,-23],[56,-25],[50,-28],[61,-30],[62,-39],[74,-50],[47,-26],[29,-22],[11,3],[20,-14],[14,-10],[12,-18],[16,-12],[16,3],[19,-24],[23,-11],[83,-48],[33,-11],[35,-4],[36,-23],[43,-18],[44,-27],[41,-25],[58,-22],[40,-19],[41,-4],[25,-14],[32,-10],[25,-8],[37,-10],[33,-20],[30,-1],[14,-19],[27,-10],[25,-6],[21,-2],[24,-14],[22,-3],[22,3],[28,-1],[19,-2],[20,2],[18,-12],[11,-15],[21,-13],[20,4],[21,-5],[17,-8],[13,2],[15,-12],[28,-2],[26,3],[14,3],[20,-12],[41,-14],[33,-19],[38,-14],[20,6],[3,15],[25,4],[26,-13],[12,-13],[9,-18],[9,6],[8,11],[14,2],[15,0],[5,-19],[45,-8],[-1,9],[15,1],[6,-15],[7,7],[22,9],[34,-15],[21,-12],[44,-24],[43,-28],[61,-9],[66,-16],[62,-9],[62,-6],[43,-19],[16,13],[25,-5],[22,-1],[34,3],[37,1],[17,8],[31,3],[38,-9],[54,-6],[34,0],[20,-13],[16,-14],[28,-20],[20,-9],[6,8],[31,-5],[38,-20],[47,-24],[41,-22],[26,-15],[42,-23],[40,-13],[38,-16],[33,-10],[26,-17],[16,11],[17,-2],[6,-17],[4,-11],[9,-8],[15,-10],[27,-18],[23,-20],[13,9],[10,-8],[7,-16],[18,13],[16,-3],[15,-14],[21,-7],[16,-5],[15,-11],[12,-1],[2,19],[12,10],[16,1],[17,-2],[13,-18],[-3,-22],[13,-7],[7,1],[15,-2],[7,-14],[17,-5],[18,1],[25,5],[16,5],[23,-8],[51,-19],[46,-22],[24,-17],[34,-25],[47,-21],[45,-12],[44,-14],[40,-27],[38,-14],[49,-17],[17,-8],[23,-17],[40,-7],[17,-4],[24,-13],[3,-15],[14,-5],[46,-28],[12,3],[21,-8],[6,-11],[33,-12],[74,-42],[22,13],[25,-24],[57,-39],[104,-41],[110,-42],[88,-40],[81,-29],[80,-28],[56,-27],[54,-22],[59,-25],[58,-20],[41,-24],[48,-21],[14,15],[33,-12],[-7,-19],[22,-5],[34,-3],[13,6],[20,-7],[4,-16],[20,-15],[48,-14],[12,7],[33,-15],[41,-21],[37,-8],[59,-27],[71,-27],[38,-9],[48,-19],[11,10],[17,-3],[10,-13],[21,3],[31,-6],[33,-7],[37,-11],[33,-5],[36,-20],[42,-18],[60,-30],[42,-15],[32,-13],[20,6],[7,-13],[35,-12],[41,-27],[68,-25],[60,-29],[41,-25],[32,-9],[31,-15],[34,-11],[17,-1],[16,-6],[12,-11],[15,-6],[17,3],[22,-8],[7,-22],[112,-43],[30,6],[27,-12],[45,-20],[42,-15],[28,-9],[13,-7],[19,-1],[12,-4],[15,3],[3,-14],[72,-35],[41,-19],[3,10],[17,4],[13,-3],[12,-8],[1,-16],[62,-28],[73,-28],[30,-16],[11,14],[16,-7],[9,-10],[15,-3],[23,-9],[20,-6],[7,4],[20,-10],[7,-17],[23,-11],[14,4],[16,-3],[6,-10],[9,-7],[11,2],[20,-15],[0,-8],[22,-12],[28,-14],[11,13],[16,-5],[13,-10],[5,-16],[30,-11],[6,1],[16,-1],[0,-12],[25,-3],[13,4],[21,-5],[6,-15],[9,-5],[10,-1],[10,-10],[10,3],[11,-9],[26,-20],[15,12],[18,-8],[24,-4],[8,-11],[17,-5],[43,-9],[32,0],[27,-6],[5,12],[11,3],[5,-7],[15,1],[28,-6],[27,-4],[46,-16],[48,-17],[49,-12],[59,-31],[47,2],[40,0],[22,-12],[50,-15],[59,-17],[99,-24],[89,-17],[33,19],[14,18],[14,-4],[7,-22],[23,-4],[9,13],[20,0],[12,-20],[16,14],[22,-10],[36,-12],[84,-45],[127,-67],[66,-34],[15,10],[21,-9],[14,-24],[61,-37],[77,-31],[65,-27],[46,-12],[30,-3],[26,-14],[29,-22],[68,-10],[23,-17],[28,-5],[44,-14],[49,-19],[14,3],[21,3],[12,-21],[60,-19],[66,-29],[40,-11],[50,-7],[67,-4],[41,1],[14,10],[25,11],[30,-6],[18,-19],[21,-9],[19,-3],[16,4],[22,1],[22,-21],[17,-2],[16,-21],[40,-13],[57,-33],[48,-27],[49,-19],[50,-33],[50,-27],[31,-25],[32,-16],[29,5],[40,-22],[54,-26],[40,-20],[46,-25],[35,-19],[19,-6],[3,-24],[18,-2],[28,-30],[44,-11],[27,-14],[38,-26],[52,-33],[53,-27],[8,-23],[30,-11],[9,10],[55,-24],[51,-25],[58,-19],[42,-19],[29,-14],[13,-11],[33,-16],[37,-22],[37,-28],[21,15],[18,-9],[9,-24],[9,-12],[11,-7],[13,2],[31,-18],[6,-17],[19,11],[33,-18],[24,-13],[15,0],[24,-1],[5,-15],[9,6],[27,-1],[12,-20],[22,-15],[29,-9],[21,2],[17,-10],[28,-13],[63,-29],[18,5],[24,-9],[23,-25],[18,-9],[9,9],[14,-3],[2,-14],[49,-21],[49,-29],[21,12],[20,-11],[23,-13],[0,-19],[16,-4],[75,-47],[87,-47],[35,-12],[37,-6],[23,-17],[28,-22],[35,-11],[42,-28],[46,-19],[47,-22],[91,-50],[82,-37],[59,-35],[30,-11],[39,-4],[59,-19],[6,13],[15,-3],[12,-20],[41,-6],[21,-3],[8,-9],[5,5],[29,-5],[14,-4],[6,2],[9,5],[16,-1],[13,-10],[22,-2],[28,-20]],[[1568645,470541],[101,-34],[28,-5],[32,-5],[37,-6],[11,5],[24,8],[32,-7],[53,-11],[20,-8],[41,-17],[52,-19],[41,-19],[11,0],[30,-2],[43,-17],[26,-13],[46,-24],[23,-13],[46,-20],[51,-28],[23,-1],[20,-9],[25,-12],[14,-7],[34,-20],[14,-6],[47,-22],[25,-11],[19,-15],[39,-26],[34,-19],[53,-27],[58,-27],[45,-25],[17,-14],[18,-5],[25,-17],[34,-18],[81,-45],[52,-29],[57,-12],[69,-31],[14,-15],[34,-27],[21,-9],[27,-12],[32,-15],[22,-14],[27,-19],[30,-18],[39,-24],[29,-12],[69,-32],[33,-17],[37,-19],[38,-17],[42,-17],[27,-14],[28,-16],[11,-4],[18,-5],[57,-18],[23,-15],[37,-21],[9,-15],[17,0],[10,-7],[16,-10],[20,-12],[57,-34],[71,-50],[18,5],[28,-5],[11,-14],[29,-9],[32,-22],[24,-6],[17,-16],[49,-33],[35,-21],[24,-14],[14,-2],[12,-3],[8,-4],[10,-8],[27,-15],[57,-26],[30,-12],[11,-4],[56,-22],[67,-29],[42,-18],[12,-4],[12,-5],[12,-7],[17,-10],[12,-8],[24,-13],[53,-31],[34,-19],[66,-33],[79,-37],[52,-23],[19,-10],[26,-15],[35,-21],[45,-18],[30,-9],[25,0],[22,-8],[17,-5],[19,-6],[15,-9],[23,-15],[13,-13],[8,-6],[15,-9],[19,-10],[18,-13],[23,-17],[28,-14],[25,-6],[20,-3],[21,1],[10,5],[18,-8],[30,-19],[34,-6],[48,-19],[33,-13],[41,1],[71,-28],[10,2],[16,2],[16,-7],[49,-4],[32,-10],[17,-9],[15,1],[11,3],[16,-6],[8,-1],[10,-6],[19,0],[43,-17],[36,-2],[22,-12],[23,-6],[40,-9],[23,-8],[53,-18],[29,-11],[9,-6],[7,-1],[15,-3],[25,-9],[20,-11],[20,-12],[18,-12],[11,-6],[13,-10],[19,-4],[38,-23],[48,-26],[49,-25],[14,-3],[27,-14],[62,-33],[39,-24],[44,-30],[16,-4],[12,-18],[18,-4],[16,-14],[25,-8],[34,-19],[46,-26],[15,-15],[27,-15],[10,-9],[18,-3],[15,-2],[14,0],[17,-3],[9,-7],[17,-13],[21,-7],[36,-13],[47,-16],[46,-12],[38,-14],[18,-3],[36,-8],[61,-9],[15,-3],[15,-11],[10,-4],[69,-34],[64,-34],[83,-42],[23,-6],[44,-13],[78,-25],[55,-12],[29,-20],[7,0],[22,2],[8,-12],[20,-4],[28,-5],[32,-13],[40,-15],[31,-21],[26,-9],[31,-11],[32,-7],[26,-3],[37,-6],[42,-12],[62,-21],[58,-14],[51,-10],[19,-21],[28,-5],[35,-3],[20,-2],[12,-6],[48,-3],[36,-11],[51,-16],[22,-6],[13,-1],[79,-34],[56,-19],[15,-11],[73,-21],[66,-25],[57,-29],[69,-27],[71,-22],[52,-16],[54,-19],[13,0],[33,-2],[27,1],[22,1],[45,-17],[14,-11],[25,-22],[62,-25],[9,-6],[10,-3],[23,-9],[18,-14],[7,-1],[67,-26],[58,-20],[24,-8],[5,1],[21,1],[21,2],[20,5],[11,0],[23,-7],[40,0],[12,-4],[11,-14],[46,-20],[16,4],[12,0],[11,-4],[28,-17],[15,-8],[18,-13],[27,-15],[19,-10],[13,-10],[33,-12],[12,-8],[18,-3],[12,-7],[17,-9],[43,-13],[20,-5],[26,-9],[13,-13],[35,-15],[11,-4],[10,0],[13,0],[12,1],[9,1],[8,-2],[1,-6],[12,-1],[13,1],[7,-4],[7,-4],[3,-8],[0,-7],[-2,-5],[-1,-10],[2,-17],[6,-7],[26,-19],[14,-10],[34,-22],[14,-8],[15,-8],[10,-10],[8,-4],[54,-26],[16,4],[21,-7],[5,-3],[14,-8],[23,-12],[13,-6],[20,-10],[10,-4],[42,-15],[24,-18],[57,-26],[33,-22],[30,-8],[61,-34],[44,-12],[9,-6],[10,-5],[14,-4],[11,2],[17,-12],[11,4],[8,-1],[19,-12],[8,-2],[9,-3],[15,-10],[8,-1],[7,0],[6,-8],[52,-19],[99,-28],[38,-20],[11,-1],[9,-5],[15,-2],[21,-7],[48,-14],[11,-1],[11,-7],[14,3],[34,-6],[8,-1],[24,-11],[17,-7],[8,-1],[12,-1],[12,-2],[12,-2],[16,-11],[5,-1],[13,-3],[14,0],[11,-5],[13,-4],[15,-6],[24,-1],[26,-5],[19,-13],[16,-5],[4,-6],[16,-5],[17,6],[11,-1],[11,-6],[7,-6],[9,0],[13,6],[12,-6],[3,-4],[16,-7],[9,-2],[9,0],[8,-2],[25,-9],[7,-5],[15,-6],[10,-6],[23,-2],[21,-7],[10,-5],[19,-3],[36,-14],[8,7],[18,-11],[16,-11],[16,-5],[40,-11],[10,-3],[18,0],[17,-3],[9,-6],[38,-9],[30,-6],[18,-4],[10,-2],[18,-7],[16,-2],[30,-11],[16,-3],[21,-3],[23,-7],[6,-1],[13,-1],[11,2],[36,-12],[23,-4],[6,-2],[13,-3],[15,-1],[17,-4],[8,-1],[7,0],[12,-5],[15,-3],[15,-5],[54,-2],[33,-4],[64,-5],[9,-2],[4,0],[7,1],[33,1],[37,1],[11,-3],[8,1],[22,1],[16,0],[15,3],[4,-5],[6,-1],[5,0],[13,2],[9,-6],[19,-1],[11,3],[13,2],[13,-1],[11,-6],[20,12],[12,2],[11,1],[6,-8],[9,-6],[12,3],[7,7],[5,8],[15,4],[22,0],[4,-5],[27,-1],[33,-3],[16,-2],[10,-7],[4,-7],[7,0],[7,5],[16,-11],[21,-1],[20,0],[4,3],[7,-1],[3,-5],[8,-1],[8,2],[11,-2],[19,0],[28,2],[44,18],[11,4],[10,10],[14,-3],[1,9],[21,8],[3,2],[4,9],[13,7],[12,17],[11,9],[11,4],[15,0],[22,1],[16,3],[12,3],[16,3],[11,2],[14,7],[9,-3],[9,-6],[4,-9],[7,-17],[39,3],[17,4],[21,20],[7,11],[10,17],[8,3],[26,1],[33,-7],[21,-12],[19,-11],[21,-9],[13,-4],[30,0],[20,7],[13,-2],[8,1],[28,6],[32,6],[22,4],[10,-3],[10,-1],[23,2],[7,1],[14,3],[9,0],[10,5],[15,2],[13,2],[14,7],[22,11],[16,9],[11,8],[12,0],[11,3],[12,4],[12,5],[17,8],[4,1],[10,2],[20,4],[56,11],[44,9],[26,7],[36,13],[12,4],[7,5],[16,9],[11,0],[7,1],[14,2],[10,4],[7,4],[31,6],[6,5],[11,7],[9,1],[7,2],[17,6],[26,7],[20,3],[15,6],[16,2],[17,8],[18,5],[34,10],[57,19],[40,13],[11,10],[13,1],[8,0],[10,3],[8,3],[41,34],[28,25],[29,22],[10,6],[16,2],[24,10],[1,-14],[14,-10],[17,0],[-3,11],[25,6],[17,6],[0,11],[43,16],[22,9],[40,11],[49,13],[8,4],[23,5],[37,13],[18,0],[12,-4],[22,-4],[29,-3],[26,6],[15,7],[20,9],[23,12],[11,6],[17,10],[9,13],[-11,17],[20,16],[-2,10],[18,8],[4,1],[14,38],[0,16],[-25,43],[0,18],[-10,21],[18,8],[10,-32],[6,-14],[15,-30],[15,-33],[25,-5],[16,-6],[12,-19],[8,-8],[14,-14],[28,10],[68,30],[64,29],[65,31],[32,24],[12,-2],[15,7],[15,3],[10,9],[28,21],[14,1],[20,2],[18,9],[12,20],[10,11],[15,2],[20,1],[19,14],[30,15],[25,17],[23,3],[21,13],[16,9]],[[1583451,467078],[61,31],[8,7],[15,7],[29,11],[32,14],[17,7],[8,5],[12,9],[20,11],[17,10],[13,5],[20,7],[24,6],[9,4],[16,6],[4,7],[14,3],[6,0],[0,5],[4,6],[5,7],[34,20],[34,16],[4,1],[34,15],[14,4],[15,5],[28,14],[14,0],[55,28],[13,9],[8,6],[16,11],[24,4],[12,4],[11,3],[13,8],[24,13],[22,10],[24,10],[12,7],[27,13],[7,1],[11,11],[7,1],[12,4],[6,2],[13,6],[71,34],[8,5],[8,2],[49,13],[47,12],[43,19],[13,7],[18,11],[22,8],[13,2],[26,0],[11,1],[7,4],[14,2],[5,-1],[6,1],[17,4],[2,2],[15,11],[10,5],[21,12],[43,10],[14,3],[9,-2],[8,0],[13,-4],[13,-8],[6,0],[10,-1],[2,4],[17,17],[5,3],[21,3],[3,3],[10,4],[11,1],[8,7],[22,18],[13,9],[30,19],[2,4],[9,9],[13,4],[10,7],[4,6],[17,25],[15,20],[56,68],[37,47],[26,13],[15,3],[58,14],[77,17],[136,40],[45,12],[55,12],[36,8],[96,28],[208,55],[131,34],[66,18],[14,0],[14,4],[24,6],[11,1],[15,3],[33,3],[-1,7],[32,8],[34,8],[35,9],[35,11],[10,2],[10,1],[28,10],[16,1],[25,10],[14,4],[13,7],[5,0],[10,6],[16,5],[3,4],[13,1],[12,3],[5,10],[-3,17],[-7,29],[-11,50],[-4,33],[3,8],[7,6],[27,8],[16,5],[86,19],[52,10],[7,0],[9,-10],[2,-9],[8,-41],[13,-61],[11,-11],[22,-6],[32,6],[5,0],[13,5],[11,3],[13,4],[29,9],[6,4],[7,2],[5,-4],[5,3],[20,7],[9,5],[12,3],[35,9],[108,27],[103,26],[75,19],[55,15],[23,12],[5,2],[3,0],[17,6],[6,1],[6,2],[4,0],[3,3],[7,2],[2,-2],[7,-1],[13,0],[4,0],[15,3],[28,8],[43,10],[5,3],[2,-3],[7,4],[14,4],[9,2],[2,3],[16,6],[8,2],[7,1],[2,-3],[0,-3],[3,-4],[7,0],[2,3],[1,10],[8,5],[7,0],[10,0],[0,5],[4,0],[7,-1],[4,3],[4,1],[0,3],[4,0],[5,-1],[10,5],[10,2],[3,2],[14,2],[1,2],[5,0],[1,3],[5,4],[10,-2],[0,3],[5,0],[12,0],[8,5],[31,7],[96,20],[283,74],[16,2],[14,4],[3,2],[5,5],[7,0],[7,1],[7,2],[17,1],[1,3],[10,2],[2,-1],[12,2],[3,7],[9,3],[9,0],[9,0],[4,4],[10,2],[10,-1],[5,4],[16,5],[5,5],[7,14],[26,46],[62,105],[12,10],[252,65],[198,55],[52,14],[93,22],[73,19],[22,3],[30,-5],[15,-7],[14,-10],[34,-27],[34,-29],[23,-17],[14,1],[22,-8],[32,-5],[5,5],[6,3],[8,2],[17,3],[5,3],[11,7],[9,3],[10,1],[4,-2],[1,-5],[-2,-7],[7,-2],[11,2],[5,14],[16,7],[36,3],[23,8],[9,1],[15,4],[7,0],[4,5],[1,8],[5,5],[6,1],[4,0],[3,2],[6,1],[4,-3],[8,8],[3,1],[3,-3],[2,-6],[4,-1],[4,-1],[6,3],[1,3],[6,0],[1,-3],[6,2],[5,3],[7,-4],[4,4],[9,0],[5,-1],[5,1],[4,0],[9,-12],[5,2],[8,2],[8,1],[8,4],[5,-2],[3,-3],[40,2],[40,1],[5,4],[8,1],[4,11],[3,0],[24,0],[8,0],[27,4],[23,-2],[38,-1],[0,3],[3,6],[6,-1],[0,-9],[36,1],[3,3],[10,2],[15,0],[16,-1],[6,-2],[3,0],[4,5],[12,-2],[34,2],[9,-2],[16,6],[4,-1],[30,2],[13,1],[13,2],[10,0],[4,2],[4,0],[29,-7],[8,-5],[17,-2],[11,1],[11,-3],[9,3],[24,0],[5,-5],[7,3],[10,2],[14,-3],[2,-4],[3,-1],[2,4],[4,2],[9,-4],[12,-4],[10,1],[14,3],[11,-5],[4,0],[8,3],[3,-2],[9,3],[8,0],[22,4],[17,4],[6,-2],[15,-3],[18,4],[-1,5],[21,8],[19,-4],[4,-5],[18,3],[0,5],[9,8],[9,11],[54,10],[54,27],[46,0],[15,5],[3,-3],[5,-1],[1,2],[7,1],[15,-1],[16,-2],[8,1],[15,1],[5,0],[5,-2],[19,4],[10,0],[3,3],[37,10],[35,-3],[22,2],[28,2],[14,3],[11,5],[11,4],[8,-2],[4,1],[7,0],[22,-4],[14,0],[23,6],[26,-4],[55,9],[36,5],[8,10],[38,8],[32,-3],[14,2],[12,0],[12,3],[9,-6],[5,5],[12,-2],[7,3],[4,-3],[4,1],[1,3],[-3,2],[25,17],[2,7],[-2,6],[1,7],[7,-1],[15,-8],[5,-5],[-4,-10],[9,-15],[35,-15],[0,4],[16,2],[28,-18],[16,2],[13,0],[43,-1],[17,1],[47,-2],[8,0],[30,0],[3,-4],[4,4],[8,3],[12,3],[10,3],[8,-1],[9,0],[5,2],[1,9],[16,1],[1,-11],[11,2],[9,0],[32,8],[17,0],[19,1],[34,3],[17,3],[17,2],[20,14],[23,-2],[11,1],[41,2],[8,6],[15,1],[15,-2],[14,3],[20,0],[35,2],[5,-2],[9,3],[7,-1],[12,-2],[5,-2],[15,0],[4,5],[7,-2],[2,-3],[4,0],[3,3],[8,3],[14,-1],[39,0],[4,-4],[7,-2],[12,1],[11,-1],[11,2],[13,0],[11,-3],[7,-2],[7,4],[3,4],[34,2],[61,20],[11,3],[9,4],[11,-1],[8,1],[5,-5],[14,1],[0,2],[24,-2],[35,8],[5,3],[5,0],[4,2],[7,7],[17,-1],[22,13],[10,4],[18,7],[5,-1],[4,4],[10,3],[3,-5],[8,1],[4,4],[13,4],[7,7],[4,1],[4,2],[8,6],[4,-2],[2,3],[5,0],[7,-4],[7,1],[4,6],[9,3],[10,-7],[5,1],[0,2],[7,4],[6,0],[7,-2],[3,4],[11,2],[0,1],[4,3],[4,1],[5,0],[2,-3],[10,5],[5,5],[5,0],[41,17],[7,0],[7,7],[17,4],[2,4],[15,3],[7,-1],[3,-2],[2,4],[6,3],[13,-1],[10,0],[1,3],[34,16],[10,2],[6,-1],[4,3],[9,4],[7,0],[8,2],[8,3],[22,10],[10,3],[6,4],[12,0],[24,-2],[6,4],[8,3],[13,1],[11,5],[33,19],[18,0],[21,5],[14,7],[13,6],[24,8],[19,6],[12,3],[5,4],[7,3],[4,0],[8,4],[3,-4],[10,2],[57,18],[5,0],[15,9],[35,6],[11,7]],[[1593423,469547],[0,4],[5,4],[21,3],[24,18],[17,8],[5,5],[5,0],[5,-3],[34,12],[9,5],[20,4],[10,-1],[13,3],[11,1],[5,0],[6,1],[24,-8],[1,11],[6,10],[41,17],[6,5],[19,7],[7,-1],[2,-5],[3,1],[3,0],[4,4],[2,4],[5,2],[3,-2],[7,-2],[8,0],[2,5],[34,16],[65,25],[40,12],[14,-4],[3,-5],[4,-2],[29,20],[32,16],[10,2],[6,-4],[2,-3],[1,-5],[69,38],[18,6],[10,-2],[7,9],[14,5],[4,-3],[5,2],[6,4],[8,1],[8,-1],[8,4],[6,0],[12,2],[7,-2],[5,5],[32,10],[8,10],[9,1],[15,1],[8,2],[7,-1],[2,-4],[8,-3],[9,1],[6,4],[4,4],[5,0],[2,-4],[7,-2],[1,3],[14,0],[9,-4],[-3,-12],[7,1],[7,-4],[0,-5],[-2,-4],[-3,-1],[1,-2],[8,-1],[5,-5],[4,-9],[5,0],[8,6],[16,-3],[34,4],[3,8],[14,7],[9,-2],[8,0],[6,-3],[1,-7],[-1,-4],[6,-11],[4,-1],[9,16],[-14,22],[30,36],[10,6],[8,6],[20,12],[9,7],[7,0],[7,-7],[14,1],[9,1],[9,-7],[6,-1],[4,4],[4,7],[2,6],[-9,19],[41,24],[9,2],[7,-9],[3,-8],[3,-3],[14,6],[21,8],[19,10],[2,14],[7,7],[4,8],[7,13],[3,-1],[7,4],[11,5],[40,14],[2,8],[71,19],[18,7],[2,-2],[20,-1],[16,-2],[5,9],[5,3],[19,7],[6,0],[18,1],[10,0],[15,5],[6,-3],[14,12],[12,4],[8,-2],[18,6],[4,4],[4,-2],[3,2],[4,-2],[5,5],[14,7],[6,5],[4,2],[7,1],[4,2],[0,1],[8,3],[-3,7],[42,18]],[[1595156,470111],[63,17],[-4,8],[22,23],[7,-4],[3,10],[18,24],[3,11],[3,7],[6,-1],[8,16],[-8,6],[-11,16],[-9,0],[-25,-14],[-3,3],[-8,-3],[-5,14],[66,28],[12,-29],[50,-6],[27,9],[25,-6],[25,4],[33,5],[-2,8],[-15,-4],[-7,18],[41,17],[8,-18],[-18,-10],[2,-8],[38,21],[-10,24],[96,44],[12,7],[36,9],[41,15],[3,5],[13,3],[11,-10],[55,21],[43,-3],[28,8],[12,8],[3,2],[6,-2],[41,11],[18,0],[3,-4],[5,-3],[7,1],[-2,8],[17,-2],[5,-4],[41,5],[2,8],[9,3],[3,10],[16,-3],[0,-6],[8,4],[10,6],[0,8],[6,5],[20,-1],[13,0],[13,4],[27,-4],[37,6],[5,2],[5,0],[0,2],[-5,3],[3,3],[13,4],[6,2],[1,-3],[0,-5],[7,4],[2,2],[2,4],[3,2],[4,3],[30,21],[4,4],[6,4],[6,-1],[6,4],[8,0],[3,0],[13,-3],[2,-5],[7,-2],[6,0],[6,0],[14,2],[7,-2],[22,-4],[31,-20],[16,-13],[1,-9],[9,-8],[4,3],[11,0],[4,-1],[8,0],[1,-3],[12,0],[0,0]],[[1596432,470446],[26,-1],[9,-6],[3,1],[5,2],[6,0],[4,1],[4,-1],[4,3],[5,3],[5,1],[7,2],[4,4],[6,0],[11,4],[7,5],[18,1],[15,9],[24,3],[8,1],[1,0],[11,1],[18,14],[6,-2],[5,2],[5,-2],[2,4],[7,1],[9,0],[6,-1],[3,0],[0,2],[15,3],[3,-3],[8,-1],[7,-1],[6,-1],[8,0],[3,2],[4,-1],[3,2],[3,0],[3,-1],[2,-3],[3,-2],[5,0],[14,-2],[15,-1],[4,2],[3,3],[4,3],[8,2],[3,-2],[4,0],[3,-1],[3,-1],[2,-8],[10,5],[9,3],[3,1],[14,-1],[15,0],[12,1],[21,3],[6,0],[20,3],[4,0],[47,-2],[8,1],[12,3],[2,2],[26,10],[4,0],[17,-1],[3,2],[13,2],[22,1],[24,2],[19,-1],[20,-6],[15,-5],[2,1],[41,1],[3,5],[5,4],[3,3],[19,1],[16,2],[13,2],[5,1],[25,13],[10,5],[10,7],[3,6],[4,7],[8,3],[7,5],[10,8],[9,6],[32,15],[4,1],[1,1],[2,3],[2,2],[2,3],[3,7],[2,2],[2,1],[1,1],[2,1],[5,0],[1,1],[3,1],[1,1],[3,2],[5,1],[1,0],[2,5],[3,0],[4,0],[-3,17],[1,10],[27,27],[6,0],[5,0],[4,4],[1,1],[3,4],[7,0],[5,5],[1,4],[2,3],[0,3],[3,0],[0,3],[-2,3],[2,7],[3,4],[1,9],[13,5],[4,4],[9,8],[-1,10],[30,53],[2,12],[-6,6],[-3,7],[-3,9],[-2,15],[-3,3],[-3,5],[-1,6],[2,3],[3,2],[0,5],[-13,0],[0,12],[4,5],[4,0],[3,-2],[4,4],[-1,3],[4,2],[1,3],[8,9],[7,4],[0,5],[-3,3],[10,13],[-5,5],[0,8],[-1,8],[5,3],[7,2],[3,4],[5,1],[5,0],[9,1],[5,-2],[3,0],[1,-5],[5,-6],[4,-11],[0,-7],[1,-2],[4,-1],[3,-2],[3,0],[1,4],[45,-16],[4,1],[8,-1],[7,-3],[3,2],[-2,3],[11,13],[37,22],[15,2],[7,-17],[26,-3],[-4,18],[4,3],[9,1],[13,0],[23,1],[33,13],[4,0],[1,3],[-1,5],[2,2],[5,1],[0,5],[2,2],[6,0],[4,6],[16,-1],[21,1],[26,3],[10,2],[19,-1],[22,-5],[33,-14],[4,1],[7,2],[2,-2],[12,0],[7,0],[24,4],[17,4],[18,4],[30,6]],[[1598155,471022],[5,6],[6,0],[6,3],[6,3],[5,8],[2,4],[15,10],[8,14],[3,4],[5,10],[-1,4],[3,6],[1,0],[1,1],[-6,14],[3,7],[-8,11],[2,3],[0,8],[-1,1],[6,6],[5,1],[5,5],[-1,5],[7,4],[3,6],[32,13],[3,5],[7,2],[5,1],[4,0],[6,-2],[2,-2],[1,-3],[0,-2],[7,-1],[5,1],[5,2],[9,-2],[4,0],[1,1],[-2,2],[1,3],[-2,2],[38,17],[1,-1],[6,4],[5,2],[5,-1],[4,1],[4,3],[4,1],[6,1],[1,1],[0,4],[5,1],[0,1],[3,3],[3,0],[4,-1],[2,2],[6,2],[1,-1],[2,3],[3,1],[5,1],[2,1],[1,5],[4,3],[5,0],[3,2],[11,4],[5,0],[2,1],[9,1],[1,3],[2,2],[3,0],[1,3],[7,1],[6,-5],[1,-3],[3,-2],[3,-2],[3,0],[0,-2],[2,-1],[10,1],[5,4],[2,-4],[3,-2],[3,1],[0,2],[8,0],[-1,3],[-5,1],[-2,4],[10,8],[5,2],[17,-6],[9,6],[13,-2],[3,2],[79,6],[5,0],[7,-1],[4,2],[2,-2],[4,-2],[3,0],[10,2],[10,0],[8,-2],[3,2],[5,1],[5,2],[5,-1],[7,1],[6,1],[6,1],[10,-4],[5,1],[3,4],[3,3],[7,5],[15,-2],[12,5],[8,3],[5,-2],[1,-3],[6,-6],[5,-2],[15,10],[14,15],[1,3],[-2,6],[-3,4],[-3,4],[-8,22],[-12,6],[0,5],[4,3],[6,-1],[9,-5],[7,-9],[6,-14],[5,-10],[2,-5],[7,-3],[15,4],[27,0],[0,8],[41,5],[3,-5],[4,-2],[7,0],[3,0],[4,0],[3,-1],[4,-3],[15,0],[3,-4],[5,1],[8,4],[4,-1],[1,2],[11,-1],[16,5],[12,1],[10,-1],[16,5],[22,2],[14,4],[11,5],[23,4],[6,5],[3,-1],[3,-2],[3,0],[9,10],[16,-3],[5,1],[2,3],[3,4],[30,8],[13,4],[13,6],[22,0],[2,-3],[9,0],[18,6],[13,1],[5,2],[4,3],[10,1],[1,-3],[8,1],[1,1],[4,1],[4,3],[2,4],[4,1],[5,5],[27,3],[5,3],[10,1],[10,-2],[8,3],[14,9],[12,-2],[4,0],[3,1],[4,3],[6,2],[8,1],[2,1],[12,2],[6,-4],[4,-4],[3,4],[10,0],[2,1],[2,2],[1,5],[6,8],[6,1],[66,-2],[6,-8],[0,-9],[5,-4],[5,1],[16,11],[8,0],[4,-1],[6,-10],[4,0],[3,1],[0,2],[12,-1],[5,-4],[7,-4],[10,2],[1,3],[6,3],[7,0],[5,-2],[1,-3],[5,-3],[6,3],[5,8],[6,4],[7,0],[7,4],[6,1],[5,4],[8,4],[12,-1],[0,8],[2,3],[8,-2],[-1,9],[-2,4],[16,6],[2,3],[14,1],[6,0],[4,0],[4,-2],[4,-1],[12,3],[3,2],[4,-1],[21,4],[6,-4],[4,0],[4,6],[3,1],[1,4],[4,0],[0,3],[1,3],[4,2],[4,0],[2,-1],[3,1],[3,7],[18,11],[13,7],[4,0],[11,8],[6,-2],[0,6],[15,2],[1,-2],[4,1],[5,2],[2,0],[4,5],[0,2],[0,3],[3,1],[0,2],[7,3],[4,1],[3,-2],[9,2],[4,-2],[3,-3],[1,-2],[7,0],[2,0],[2,-2],[3,0],[0,1],[6,4],[10,2],[20,-1],[11,2],[3,1],[1,1],[2,-2],[2,-1],[-1,3],[5,2],[15,0],[2,-1],[3,3],[3,0],[4,2],[5,-1],[28,20],[11,4],[2,2],[2,4],[3,0],[2,-3],[5,-1],[6,2],[6,0],[37,12],[31,13],[2,-1],[1,-1],[1,-1],[2,-1],[5,5],[8,2],[0,1],[4,3],[3,4],[7,5],[2,-2],[6,1],[3,3],[4,2],[3,-1],[2,2],[1,4],[1,2],[5,3],[37,3],[6,-1],[5,-1],[3,-1],[3,-2],[7,-1],[4,0],[8,-2],[4,-4],[0,-3],[-4,-3],[-2,-3],[-1,-2],[1,-2],[4,2],[4,2],[3,1],[2,-3],[0,-5],[3,1],[3,0],[3,6],[2,4],[2,5],[5,-1],[3,2],[3,1],[4,1],[2,-1],[2,0],[2,-2],[3,0],[3,2],[3,3],[2,1],[4,6],[3,1],[4,0],[4,1],[2,8],[4,6],[6,-1],[5,-5],[6,1],[2,3],[6,1],[4,3],[6,15],[0,3],[8,2],[8,4],[6,6],[2,1],[1,2],[7,3],[-1,1],[-4,3],[1,3],[0,4],[2,2],[0,3],[-5,1],[-3,1],[-2,2],[-3,1],[-5,4],[0,3],[5,3],[3,6],[4,1],[9,6],[6,-3],[1,0],[2,-2],[4,-2],[4,-1],[3,1],[4,1],[4,-1],[8,-4],[3,-3],[2,-3],[8,-3],[2,-4],[3,1],[1,1],[0,1],[11,-4],[6,1],[26,0],[9,2],[5,6],[16,10],[1,-13],[0,-5],[2,-6],[0,-11],[1,-8],[1,-5],[3,-5],[2,-4],[4,-8],[18,-23],[1,-7],[1,-7],[1,-17],[2,-2],[3,-1],[1,-3],[5,0],[6,-9],[2,-9],[15,-18],[10,-19],[28,-27],[19,1],[-14,16],[-3,24],[-14,18],[-11,69],[-1,6],[-4,38],[-1,14],[-3,7],[6,8],[11,2],[14,-12],[2,3],[6,1],[4,3],[4,-4],[7,3],[3,1],[9,3],[6,0],[6,1],[3,0],[7,0],[2,-2],[8,-1],[8,2],[7,3],[4,4],[6,-2],[4,-5],[5,-4],[9,-1],[2,3],[1,7],[4,0],[3,-8],[1,-5],[3,-4],[8,0],[8,2],[0,17],[14,2],[0,1],[5,-1],[12,-6],[4,-2],[4,-2],[15,-4],[8,4],[9,3],[8,0],[4,-2],[5,0],[7,-3],[13,2],[6,3],[8,0],[4,-4],[10,-1],[8,2],[9,2],[6,1],[4,0],[0,1],[5,-1],[7,-1],[3,1],[2,4],[-1,9],[12,7],[15,3],[17,-6],[6,0],[8,0],[6,-2],[8,10],[-2,11],[4,16],[6,11],[8,14],[-1,11],[3,1],[5,-5],[3,-1],[-6,16],[-2,22],[-2,18],[-1,15],[2,8],[13,2],[4,-6],[0,-7],[2,-8],[-1,-9],[2,-16],[2,-12],[3,-8],[10,-10],[10,-5],[10,-4],[15,3],[10,3],[13,2],[12,3],[7,4],[11,14],[2,2],[8,4],[4,0],[2,-1],[6,-2],[11,-9],[13,-11],[8,-11],[-1,-11],[4,-17],[13,-21],[4,-7],[4,-10],[3,-10],[-2,-9],[1,-7],[5,-5],[23,2],[4,3],[0,2],[7,5],[6,6],[3,11],[6,0],[-1,-7],[0,-12],[2,-17],[5,-23],[0,-2],[8,-19],[8,-5],[9,-3],[14,-1],[0,-3],[-1,-2],[1,-3],[5,0],[6,3],[12,0],[9,1],[3,1],[6,0],[8,4],[9,4],[10,4],[7,3],[8,0],[4,-1],[8,0],[6,4],[1,7],[9,3],[8,4],[11,3],[14,1],[8,1],[5,5],[12,0],[6,-2],[6,-5],[-1,-8],[0,-21],[18,4]],[[1601702,471650],[17,3],[5,29],[19,5],[14,0],[0,-5],[7,-2],[-1,6],[4,2],[2,4],[-1,11],[-4,3],[-5,10],[-4,14],[-1,7],[4,4],[-8,48],[103,25],[2,8],[2,4],[0,4],[2,2],[12,-3],[8,0],[4,-5],[5,-1],[13,2],[6,4],[6,2],[6,0],[4,-2],[14,5],[9,0],[6,5],[11,1],[21,7],[10,0],[7,1],[10,4],[30,7],[14,2],[16,-3],[14,-7],[10,-7],[10,-5],[20,5],[5,2],[-2,7],[2,6],[12,23],[4,8],[2,7],[12,8],[0,3],[15,7],[17,4],[10,2],[6,0],[22,-7],[5,-4],[3,-12],[0,-6],[5,-5],[10,1],[17,6],[15,8],[19,16],[4,2],[10,6],[9,6],[7,8],[22,7],[15,2],[24,2],[7,-1],[9,3],[3,9],[14,6],[7,2],[9,-13],[5,5],[13,0],[5,-5],[1,-5],[12,1],[3,-5],[5,-1],[9,4],[6,0],[5,-5],[3,-3],[7,-4],[12,0],[13,1],[10,0],[3,-1],[1,2],[3,-4],[14,0],[9,7],[8,1],[12,-3],[7,1],[128,41],[9,5],[5,0],[0,-9],[5,-29],[5,-15],[-4,-1],[2,-11],[6,-23],[-1,-9],[4,-27],[3,-18],[1,-11],[1,-6],[2,-6],[3,-7],[10,-7],[8,3],[9,1],[8,-3],[7,0],[7,5],[10,2],[9,1],[11,-1],[1,0],[0,4],[4,-2],[7,6],[8,9],[1,6],[0,12],[1,11],[-1,11],[1,7],[3,15],[3,13],[5,14],[5,13],[8,14],[6,10],[11,11],[18,2],[32,23],[11,8],[16,8],[36,11],[24,-2],[4,-5],[9,-4],[5,-2],[15,-1],[3,-1],[15,4],[9,8],[3,3],[3,8],[-2,10],[11,7],[0,12],[4,17],[18,8],[17,-7],[2,-6],[5,-7],[13,-2],[21,-12],[9,2],[-7,70],[-1,22],[-1,11],[1,16],[31,3],[0,1],[153,13],[303,28],[12,-140],[119,8],[4,11],[37,9],[8,12],[-2,50],[118,9],[7,-7],[4,-49],[8,-1],[5,13],[15,7],[7,0],[3,5],[10,1],[21,0],[22,8],[4,-7],[3,-14],[8,-9],[13,1],[14,10],[15,3],[27,-6],[7,7],[3,2],[19,6],[5,-8],[7,0],[7,8],[9,2],[14,-1],[24,-12],[8,5],[0,0],[11,4],[5,8],[8,0],[36,20],[-3,37],[65,7],[11,-3],[18,-14],[8,-22],[5,-11],[14,-8],[23,-11],[36,30],[0,12],[-12,14],[1,11],[8,5],[-22,65],[19,11],[13,-16],[8,-3],[114,45],[13,1],[11,1],[14,-6],[19,-16],[38,-46],[35,0],[40,16],[25,29],[20,9],[5,23],[22,13],[23,-13],[62,30],[15,-24],[131,80],[109,57],[42,-22],[61,41]],[[1605337,472495],[54,44],[3,10],[28,26],[0,10],[-21,16],[-6,19],[0,32],[50,30],[30,3],[38,-7],[3,-17],[-8,-4],[-4,-15],[-8,4],[0,-13],[20,-39],[79,40],[7,-3],[9,2],[15,18],[15,0],[17,8],[20,23],[39,12],[30,24],[42,26],[47,49],[15,7],[20,21],[9,26]],[[1605880,472847],[-6,31],[5,24],[16,27],[6,20],[22,76],[38,82],[8,55],[5,37],[21,66],[-9,1],[6,46],[1,13],[20,47],[-1,12],[0,9],[2,11],[8,15]],[[1606022,473419],[2,6],[0,6],[-4,0],[-5,-4],[-22,8],[-3,8],[6,7],[2,3],[0,4],[-3,2],[5,22],[22,7],[5,24],[-4,6],[2,7],[5,2],[1,6],[-5,5],[0,13],[1,5],[9,15],[1,10],[1,14],[-2,13],[7,35],[-5,57],[4,-1],[1,4],[-7,6],[-8,-4],[-29,-5],[-7,6],[0,14],[-20,0],[-6,19],[23,3],[21,7],[14,22],[-1,12],[2,21],[9,11],[1,5],[-2,7],[-6,35]],[[1606027,473862],[10,23],[1,8],[2,11],[-11,6],[-3,65],[34,1],[3,18],[7,14],[3,2],[-3,4],[1,13],[-1,10],[-4,4],[3,7],[-5,6],[-3,-2],[-5,2],[3,7],[-3,4],[-1,24],[7,3],[3,9],[-6,3],[11,37],[0,6],[-6,1],[-6,8],[-40,3],[-34,7],[-19,4],[-23,-5],[-13,-13],[-12,-24],[-10,6],[-7,-1],[2,20],[1,19],[7,18],[9,3],[9,10],[16,-11],[9,1],[10,7],[50,-8],[25,12],[-4,80],[18,10],[-4,22],[-13,16],[-29,34],[-11,20],[4,7],[-4,12],[7,16],[-5,10],[3,8],[-9,4],[-10,-5],[-13,24],[-9,1],[3,6],[-7,9],[-3,-1],[-4,-6],[1,-3],[-3,-3],[-5,9],[12,9],[-4,9],[5,2],[-18,23],[-10,-7],[-17,27],[1,3],[-6,8],[0,15],[-4,8],[-4,-2],[-10,19],[14,7],[2,8],[-1,3],[-5,3],[-10,-4],[-10,16],[10,4],[3,36],[-10,0],[-3,5],[-7,-1],[-2,10],[5,23],[-21,13],[-11,29],[0,8],[-4,-4],[-21,32],[-6,-3],[-9,17],[-17,81],[-2,11],[-6,12],[-8,25],[-7,0],[-4,3],[0,5],[-11,25],[-8,14],[-6,15]],[[1605731,474981],[-2,8],[-5,2],[-17,35],[0,5],[-5,1],[-7,9],[0,14],[-15,7],[-7,-2],[-9,11],[-14,-9],[-19,32],[0,9],[-11,3],[-10,14],[-7,-1],[-5,6],[1,4],[9,8],[-3,14],[-7,8],[-2,4],[-5,19],[-13,20],[-2,22],[-10,16],[1,8],[-7,21],[-5,10],[-8,9],[5,5],[1,10],[-28,35],[-5,10],[-11,8],[-16,25],[-20,-11],[-40,67],[-5,3],[-8,-2],[0,0],[2,6],[-5,13],[-9,-7],[-51,136],[15,17],[-9,17],[-7,-6],[-9,8],[-9,12],[3,3],[-10,26],[-12,24],[-1,7],[0,24],[-36,39],[-1,22],[-12,19],[1,17],[-13,16],[-6,15]],[[1605251,475846],[-9,12],[-12,13],[-12,11],[-9,9],[-12,-1],[-14,16],[-7,16],[-14,-2],[-5,9],[-4,6],[-3,5],[-12,-8],[-17,-10],[-7,-4],[-23,-20],[-21,-19],[-8,-8],[-9,11],[37,39],[-9,11],[2,39],[-35,25],[-5,8],[-35,27],[-29,-36],[-17,16],[-7,3],[-6,-4],[-14,-1],[-10,-1],[-3,0],[-12,6],[-10,6],[-12,-13],[-14,-12],[-32,-24],[-37,20],[-51,-67],[-124,160],[18,14],[46,-56],[19,13],[2,-5],[-18,-12],[18,-25],[27,-30],[26,18],[4,-3],[34,42],[-5,4],[5,7],[-3,5],[0,17],[10,16],[15,7],[3,13],[-11,24],[-7,25],[-1,10],[-13,29],[-22,26],[-16,19],[-34,18],[-36,-12],[-6,-8],[-14,-15],[-2,-16],[-7,0],[-13,9],[-29,12],[-5,5],[-27,34],[-2,14],[-7,7],[0,15],[-7,7],[-2,17],[4,15],[2,11],[-6,-1],[-17,-11],[-4,3],[12,11],[5,5],[7,3],[-21,28],[-8,-3],[-3,12],[1,5],[-8,-3],[-4,8],[-4,11],[4,1],[1,-10],[4,2],[3,7],[-2,7],[-3,-1],[-6,3],[-7,5],[-15,9],[-8,-4],[-5,0],[-9,-1],[-9,0],[-5,0],[-30,14],[-6,3],[-20,19],[-13,14],[-1,10],[-20,12],[-7,9],[-6,29],[-40,36],[-26,23],[-6,13],[-15,12],[-7,16],[-10,12],[-10,-9],[-11,7],[-24,2],[-15,-5],[-7,10],[-7,-4],[-5,5],[11,46],[-16,25],[-2,19],[6,8],[-1,21],[-4,11],[1,8],[-8,12],[1,11],[-3,13],[-10,3]],[[1604158,476846],[-20,17],[-18,-11],[-3,-2],[-10,-1],[-18,13],[-10,6],[-8,12],[-6,12],[-5,13],[-6,13],[-3,23],[-16,22],[3,14],[-8,14],[-14,-2],[-15,28],[-4,2],[-5,7],[5,8],[1,14],[-5,11],[-5,0],[-7,-10],[-8,16],[6,5],[-3,7],[-2,8],[-7,1],[-7,1],[-9,-7],[-3,4],[6,21],[-18,22],[-11,15],[-12,-1],[-40,-26],[-40,65],[48,24],[5,-7],[16,11],[-3,8],[-1,9],[0,14],[0,11],[7,14],[-19,30],[-10,-6],[-13,36],[2,8],[-3,11],[-21,34],[-8,3],[-14,-10],[-25,48],[7,4],[-2,10],[2,4],[-11,17],[-7,11],[-6,23],[-2,17],[-13,21],[-11,15],[-14,10],[-6,15],[-1,14],[-15,8],[-10,27],[-12,6],[-16,18],[-10,27],[-15,25],[-13,27],[-16,37],[-20,-9],[-53,85],[10,5],[-6,21],[3,2],[-13,34],[-4,27],[3,7],[8,6],[-6,28],[3,9],[9,1],[-1,10]],[[1603556,477980],[-1,9],[-10,17],[-3,7],[-1,14],[-21,74],[-45,120],[-2,18],[-7,16],[-6,15],[-8,8],[-6,2],[0,6],[-10,-1],[-13,32],[18,17],[-12,32],[-18,-10],[-87,130],[18,13],[-9,6],[-13,-12],[-52,24],[2,8],[28,-13],[3,11],[-4,6],[8,12],[-12,11],[-9,5],[-26,4],[-21,20],[-9,15],[-3,28],[-16,5],[-11,5],[-17,16],[-11,22],[-23,8],[-9,-10],[-50,53],[-27,33],[-14,16],[10,14],[-29,29],[-11,15]],[[1603017,478830],[-38,31],[-32,32],[-11,13],[0,11],[-15,9],[-21,31],[-16,6],[-29,32],[-15,3],[-19,13],[-8,14],[-28,7],[-15,18],[-7,4],[-13,-2],[-26,16]],[[1602724,479068],[-17,11],[-6,3],[-33,13],[-30,13],[-11,-3],[-29,9],[-10,-18],[-43,16],[-34,17],[-26,11],[-12,5],[-18,-6],[-23,2],[-13,2],[-10,5],[-8,-2],[-25,0],[-34,12],[-24,9],[-12,4],[-22,8],[-4,1],[-20,-10],[-16,13],[-11,-1],[-40,10],[-19,2],[-12,2],[-23,11],[-7,-24],[-34,15],[12,32],[-37,9],[-45,5],[-28,4],[-20,-2],[-6,0],[-52,-22],[-41,-13],[-38,-32],[-12,5],[-13,21],[1,19],[1,13],[8,38],[-3,58],[6,31],[-1,21],[-1,8],[26,77],[16,36],[5,21],[45,65],[34,25],[61,15],[14,-2],[14,0],[-1,3],[5,9],[8,1],[7,1],[9,-5],[8,0],[105,11],[9,3],[-3,18],[139,7],[9,-8],[12,-7],[14,0],[10,0],[29,-1],[18,4],[14,0],[30,0],[28,1],[15,0],[72,-9],[23,-8],[11,6],[51,-19],[72,-16],[7,5],[94,-27],[38,-10],[5,5],[70,-28]],[[1602952,479566],[113,-54],[53,-34],[117,-109],[-6,-11],[104,-121],[13,-21],[14,-14],[13,-23],[21,-26],[3,-10]],[[1603397,479143],[10,-3],[17,-25],[8,-12],[13,-32],[5,-10],[4,-8],[3,-17],[9,-14],[11,-17],[10,-17],[9,-16],[9,-32],[5,-6],[4,-14],[11,-16],[3,-16],[7,-13],[9,-20],[7,-16],[13,-20],[4,-18],[2,-21],[11,-21],[5,-20],[3,-10],[7,-6],[2,-11],[6,-14],[5,-6],[4,-11],[3,-16],[13,-17],[3,-14],[5,-10],[6,3],[13,0],[4,-11],[1,-10],[4,-14],[6,-15],[4,-10],[3,-12],[1,-11],[0,-11],[3,-6],[9,-7],[4,-17],[5,-21],[0,-11],[4,-15],[8,-9],[-1,-11],[0,-6],[-6,-3],[6,-14],[1,-10],[-6,-10],[-10,-9],[-6,1],[-1,-17],[-3,-5],[1,-33],[0,-34],[0,-15],[4,-29],[2,-13],[6,-21],[1,-12],[7,-3],[4,-17],[4,-19],[5,-8],[-5,-9],[-1,-20],[-1,-17],[1,-16],[1,-15],[1,-9],[9,-19],[7,-16],[6,-12],[5,-20]],[[1603743,478006],[2,-16],[2,-17],[5,-11],[0,-10],[23,-44],[-5,-4],[10,-12],[-7,-10],[11,-13],[15,-14],[-4,-2],[24,-30],[10,-8],[1,-11],[21,-34],[25,-47],[8,-23],[20,-22],[1,-8],[13,-14],[14,-33],[5,-21],[13,-24],[24,-37],[13,-17],[6,-10],[3,-9],[8,-6],[4,-10],[8,-7],[8,-10],[12,-23],[9,-12],[8,-13],[13,-19],[17,-19],[33,-45],[18,-30],[20,-18],[18,-25],[-16,-11],[16,-35],[8,-20],[4,-8],[0,-7],[1,-25],[-7,-18],[-8,-16],[10,-20],[7,0],[1,-6],[6,0],[4,-5],[-6,-7],[7,-3],[11,-36],[12,-37],[7,-19],[15,-23],[11,-18]],[[1604255,476954],[6,-9],[11,-13],[10,-10],[11,-11],[11,-2],[13,-3],[19,3],[13,3],[6,-2],[4,-1],[6,-8],[3,-7],[2,-3],[1,-9],[45,-40],[3,-10],[17,-14],[9,-1],[3,-1],[13,-7],[7,-1],[13,-4],[21,2],[12,0],[28,8],[14,-4],[28,3],[14,-6],[8,-1],[7,0],[56,8],[57,-19],[12,-3],[7,-3],[3,5],[27,-14],[1,-6],[17,-10],[-2,-7],[28,-13],[18,-23],[8,-17],[26,-7],[20,-28],[10,-14],[17,-42],[43,-39],[31,-23],[75,-82],[43,-52],[-3,-10],[29,-22],[9,-11],[55,-53],[34,-33],[35,-33],[12,-11],[5,2],[13,-15],[-2,-6],[16,-11],[-1,-3],[-10,-9],[3,-4],[-1,-6],[3,-4],[3,3],[-1,6],[2,6],[6,-2],[8,-4],[2,-8],[-7,1],[-3,-8],[7,-5],[2,-3],[12,-2],[8,-1],[5,-3],[6,-9],[-2,-9],[8,1],[1,3],[9,-2],[4,-7],[-5,-1],[-3,-2],[3,-5],[11,-6],[4,-8],[6,-2],[3,-12],[7,1],[8,-2],[5,-7],[-2,-8],[3,-7],[14,-11],[39,-41],[1,-1]],[[1605471,476033],[18,-18],[13,-14],[9,-16],[5,-9],[-3,-9],[6,-24],[8,-22],[6,-14],[14,-20],[7,-18],[14,-37],[9,-17],[15,-10],[21,-49],[18,-13],[14,-4],[13,1],[11,-1],[13,0],[4,-4],[2,-7],[5,-2],[7,-10],[49,-53],[5,0],[-2,-4],[13,-26],[-5,-2],[4,-10],[17,-23],[4,-11],[15,-33],[14,-30],[2,-6],[3,-13],[3,-14],[7,-14],[8,-15],[16,-18],[14,-7],[6,-10],[8,-1],[3,-7],[-1,-5],[12,-9],[21,-32],[1,-5],[3,-7],[7,-2],[-5,-6],[3,-3],[12,-38],[-1,-18],[6,-10],[7,-9],[2,-9],[9,-25],[-1,-11],[1,-6],[1,-7],[-4,-6],[2,-11],[-12,-36],[-16,-22],[-16,-18],[-2,-7],[-1,-6],[-3,-4],[-10,-17],[-2,-14],[-14,-13],[-5,-9],[-4,-13]],[[1605874,475041],[-3,-10],[0,-7],[1,-6],[6,-12],[10,-22],[9,-11],[43,-46],[18,4],[22,-4],[4,-6],[43,-10],[17,16],[6,-4],[4,-19],[12,-2],[5,-6],[-5,-10],[8,-11],[15,-11],[11,-4],[-6,-22],[0,-8],[-1,-9],[-5,-6],[-3,-14],[-4,-11],[-11,-8],[-2,-19],[-5,-7],[-3,-20],[-19,-37],[30,-32],[11,1],[10,-2],[8,-6],[33,-2],[13,-2],[13,0],[28,-7],[21,3],[26,-3],[16,-13],[18,-9],[10,-18],[16,-63],[-28,-15],[2,-27],[7,-22],[-10,-5],[1,-22],[5,-12],[4,-86],[-2,-7],[-13,-12],[-11,-12],[-3,-11],[-19,-17],[1,-6],[-7,5],[-4,0],[-18,-38],[3,-7],[-6,-16],[-6,-3],[9,-1],[-10,-11],[-6,-15],[-11,-21],[-3,-27],[9,-29],[7,-37],[11,-17],[12,-38],[21,-40],[17,-11],[8,-15],[8,-8],[26,2],[32,0],[45,14],[23,8],[29,-4],[24,-12],[12,-23],[6,-11],[2,-19]],[[1606461,473918],[25,-69],[12,-32],[22,-38],[20,-18],[19,-25],[5,-4],[17,-24],[18,-37],[44,-54],[20,-17],[27,-54],[23,-43],[21,-60]],[[1606734,473443],[38,-49],[30,-44],[14,-32],[14,-81],[9,-63],[8,-65],[3,-63]],[[1606850,473046],[4,-27],[5,-8],[-17,-66],[-20,-38],[-71,-42],[-20,3],[-65,-63],[-9,-3],[-5,-7],[-19,-11],[-16,-13],[-11,-3],[-5,2],[-21,-16],[5,-4],[0,-8],[-7,-3],[-7,1],[-8,5],[-29,-9],[-6,-5],[-3,3],[-81,-38],[-1,-11],[-10,-5],[-16,0],[-46,-32],[-54,-13],[-18,-16],[-75,-50],[-112,-72],[-14,0],[-7,-7],[5,-6],[-1,-5],[-5,-4],[-10,3],[-23,-23],[-13,-5],[-3,-8],[-11,-2],[-27,-29],[1,-6],[-5,2],[-4,1],[1,-7],[-5,-1],[-2,2],[-66,-65],[-44,-45],[-35,-42],[-15,-8],[-3,-10],[-9,-5],[-6,4],[-2,-9],[-5,-2],[-5,4],[-5,-1],[-28,-30],[-30,-40],[-18,-3],[-35,-30],[-8,1],[-5,-11],[-33,-3],[-96,-43],[-8,1],[-4,-8],[-17,-2],[-39,-22]],[[1605473,472033],[-38,-18],[-15,7],[-115,-39],[-20,0],[-17,-7],[-13,4],[-6,-9],[-15,7],[-35,-4],[-9,-15],[-6,0],[-14,6],[-13,-8],[-42,-2],[-23,-4],[0,-12],[-7,-3],[-17,2],[-12,6],[-22,-7],[-3,8],[-5,-3],[-12,-3],[-8,-5],[-8,3],[-1,9],[-8,4],[-2,-3],[-2,-4],[-5,-4],[-14,4],[-2,-5],[-10,-2],[-10,-5],[-11,12],[-5,-10],[-10,0],[-35,-16],[-11,6],[-28,-9],[-4,6],[-36,0],[-27,-13],[-10,-3],[-32,8],[-9,-4],[-6,-6],[-3,-4],[-14,-2],[-15,8],[-23,3],[-40,-18],[-23,-8],[-8,0],[-6,0],[-4,4],[-6,1],[-5,-2],[-6,1],[-4,3],[-18,-5],[-10,2],[-7,4],[-5,-1],[-2,-3],[-6,-4],[-6,1],[-5,1],[-6,-2],[-6,0],[-5,-3],[-4,2],[-11,-3],[-4,-2],[-11,1],[-11,-9],[-9,-8],[-8,-6],[-10,-3],[-18,0],[-14,-5],[-7,-4],[-5,13],[-34,-17],[-15,-6],[-20,0],[-11,-1],[-14,-1],[-22,0],[-8,-1],[-11,-5],[-9,-1],[-13,-1],[-26,3],[-21,2],[-21,0],[-10,2],[-13,-8],[-7,0],[-8,-5],[-9,3],[0,-9],[-26,-30],[-63,-12],[-27,-10],[-12,0],[-25,-4],[-34,-1],[-51,-2],[-154,-4],[-111,-8],[-41,-4],[-13,-2],[-100,-8],[0,1],[-24,-1],[-3,0],[-12,5],[-6,11],[-27,28],[-14,1],[-5,2],[-4,3],[-8,7],[-16,22],[-9,5],[-12,8],[-6,6],[-5,7],[-4,2],[-11,-3],[-3,2],[-5,-3],[-5,-2],[-11,0],[-7,3],[-8,-4],[-9,4],[-2,-3],[-10,0],[-9,-2],[-11,2],[-21,-6],[-20,-1],[-43,-2],[-31,-3],[-14,-6],[-10,2],[-9,-2],[-13,3],[-10,-7],[-3,-4],[-6,-1],[-2,6],[-11,0],[-14,-6],[-22,-8],[-19,-2],[-9,0],[-14,-3],[-12,3],[-10,-6],[-26,-3],[-17,-2],[-7,8],[-4,-4],[-18,-3],[-10,-2],[-17,3],[-10,-10],[-16,-6],[-4,1],[-2,4],[-2,-2],[-28,-1],[-7,1],[-12,-6],[-37,-5],[-20,-5],[-16,-2],[-11,0],[-32,-8],[-7,1],[-4,0],[-42,-6],[-18,0],[-8,-2],[-72,-13],[-14,-4],[-24,1],[-6,0],[-10,-3],[-9,-3],[-21,0],[-22,-5],[-19,0],[-9,-2],[-7,-1],[-20,-8],[-5,8],[-9,-5],[-27,-3],[-20,-4],[-5,-1],[-23,-1],[-15,-2],[-8,-5],[-11,-1],[-2,0],[-38,-3],[-2,5],[-14,-7],[-6,0],[-15,-3],[-6,2],[-8,-2],[-6,2],[-8,-2],[-15,0],[-2,-3],[-8,-3],[-4,4],[-4,-2],[-23,-4],[-8,0],[-6,0],[-5,0],[-14,-4],[-14,-2],[-3,0],[-4,1],[-5,-4],[-5,-1],[-5,3],[-4,-1],[-8,1],[-6,-2],[-5,-5],[-16,-3],[-4,2],[-5,-2],[-4,2],[-6,0],[-4,-4],[-11,0],[0,-4],[-4,-2],[-4,3],[-5,-1],[-13,0],[0,-2],[-23,-5],[-5,-3],[-13,-14],[7,-99],[-15,-13],[-4,1],[3,8],[-2,37],[-5,42],[-1,16],[-5,7],[-18,-1],[-9,-2],[-4,-4],[-7,0],[-8,-3],[-6,4],[-10,20],[0,5],[-19,-2]],[[1601703,471634],[-22,-3],[-8,-15],[-9,-3],[-14,0],[-9,5],[-1,-5],[-6,-6],[-16,5],[-8,-6],[-7,-1],[-29,-12],[-11,-3],[-12,-2],[-7,0],[-7,4],[-12,0],[-33,-9],[-4,3],[-8,-8],[-16,-2],[-10,1],[-37,-13],[-13,-3],[-31,-5],[-7,2],[-42,-10],[-5,0],[-3,-5],[-5,2],[-5,-1],[-4,-2],[-5,2],[-6,-2],[-4,-4],[-8,1],[-8,-1],[-4,-5],[-9,-1],[-7,-1],[-9,1],[-8,-3],[-4,1],[-3,0],[-12,-6],[-4,-1],[-7,1],[-2,-3],[-15,0],[-6,-4],[-11,0],[-14,0],[-4,-1],[-5,0],[-1,0],[-5,-2],[-4,-3],[-5,-3],[-6,4],[-5,-6],[0,3],[-6,2],[-2,-4],[0,1],[-10,-5],[-6,2],[-4,0],[-1,-2],[-4,0],[-5,3],[-3,0],[-1,-3],[-4,0],[-4,2],[-6,-5],[-2,1],[-8,-1],[-7,-4],[-11,-4],[-11,4],[-7,4],[-5,-3],[-3,-3],[-8,-3],[-19,-3],[-6,3],[-2,0],[-5,0],[-3,0],[-1,-3],[-3,4],[-3,0],[-1,-3],[-2,0],[-2,2],[-21,-3],[-1,-5],[-8,-2],[-11,0],[-3,0],[-8,1],[-12,-1],[-5,0],[-5,-1],[-4,-1],[-7,2],[0,-4],[-9,1],[-22,1],[-1,-4],[-2,-2],[-5,1],[-2,3],[-4,-5],[-4,-1],[-1,-2],[-4,-2],[-5,-1],[-13,-3],[-4,0],[-1,-2],[-4,0],[-2,2],[-1,6],[-4,2],[-4,0],[-2,-5],[-2,-5],[-4,-1],[-1,-3],[-4,-2],[-7,-1],[-4,-1],[-3,4],[1,3],[-2,1],[-4,-1],[-5,-1],[-2,-4],[-4,1],[-1,1],[-1,-2],[-5,-1],[-3,2],[-3,-1],[-2,-6],[-1,-2],[-3,-3],[-4,-1],[-4,0],[-1,2],[-4,0],[-2,-2],[-3,1],[-3,-1],[-4,1],[-2,-2],[-2,-2],[-6,0],[-1,3],[0,-2],[-2,3],[-5,0],[-5,-1],[-3,0],[-3,0],[-5,-1],[-4,0],[-1,-2],[-4,0],[-1,-4],[-1,-1],[-4,0],[-3,1],[0,1],[-7,0],[-2,-1],[-5,-1],[-1,-1],[-4,0],[-1,1],[-2,-2],[-1,-2],[-7,0],[-3,-1],[-2,1],[-1,-4],[-2,0],[-3,2],[-6,0],[-5,0],[0,-1],[-4,0],[-1,-2],[-7,1],[-11,-7],[-3,1],[-2,-3],[-5,-2],[-1,-1],[-1,-2],[-5,0],[-1,1],[-3,0],[-4,0],[-14,-9],[-4,2],[-7,-3],[0,0],[-4,-3],[-12,-4],[-7,-3],[0,-3],[-5,-1],[-2,-3],[0,-3],[-6,-3],[-1,-2],[0,-2],[-2,-4],[-6,-1],[-2,-4],[-4,-3],[1,-7],[0,-4],[-5,-3],[-2,-1],[-3,2],[-4,-2],[-4,-1],[-1,-2],[-6,0],[-6,-6],[-5,-5],[-6,-2],[0,-9],[-1,-3],[-3,-1],[-2,-2],[-1,-5],[0,-3],[-4,0],[-3,2],[-5,1],[-2,3],[-1,5],[-3,3],[-1,1],[-2,-3],[0,-3],[-1,-1],[1,-3],[3,-6],[1,-2],[-5,-4],[-2,1],[-3,-3],[0,-4],[-5,-2],[-3,-4],[-4,1],[-2,2],[-2,-2],[-2,0],[-1,-3],[-3,0],[-1,2],[-2,-2],[0,-2],[-3,1],[-3,5],[1,2],[3,1],[-4,3],[-2,-3],[-2,-6],[-1,-2],[-5,-1],[-4,-2],[-9,-1],[-5,-2],[-18,2],[-3,2],[-4,1],[-14,-7],[-13,0],[-4,0],[-4,-4],[-14,5],[-1,6],[-9,0],[-6,2],[-4,4],[-8,3],[-8,3],[-5,1],[-2,0],[-15,-1],[-5,6],[-2,-4],[-8,1],[-3,2],[-3,-3],[-5,-2],[-2,-2],[-8,-2],[-4,-6],[-4,-3],[-5,1],[-2,0],[0,2],[-1,2],[-2,-5],[-6,1],[-4,0],[-5,0],[-6,-2],[-20,-3],[-15,-2],[-8,-1],[-2,-3],[-7,0],[-4,-1],[-4,1],[-6,-3],[-11,0],[-8,-2],[-4,-2],[-4,-1],[-5,0],[-15,-5],[-2,3],[-4,3],[-6,-1],[-1,-3],[-6,3],[-3,-5],[-6,1],[-9,0],[-60,-18],[-1,0],[-2,1],[-7,-2],[-5,-1],[-6,-1],[-6,-2],[-8,0],[-3,-5],[-6,-3],[-4,0],[-2,2],[-2,3],[-8,-1],[-4,-3],[-2,-2],[-2,-4],[-5,0],[-4,2],[-2,4],[-5,0],[-21,-7],[-6,1],[-3,-2],[-4,1],[-3,-1],[-3,1],[-5,0],[-12,-6],[-8,0],[-12,-2],[-4,-4],[-8,-2],[-5,-2],[-21,-9],[2,-16],[16,1],[0,-15],[-29,-5],[0,14],[10,2],[-3,19],[-4,-5],[-3,-4],[-18,-4],[-8,1],[-6,0],[-8,-3],[0,2],[-7,-3],[-5,-2],[-4,-3],[-16,-4],[-5,-3],[-8,-4],[-4,-1],[-8,0],[-7,-1],[-8,-3],[-9,0],[-6,-4],[-5,-1],[-5,0],[-7,-4],[-8,0],[-4,-1],[-8,-1],[-19,-6],[-5,0],[-6,0],[-5,-2],[-2,-4],[-2,-2],[-4,0],[-3,2],[-6,0],[-10,-2],[-4,-2],[-7,-2],[-7,0],[-3,1],[-4,-3],[-8,-2],[-10,-3],[-14,-3],[-1,3],[-5,0],[-3,0],[-1,-5],[-3,0],[-1,-1],[-9,-3],[-3,2],[-1,5],[-3,3],[-4,-1],[-3,-3],[-1,-2],[-5,-1],[-9,4],[-8,0],[-3,-1],[-7,-1],[-8,-3],[-4,-1],[-3,2],[-5,4],[-2,0],[-1,-4],[-3,0],[-4,1],[-3,-1],[-3,-1],[-2,4],[-6,0],[-5,2],[-9,0],[-9,-2],[-7,-1],[-7,0],[-5,2],[-8,9],[-8,4],[-3,8],[-3,5],[-4,3],[-4,-2],[-4,1],[-4,-2],[-2,-2],[-2,3],[-10,-3],[-2,-3],[-6,-2],[-2,-1],[-4,0],[-1,1],[-7,-2],[-2,-2],[1,-3],[-17,-18],[-7,-1],[-2,-2],[-1,-4],[-3,-4],[-3,-7],[-2,-1],[-4,-4],[-1,-2],[-8,-11],[-11,-1],[-7,-3],[0,-2],[-2,-1],[-4,-2],[-4,1],[-2,3],[-4,-1],[-2,-3],[-12,-11],[-3,0],[-2,-5],[-6,0],[-5,3],[-5,0],[-2,0],[1,-4],[-3,-6],[-9,-3],[-16,-3],[-6,-1],[-5,1],[-7,-12],[-13,-2],[-24,-11],[-31,-5],[-9,-12],[-41,-6],[-42,-4],[-53,-2],[-110,-25],[-39,-5],[-21,-7],[-16,-2],[-10,4],[-25,-11],[-5,4],[-90,-24],[-5,1],[-5,0],[-6,-2],[-10,-4],[-9,-4],[-6,1],[-4,-2],[-12,-3],[-7,-1],[-5,-2],[-5,1],[-14,-3],[-11,-2],[-10,-2],[-6,-1],[-5,-2],[-6,-3],[-5,-1],[-10,-4],[-7,2],[-12,-2],[-1,-2],[-5,-1],[-4,0],[-5,-1],[-2,-2],[-7,0],[-4,-2],[-7,-4],[-2,3],[-2,1],[-3,-1],[-2,-4],[-50,-11],[-10,0],[0,-3],[-6,1],[-4,2],[-2,2],[-20,-8]],[[1598200,470865],[-8,-6],[-12,-7],[-17,-5],[-6,-3],[-5,-2],[-6,-5],[-5,2],[-15,-6],[-14,-10],[-34,-13],[-44,-17],[-18,-3],[-17,-3],[-5,0],[-5,-4],[-12,-1],[-5,2],[-7,0],[-11,2],[-10,-3],[-6,-5],[-5,-3],[-9,-5],[-1,-10],[-5,-3],[-6,-1],[-2,-2],[-5,-5],[-3,0],[-6,1],[-7,-1],[-6,-3],[1,-7],[-2,-3],[-5,-1],[-5,2],[-3,3],[-7,-3],[-13,-7],[-35,-13],[-5,-4],[-8,-11],[-8,-4],[-7,1],[-12,-6],[-9,-1],[-1,-5],[-1,-4],[-5,1],[-4,0],[-4,0],[-10,-7],[-1,-5],[-3,-3],[-3,-2],[-43,-26],[-8,-2],[-7,-4],[-5,-7],[-4,-1],[-5,-4],[-9,-4],[-4,1],[-2,-1],[-1,-6],[-5,-2],[-3,-3],[-6,-3],[-10,-2],[-3,-5],[-2,-3],[-5,-2],[-56,-31],[-13,-4],[-1,-5],[-9,1],[-4,-11],[-7,0],[-13,-12],[-18,0],[-3,-3],[0,-6],[-5,-2],[-2,-7],[-9,-10],[-10,1],[-12,-6],[-29,-23],[-2,-4],[-8,-7],[-6,-3],[-19,-12],[-25,-18],[-7,2],[-2,-3],[0,-3],[-6,-3],[-6,-7],[-9,-2],[-4,-5],[-6,-5],[-8,5],[-7,-1],[-31,-16],[-2,-8],[-7,-5],[-4,3],[-8,-8],[-6,2],[-13,-5],[-5,-6],[-6,-3],[-6,-2],[-18,-7],[-5,-6],[1,-2],[-6,-1],[-3,-4],[-11,-6],[-7,-1],[-2,-4],[-5,0],[-19,-11],[-5,-2],[-1,6],[-4,0],[-3,-5],[-11,2],[-8,-3],[-4,-4],[-6,-4],[-4,0],[-4,-2],[-2,0],[-4,0],[-14,-15],[-9,-2],[-27,-21],[-4,-6],[-16,-5],[-6,4],[-10,-7],[-6,-2],[-3,-4],[-11,-8],[-4,-5],[-4,-1],[-3,2],[-27,0],[-3,-8],[-5,-8],[-5,2],[-8,0],[-10,-1],[-5,-7],[-9,-1],[-23,-9],[-15,3],[-20,-11],[-6,4],[-4,-1],[-5,1],[-1,-3],[-5,-1],[-29,-19],[-3,1],[-3,3],[-10,-2],[-8,1],[-4,-2],[-7,0],[-9,-2],[-3,-2],[-1,-4],[-2,2],[-5,-2],[-2,-3],[-5,0],[1,2],[-3,0],[-1,-2],[-6,-2],[-8,-2],[0,-4],[-4,-1],[-6,5],[-11,-1],[-1,-2],[-5,0],[-3,2],[-1,-2],[-4,-1],[-2,0],[-6,2],[-1,2],[-3,0],[-1,-4],[-3,-2],[-3,3],[0,2],[-4,2],[-6,1],[-1,-4],[-5,0],[-20,-2],[-10,-1],[-9,0],[-4,0],[-3,-1],[-5,0],[-14,-3],[-9,2],[-5,-1],[-6,-9],[-12,-3],[-4,3],[-3,-2],[-2,-6],[-5,1],[0,-3],[-11,-8],[-21,-7]],[[1596497,470122],[-13,-4],[-3,-4],[-5,-2],[-7,-3],[-9,-2],[-9,-10],[-1,-2],[-4,-2],[-2,4],[-10,1],[-10,2],[-4,-4],[-10,-5],[-15,-7],[-6,-6],[-6,-2],[-6,5],[-15,0],[-1,-11],[-7,-4],[-4,2],[-1,4],[-4,2],[-8,-1],[-8,-4],[-4,-6],[-5,0],[-4,1],[-7,7],[-23,1],[-33,2],[-9,-2],[-8,1],[-37,10],[-4,3],[-4,0],[-8,-2],[-5,-4],[-5,-1],[-3,-3],[-3,0],[-2,4],[-5,-1],[-32,6],[-1,5],[-4,7],[-17,5],[-9,-3],[-6,2],[-9,0],[-11,-4],[-7,-1],[-14,-5],[-10,-9],[-8,-8],[-1,7],[-34,-18],[-6,-5],[-4,4],[-8,-2],[-14,-6],[-6,-2],[-7,-10],[-12,-5],[-4,1],[-14,-6],[-23,-9],[-31,-9],[-32,-6],[-2,-6],[-12,-6],[-5,-1],[-10,-2],[-22,-2],[-24,-1],[-9,-8],[-14,-2],[-20,-1],[-13,0],[-8,-2],[-6,-4],[-2,-1],[-10,-2],[-2,-5],[-3,-3],[-1,-4],[-2,-4],[-1,-4],[-5,1],[-1,1],[-3,2],[1,2],[-11,-5],[-5,-6],[-7,-4],[-5,2],[-6,2],[-7,-5],[-9,0],[-1,4],[-20,-10],[-8,-10],[-17,1],[-8,-2],[-4,-4],[-3,-1],[-4,-1],[-25,-8],[-4,-4],[-1,-4],[-12,-9],[-12,22],[-3,-2],[-1,-5],[-13,-3],[-13,0],[-7,0],[-4,-1],[-6,-2],[-3,0],[-5,1],[-1,-3],[-8,-2],[-32,-7],[-6,-3],[-5,-1],[-4,1],[-6,-2],[-16,-8]],[[1595360,469877],[-116,-41],[-7,0],[-11,1],[-23,1],[-22,-13],[-23,-15],[-8,0],[-10,-4],[-10,-14],[-8,0],[-15,-16],[-8,-1],[-6,-1],[-3,-8],[-5,-3],[-5,1],[-4,-6],[-4,-8],[-7,2],[-3,-1],[-2,2],[-12,-8],[-5,-7],[-7,0],[-8,-11],[-6,-1],[-8,-1],[-6,-6],[-5,-6],[-5,-1],[-11,-10],[-12,-10],[-14,-8],[-11,-3],[-10,-9],[-7,-4],[-12,-3],[-4,2],[-2,-5],[-6,-8],[-5,1],[-4,-1],[-6,-5],[-6,-2],[-12,-6],[-9,-2],[-7,-4],[-5,-4],[-6,0],[-16,-11],[-2,-6],[-10,-8],[-13,-1],[-13,2],[-5,4],[-22,-5],[-18,-13],[-18,-11],[-18,3],[-8,2],[-21,-12],[-14,-5],[-11,-5],[-12,-1],[-6,-5],[-8,-4],[-13,-1],[-6,-5],[-6,-1],[-7,-4],[-8,-3],[-1,-8],[-15,2],[-5,-4],[-10,-5],[-7,6],[-15,1],[-12,-1],[-2,-6],[-9,-2],[-6,6],[-6,-1],[-10,-2],[-24,-8],[-29,-16],[-5,2],[-2,-4],[-7,0],[-5,-6],[-8,-2],[-10,2],[-12,-8],[-7,-2],[-29,-8],[-4,-9],[-4,-3],[-7,-6],[-5,-2],[-9,-2],[-4,-11],[5,-43],[-129,-25],[-110,-21],[-8,54],[-14,-10],[-38,12],[-18,-8],[-25,1],[-8,-3],[5,-7],[0,-6],[-15,-1],[-6,9],[-32,-10],[-32,-9],[-16,1],[-9,-7],[-16,-7],[-10,-1],[-23,-1],[-22,-4],[-8,-6],[-6,0],[-10,10],[-35,-10],[-20,5],[-9,-8],[-16,-2],[-17,3],[-16,8],[-9,-2],[-7,9],[-25,6],[-5,0],[-20,-2],[-23,-1],[-24,-3],[-28,-4],[-5,-6],[-11,-2],[-5,6],[-5,-4],[-10,-6]],[[1593490,469349],[-10,-6],[-3,-6],[-10,-5],[-10,3],[-6,-3],[-20,-13],[-6,-2],[-28,-19],[-14,-1],[-11,0],[-8,4],[-3,4],[-10,2],[-9,3],[-9,1],[2,6],[-1,2],[-4,0],[-6,1],[-3,-2],[1,-7],[-8,-1],[-5,-7],[-7,0],[-2,-3],[5,-4],[-3,-2],[-7,2],[-3,-11],[-6,1],[-2,6],[-2,2],[0,-6],[-2,-4],[-14,-11],[-4,-13],[-5,-5],[-14,1],[-9,6],[3,9],[-4,6],[-2,-5],[-6,-9],[-16,1],[-17,-11],[-6,3],[-2,4],[-16,-6],[-6,-4],[-5,-5],[-12,2],[-38,-12],[-1,4],[-4,-2],[-2,-6],[-5,-4],[-7,1],[-1,7],[-5,-2],[-3,-3],[-5,-3],[-3,3],[-3,-3],[-6,-2],[-2,5],[-4,-5],[-5,-1],[-2,4],[-10,-6],[-12,-6],[-27,-12],[-20,-9],[-10,-3],[-8,4],[7,4],[5,3],[-14,3],[-6,4],[-7,2],[-7,-1],[-4,-4],[-12,-3],[-5,0],[-4,2],[-5,0],[-8,0],[-3,3],[-8,-9],[-3,-1],[-6,-3],[-3,3],[-7,-2],[-6,-4],[-2,6],[-4,-2],[-6,-10],[-9,-1],[-5,-2],[-6,-3],[-41,-16],[-13,3],[-4,-2],[-3,-7],[-5,-3],[-7,-2],[-8,-3],[-6,-6],[-9,-2],[-8,-7],[-5,0],[-13,-5],[1,-7],[-48,-12],[-15,-14],[-23,-8],[-10,7],[-26,-16],[-12,-12],[-26,-22],[-5,0],[-5,2],[-4,4],[-10,8],[-5,1],[-4,-1],[-10,0],[-10,-3],[-21,-20],[-8,-1],[-10,2],[-10,-2],[-10,1],[-10,1],[-12,-5],[-10,-6],[-8,1],[-17,0],[-8,0],[-33,-12],[-7,-1],[-11,3],[-5,-1],[0,-5],[-4,-1],[-4,1],[-8,3],[-28,-3],[-3,-5],[-8,-3],[-7,-3],[-8,-3],[-6,-3],[-11,-2],[-8,2],[-13,-11],[-12,0],[-9,1],[-8,-6],[-8,5],[-9,1],[-7,5],[-37,-10],[-9,0],[-28,0],[-29,-4],[-10,-10],[-7,-2],[-6,-2],[1,-4],[-4,1],[-1,2],[-6,1],[-5,-1],[-7,-1],[1,-5],[-7,-4],[-6,2],[-6,4],[-14,-7],[-20,-6],[-12,-3],[-15,-5],[-11,-9],[-8,0],[-4,3],[-15,-1],[-4,-5],[-5,-5],[-5,0],[-3,2],[-35,-8],[-14,-2],[-11,-7],[-5,-1],[-6,-1],[-9,-7],[-14,-3],[-11,4],[-31,-9],[-6,3],[-4,5],[-14,-4],[-7,0],[-3,4],[-1,5],[-8,3],[-8,-4],[-19,-5],[-18,-2],[-10,-3],[-15,-18],[-12,-2],[-9,5],[-10,3],[-11,2],[-13,0],[-8,1],[-9,6],[-11,-5],[-12,-2],[-5,3],[-9,-7],[-7,0],[-9,2],[-4,6],[-8,-1],[6,-6],[0,-4],[-9,-4],[-7,-3],[-5,3],[-9,2],[-6,-4],[-8,-1],[-11,5],[-20,-7],[-23,-9],[-16,-1],[-3,6],[-7,3],[-4,0],[0,-7],[-14,1],[-2,7],[-15,-2],[-3,-5],[-6,0],[-4,1],[-11,-4],[-5,5],[-9,-4],[-6,0],[-8,-11],[-24,0],[-3,14],[-6,3],[-4,2],[-9,1],[-5,-1],[-18,-2],[-7,-6],[-7,3],[0,3],[-9,-2],[-11,-1],[-15,2],[-25,3],[-7,0],[-16,0],[-8,0],[-8,0],[-11,0],[-19,1],[-5,-1],[-8,3],[-1,-9],[-5,-2],[-5,2],[-7,7],[-52,0],[-7,4],[-26,10],[-9,1],[-6,6],[-12,1],[-2,4],[-34,-4],[-4,3],[-28,0],[-17,4],[-12,0],[-39,2],[-16,-6],[-5,4],[-11,-2],[-22,0],[-22,6],[-10,-5],[-11,5],[-4,-3],[-14,3],[-13,6],[-9,-6],[-4,7],[-6,-4],[-14,4],[-10,-4],[-24,1],[-26,1],[-11,-5],[-25,2],[-21,-4],[-30,-3],[-13,3],[-6,-5],[-54,0],[-29,-1],[-5,5],[-6,2],[-9,0],[-24,-2],[-7,2],[-20,-5],[-5,3],[-4,-3],[-8,-2],[-7,2],[-5,-5],[-8,1],[-4,0],[-5,-1],[-7,5],[-5,-3],[-4,0],[-6,-1],[-7,3],[-9,-1],[-9,0],[-11,2],[-14,0],[-5,-2],[-8,-2],[-3,4],[-10,-4],[-1,-4],[-8,-3],[-4,2],[-5,-2],[-19,-5],[-2,4],[-35,-20],[-74,21],[-76,14],[-43,3],[-27,2],[-66,31],[-1,25],[-16,1],[-46,-5],[-3,7],[-7,-1],[-15,-10],[-30,-10],[-21,2],[-35,0],[-12,-6],[-26,-9],[-18,-4],[-23,-5],[-18,-7],[-23,-8],[-14,-2],[-31,-6],[-21,-9],[-26,-25],[-13,-8],[-8,-9],[2,-12],[6,-6],[4,-7],[-2,-6],[-9,0],[-4,-2],[-4,0],[-7,2],[-13,-13],[-7,-1],[-7,2],[-4,-1],[-3,-8],[-7,-1],[-4,4],[-6,-5],[0,-5],[-9,-2],[-4,-4],[0,-6],[-6,-4],[-15,-11],[-11,-5],[-22,-9],[-8,-16],[-21,-12],[-5,5],[-7,1],[-18,-11],[-6,-11],[-14,-31],[-492,-125],[-2583,-676],[-183,-48],[-84,-23],[-85,-23],[-114,-31],[-213,-58],[-92,-25],[-88,-24],[-44,-11],[-11,-3],[-4,-7],[-9,-6],[-25,-12],[-8,-2],[-23,-7],[-53,-2],[-10,7],[-17,4],[-6,7],[-19,20],[-17,20],[-11,1],[-14,5],[-5,11],[-18,-5],[-23,-8],[-32,-10],[-29,-13],[-6,0],[-6,-3],[-8,-5],[-17,-15],[-16,-5],[-5,-1],[-16,-2],[-17,-12],[-16,-4],[-49,-15],[-130,-36],[-77,-22],[-12,5],[-12,4],[-49,-7],[-37,-11],[-39,-14],[-36,-20],[-28,-16],[-14,-6],[-32,-13],[-15,-13],[-12,-14],[-3,-12],[0,-9],[-1,-8],[-7,-30],[-20,-12],[-23,-11],[-28,-6],[-20,0],[-35,-12],[-61,-23],[-76,-31],[-32,-19],[-20,-1],[-4,-9],[-10,-3],[-3,-9],[-33,-11],[-27,-13],[-34,-15],[-9,0],[-2,-12],[-13,1],[-11,1],[-8,-3],[-7,-11],[-25,-7],[-15,-7],[-4,1],[-4,-4],[-12,-15],[-9,-4],[-19,-9],[-38,-19],[-34,-18],[-20,-8],[-32,-12],[-25,-10],[-9,-9],[-5,-8],[-7,-2],[-7,3],[-4,6],[-5,11],[-5,16]],[[1583465,467044],[-13,-8],[-7,-4],[-12,-3],[-20,-8],[-23,-12],[-32,-15],[-29,-17],[-34,-15],[-45,-24],[-30,-20],[-21,-14],[-19,-5],[-84,-38],[-349,-151],[-246,-90],[-18,-14],[-7,-40],[11,-42],[-12,-19],[-17,-11],[-35,-4],[-22,4],[-36,-19],[-15,-17],[-18,7],[-77,-11],[-42,14],[-18,2],[-18,13],[-6,13],[-32,6],[-35,-3],[-51,-12],[-141,-43],[-113,-36],[-34,-15],[-36,-13],[-49,-15],[-40,-5],[-74,-18],[-84,-25],[-87,-26],[-8,-8],[-21,-4],[-65,-17],[-73,-23],[-43,-8],[-10,3],[-41,-7],[-26,-10],[-69,-12],[-74,-20],[-70,-15],[-21,-8],[-20,-3],[-46,-9],[-55,-7],[-17,-17],[-31,-19],[-36,12],[-24,8],[-24,2],[-66,-8],[-64,-11],[-60,-14],[-49,-30],[-48,-13],[-64,-5],[-24,-6],[-148,-27],[-55,-16],[-75,-4],[-39,2],[-83,3],[-39,9],[-276,18],[-74,21],[-81,13],[-34,10],[-84,16],[-52,8],[-22,4],[-40,19],[-42,29],[-62,17],[-41,19],[-121,27],[-32,14],[-41,11],[-29,5],[-39,6],[-20,9],[-63,15],[-160,33],[-20,3],[-55,15],[-63,29],[-108,43],[-14,5],[-43,25],[-54,13],[-55,19],[-72,37],[-26,26],[-26,33],[-39,23],[-34,19],[-36,26],[-51,18],[-52,26],[-44,15],[-33,16],[-133,57],[-69,30],[-47,41],[-43,22],[-25,6],[-22,6],[-122,40],[-176,83],[-56,17],[-159,65],[-32,8],[-15,14],[-36,8],[-3,-6],[-192,63],[-37,6],[-51,23],[-38,24],[-36,4],[-46,11],[-84,25],[-37,16],[-28,-2],[-144,49],[-97,26],[-77,19],[-76,31],[-37,23],[-43,23],[-77,18],[-69,16],[-88,22],[-55,5],[-135,15],[-25,10],[-22,-7],[-32,8],[-35,13],[-33,19],[0,11],[-19,13],[-86,53],[-73,19],[-74,15],[-37,0],[-24,18],[-14,1],[-14,7],[-6,7],[-12,2],[-14,6],[-24,9],[-19,-1],[-17,6],[-59,9],[-51,19],[-8,8],[-19,0],[-3,7],[-20,8],[-30,7],[-13,16],[-14,2],[-55,22],[-49,12],[-125,28],[-109,13],[-78,23],[-76,34],[-59,34],[-31,12],[-109,40],[-58,13],[-50,20],[-27,14],[-20,1],[-20,7],[-86,24],[-76,29],[-25,3],[-18,6],[-35,8],[-19,12],[-75,19],[-49,8],[-40,15],[-48,6],[-39,10],[-139,32],[-11,-7],[-24,11],[-27,0],[-27,10],[-20,4],[-11,15],[-24,18],[-60,18],[-13,13],[-30,9],[-59,11],[-133,31],[-33,2],[-5,8],[-50,5],[-46,9],[-33,6],[-97,37],[-35,21],[-41,38],[-12,21],[-20,17],[-14,12],[-32,21],[-6,12],[-26,22],[-5,-5],[-21,3],[-17,12],[-8,-4],[-40,25],[-35,1],[-5,14],[-56,27],[-13,0],[-83,39],[-82,44],[-86,44],[-40,9],[-25,15],[-21,2],[-1,10],[-13,5],[-10,11],[-17,15],[4,14],[-24,11],[-4,25],[-12,21],[-34,32],[-13,4],[-27,17],[-98,48],[-25,9],[-90,39],[-70,24],[-109,47],[-1,16],[-11,10],[-60,26],[-26,9],[-145,63],[-101,48],[-79,34],[-62,27],[-113,41],[-80,37],[-28,24],[-43,20],[-22,10],[-14,6],[-90,30],[-18,9],[-41,8],[-36,17],[-54,11],[-11,9],[-17,8],[-24,0],[-34,12],[-15,15],[-40,25],[-24,31],[-60,53],[-21,9],[-72,29],[-58,26],[-43,26],[-38,15],[-65,31],[-12,18],[-95,57],[-60,36],[-21,26],[-42,25],[-13,-8],[-42,37],[1,16],[-49,26],[-21,19],[-17,5],[-25,20],[-19,6],[-43,26],[-111,53],[-98,45],[-43,16],[-73,27],[-88,11]],[[1568586,470350],[-69,11],[-2,9],[-49,12],[-5,-4],[-10,3],[-30,7],[-5,14],[-32,3],[-17,-5],[-18,-13],[-11,0],[-23,4],[-26,6],[-33,23],[-24,25],[-16,22],[-20,10],[-242,71],[-10,-6],[-17,2],[-23,10],[-14,-2],[-14,2],[-11,13],[-41,15],[-21,-4],[-87,23],[-13,14],[-26,3],[-25,3],[-19,1],[-19,15],[-9,23],[14,13],[-11,5],[-20,16],[-32,21],[-46,21],[-55,17],[-18,-7],[-16,14],[-17,3],[-23,8],[-16,0],[-16,4],[-14,16],[-20,6],[-18,0],[-25,-16],[-17,9],[-11,8],[-8,15],[-14,-3],[-12,12],[-23,3],[-12,22],[-163,61],[-19,-3],[-57,28],[-1,18],[-10,-10],[-21,-1],[-16,12],[-4,19],[-13,10],[-14,23],[-35,20],[-34,22],[-60,37],[-50,30],[-18,1],[-12,15],[-11,5],[-62,32],[-8,-7],[-10,7],[-27,21],[-38,15],[-11,18],[-16,11],[-10,-3],[-13,3],[-27,40],[-32,28],[-57,36],[-67,37],[-45,13],[-43,9],[-9,22],[-14,4],[-39,16],[-31,16],[-30,10],[-63,33],[-7,-9],[-16,0],[-14,12],[-11,1],[-23,19],[-9,-2],[-15,6],[-20,12],[1,16],[-31,18],[-4,-6],[-15,-9],[-18,7],[-14,20],[-23,13],[-28,21],[-38,14],[-75,28],[-61,24],[-37,11],[-25,11],[-12,12],[-11,8],[-18,8],[-11,3],[-14,3],[-9,10],[-6,9],[-8,-4],[-12,2],[-17,9],[-10,13],[-13,3],[-14,-1],[-8,18],[-6,-9],[-20,-1],[-9,12],[-11,-7],[-20,10],[-14,16],[-11,7],[-24,-4],[-23,21],[-25,21],[-17,22],[-11,4],[-12,0]],[[1565136,471887],[6,-3],[32,-21],[-43,25],[5,-1]],[[1601127,479245],[-14,-26],[-24,-11],[-43,5],[-60,6],[-36,9],[-43,0],[-31,-15],[-16,8],[-23,11],[-22,2],[-43,-19],[-23,-16],[-30,5],[-21,26],[-10,35],[-8,35],[0,35],[12,37],[12,50],[21,42],[26,48],[37,39],[47,17],[51,3],[41,0],[53,0],[31,-9],[22,-20],[15,-19],[10,-35],[22,-33],[19,-37],[16,-55],[0,-54],[12,-64]],[[1595239,470034],[59,38]],[[1595298,470072],[-20,-13],[-39,-25]],[[1573493,737354],[-2,-77],[-86,-262],[-53,-98],[-65,-84],[-175,-147],[-118,-64],[-370,-300],[-104,-66],[-72,-20],[-66,-11],[-71,-35],[-81,5],[-69,43],[-168,95],[-119,147],[-9,51],[109,112],[80,106],[72,138],[27,106],[114,239],[102,258],[14,355],[-35,204],[-9,116],[-21,73],[169,69],[313,213],[76,24],[53,1],[119,-100],[159,-273],[154,-256],[54,-167],[59,-206],[19,-189]],[[1550792,805239],[-39,-69],[-25,-39],[-10,-39],[-50,-32],[-73,18],[-28,34],[-77,58],[-175,151],[-173,142],[-204,153],[-217,94],[-189,66],[-227,72],[-44,45],[-28,36],[7,55],[110,237],[35,103],[17,114],[-2,106],[17,48],[28,24],[76,41],[68,26],[66,39],[47,7],[66,-22],[42,-8],[89,-32],[122,-57],[87,-8],[60,-26],[114,-107],[83,-101],[112,-150],[137,-244],[82,-205],[65,-159],[4,-123],[20,-139],[7,-109]],[[1512757,812930],[-22,-33],[-90,0],[-172,-48],[-335,-176],[-299,-264],[-306,-392],[-231,-465],[-202,-545],[-60,-352],[-112,-408],[-97,-32],[-112,-24],[-82,-81],[-22,-104],[-67,-56],[-82,-24],[-142,16],[-164,16],[-135,32],[-149,-8],[-119,24],[-75,24],[-82,56],[-22,113],[-38,120],[-67,136],[-45,160],[30,208],[105,240],[224,377],[238,472],[150,489],[104,456],[8,273],[29,192],[60,192],[127,104],[157,-16],[343,-48],[246,0],[418,-8],[239,-40],[194,24],[172,0],[112,-56],[157,-104],[97,-96],[104,-160],[-7,-40],[0,-56],[22,-88]],[[1581023,776752],[-23,-240],[-75,-198],[-74,-154],[-190,-179],[-127,-80],[-98,0],[-149,-99],[-173,-142],[-184,-117],[-121,-18],[-97,-13],[-110,-86],[-109,-123],[-109,-56],[-144,-37],[-109,31],[-64,0],[-80,-56],[-104,-111],[-63,-129],[-17,-124],[28,-111],[6,-86],[-40,-80],[-58,-62],[-23,-62],[-28,-43],[-75,-61],[-104,-105],[-80,-25],[-46,0],[23,111],[29,80],[63,56],[57,68],[29,86],[6,74],[40,93],[63,49],[46,68],[29,179],[23,222],[52,179],[75,290],[23,234],[0,161],[-35,154],[35,117],[11,173],[-52,105],[-92,148],[-46,105],[12,49],[0,86],[-40,93],[-18,49],[196,50],[190,0],[132,55],[219,93],[109,68],[17,92],[18,56],[97,61],[98,105],[63,31],[115,-25],[110,-12],[144,-25],[69,-55],[138,-105],[115,-62],[155,-117],[115,-117],[92,-155],[81,-197],[34,-204]],[[1570688,787880],[-45,-125],[-45,-87],[-88,-132],[-50,-110],[-33,5],[-92,97],[-129,121],[-227,212],[-183,158],[-453,330],[-245,114],[-54,70],[11,76],[237,122],[213,129],[118,-60],[79,-6],[131,52],[86,-10],[183,-159],[298,-160],[53,-52],[82,-174],[122,-275],[31,-136]],[[1517425,1074767],[-4,-118],[-66,-132],[-104,-217],[-160,-223],[-207,-262],[-176,-326],[-117,-230],[-97,-278],[-39,-199],[-22,-246],[-2,-225],[16,-179],[44,-310],[46,-172],[26,-186],[52,-82],[52,-139],[112,-238],[30,-144],[-2,-140],[-16,-237],[-73,-161],[-73,-41],[-80,-61],[-143,-79],[-104,-36],[-105,-13],[-274,-3],[-95,10],[-336,50],[-166,39],[-181,123],[-233,200],[-134,207],[-21,150],[16,156],[72,418],[93,268],[45,253],[22,102],[21,241],[-21,251],[-5,134],[10,109],[26,73],[78,30],[228,61],[145,17],[57,78],[10,111],[4,159],[-10,235],[-25,116],[-89,157],[-87,177],[-62,140],[-36,128],[-21,295],[-5,251],[10,156],[88,106],[93,61],[150,39],[209,67],[104,39],[75,64],[163,198],[194,235],[240,192],[65,43],[99,44],[87,23],[75,2],[105,-42],[110,-134],[99,-112],[72,-89],[21,-223],[52,-334],[56,-246],[19,-151]],[[1740751,253998],[-75,-144],[-60,-128],[-43,-140],[-203,-54],[-116,116],[-118,302],[-105,192],[-105,160],[-105,80],[-15,272],[0,208],[15,176],[0,160],[-75,256],[-105,240],[-30,223],[75,256],[150,112],[195,80],[195,-16],[195,-224],[-105,-32],[-105,32],[-105,-16],[-30,-64],[75,-96],[165,-96],[165,-127],[120,-144],[0,-176],[-135,-96],[-120,48],[-105,128],[-105,64],[-180,-32],[-15,-64],[60,-208],[-30,-208],[-30,-208],[60,-256],[105,-160],[180,-288],[75,-96],[120,-64],[105,16],[90,64],[75,-48]],[[1678396,310198],[-31,-83],[-53,-47],[-95,-37],[-64,-11],[-83,6],[-194,-49],[-178,-25],[-71,-33],[-94,-95],[-47,-27],[-74,-11],[-25,29],[11,60],[41,76],[29,34],[63,17],[34,20],[73,90],[78,53],[79,79],[80,38],[81,57],[58,22],[82,7],[192,-38],[58,-25],[35,-36],[15,-71]],[[1685790,276546],[-4,-37],[-11,-37],[-61,-81],[-69,-86],[-85,-94],[-73,-86],[-160,-143],[-142,-90],[-146,-69],[-245,-127],[-138,-57],[-146,-16],[-184,0],[-249,-17],[-253,-20],[-126,-16],[-123,8],[-103,-29],[-192,-20],[-172,-57],[-123,0],[-119,-17],[-157,4],[-115,33],[-126,73],[-92,78],[-73,57],[-161,94],[-169,151],[-111,103],[-142,147],[-122,126],[-242,196],[-180,172],[-61,90],[-69,102],[-130,127],[-173,188],[-19,73],[-31,66],[-73,69],[-88,65],[-118,49],[-112,49],[-107,21],[-103,65],[-165,82],[-196,41],[-157,41],[-111,0],[-157,69],[-100,61],[-46,58],[-19,73],[-7,49],[-73,49],[-31,37],[-73,90],[-103,69],[-100,74],[-31,77],[-23,66],[-26,32],[-104,90],[-66,58],[-42,44],[-46,58],[-77,69],[-57,37],[-27,61],[-50,53],[-46,49],[-69,53],[-23,37],[-23,41],[-61,41],[-73,24],[-184,143],[-126,103],[-146,85],[-92,74],[-111,122],[-88,111],[-46,61],[-50,33],[-54,28],[-42,74],[-34,78],[-58,81],[-19,82],[-80,65],[-39,53],[0,41],[23,8],[16,0],[26,-16],[16,-16],[53,-57],[39,-70],[314,-380],[169,-184],[406,-363],[230,-176],[176,-139],[134,-135],[246,-233],[269,-257],[429,-339],[153,-127],[153,-114],[142,-66],[150,-32],[149,-45],[115,-25],[107,-45],[234,-114],[146,-98],[122,-90],[96,-78],[146,-147],[96,-81],[164,-139],[395,-327],[357,-253],[471,-331],[314,-184],[265,-119],[195,-40],[188,0],[103,16],[50,16],[42,0],[65,-20],[46,20],[54,17],[65,-13],[69,0],[39,21],[46,32],[49,9],[165,4],[207,-4],[161,4],[123,36],[99,45],[69,49],[62,29],[72,65],[77,107],[111,61],[123,45],[161,73],[96,49],[92,115],[53,45],[35,8],[11,-41]],[[1683909,312293],[-35,-49],[-146,-59],[-144,-119],[-163,-89],[-143,-105],[-96,-82],[-79,-103],[-93,-89],[-123,-93],[-200,-120],[-77,-21],[-90,26],[-69,56],[-83,102],[-7,81],[31,90],[43,56],[87,57],[48,8],[89,-14],[114,-50],[91,-60],[27,-3],[24,24],[11,37],[-34,133],[6,37],[25,35],[130,32],[68,57],[36,15],[100,1],[121,-29],[58,3],[43,19],[21,24],[22,61],[17,253],[30,38],[56,37],[51,22],[31,0],[35,-32],[65,-107],[19,-15],[62,-14],[17,-17],[4,-34]],[[1726603,271196],[-49,-52],[-65,-47],[-22,-46],[0,-99],[-44,-94],[-55,-6],[-180,76],[-120,35],[-104,47],[-159,23],[-257,47],[-197,81],[-137,47],[-131,47],[-71,58],[-137,64],[-333,163],[-410,187],[-213,175],[-219,145],[-235,111],[-269,82],[-383,245],[-591,361],[-388,262],[-432,285],[-404,233],[-285,163],[-240,134],[-115,140],[-263,158],[-300,134],[-427,146],[-383,99],[-426,75],[-383,70],[-427,164],[-377,151],[-443,181],[-240,52],[-290,123],[-202,35],[-482,169],[-300,64],[-460,6],[-366,-6],[-186,-6],[-191,-82],[-405,-35],[-153,0],[-82,30],[-175,29],[-71,23],[-175,-17],[-509,-94],[-295,-81],[-82,0],[-350,-88],[-383,-116],[-410,-146],[-317,-157],[-328,-170],[-208,-151],[-262,-175],[-154,-122],[-158,-76],[-175,-117],[-131,-6],[-241,41],[-262,94],[-246,69],[-307,65],[-328,5],[-394,-46],[-235,-47],[-300,12],[-307,233],[-404,332],[-175,146],[-197,152],[-55,128],[-71,163],[-153,210],[-126,198],[-158,309],[-159,257],[-153,227],[-44,105],[-49,81],[-241,304],[-82,139],[-273,304],[-224,215],[-285,298],[-125,163],[-50,87],[39,29],[71,-40],[49,-30],[49,0],[22,47],[44,23],[44,-46],[43,-128],[-11,-94],[17,-93],[115,-146],[207,-215],[268,-274],[421,-403],[416,-495],[421,-496],[443,-466],[208,-222],[344,-297],[274,-221],[213,-134],[153,-88],[208,-12],[197,12],[169,-6],[175,-23],[252,-18],[284,18],[263,-35],[273,35],[405,87],[339,204],[470,251],[213,111],[175,46],[126,35],[33,35],[104,12],[131,35],[120,53],[131,58],[121,29],[158,23],[66,24],[93,0],[175,40],[229,35],[301,59],[285,46],[235,29],[257,65],[213,35],[257,0],[279,-35],[481,5],[334,30],[218,11],[82,-46],[181,-65],[131,-35],[120,0],[82,-5],[181,-105],[257,-82],[186,-81],[191,-41],[197,6],[257,-94],[159,-52],[147,-76],[55,-52],[131,-12],[66,6],[38,-35],[93,-41],[191,-76],[235,-99],[110,-17],[71,-59],[104,-6],[93,-29],[142,-23],[148,-52],[224,-18],[109,-12],[175,-70],[153,-52],[203,-87],[125,-88],[208,-70],[241,-111],[202,-64],[109,-93],[252,-140],[306,-163],[186,-117],[306,-210],[301,-226],[279,-181],[700,-431],[269,-204],[191,-122],[120,-94],[104,-35],[99,-11],[93,-12],[44,18],[60,-18],[49,-87],[49,-65],[44,-35],[38,0],[49,-64],[82,-64],[93,-11],[121,-41],[125,-53],[170,-64],[202,-93],[131,-64],[55,-29],[49,0],[71,-18],[33,-35],[17,-35],[43,-6],[39,24],[71,-6],[109,-41],[131,-35],[66,-47],[71,-23],[49,-58],[88,17],[54,18],[99,131],[11,67],[27,76],[0,64],[44,58],[93,6],[65,-17],[61,-105],[5,-123],[6,-93],[21,-47]],[[1697340,313167],[-22,-36],[-69,-55],[-125,-30],[-204,-18],[-274,-24],[-164,-37],[-177,-30],[-80,-73],[-108,-97],[-147,-121],[-57,-67],[-80,-49],[-222,-188],[-57,-66],[-79,12],[-57,18],[-80,12],[0,218],[51,164],[74,79],[91,49],[165,66],[211,37],[102,67],[137,66],[159,91],[154,85],[119,12],[307,0],[165,18],[80,7],[125,-25],[45,-42],[17,-43]],[[1728570,269733],[-44,-47],[-106,-31],[-99,16],[-139,62],[-194,98],[-187,78],[-190,66],[-176,78],[-132,70],[-106,102],[-121,94],[-51,89],[-15,106],[19,58],[44,51],[40,51],[4,78],[-15,82],[0,90],[0,78],[51,66],[92,27],[91,-35],[52,-86],[44,-93],[98,-164],[143,-191],[132,-196],[121,-140],[150,-156],[223,-149],[224,-93],[47,-59]],[[1674150,281855],[-25,0],[-88,22],[-76,14],[-55,4],[-104,40],[-151,36],[-227,45],[-101,18],[-71,58],[-151,40],[-185,40],[-121,23],[-105,4],[-71,36],[-114,90],[-121,44],[-101,58],[-126,5],[-88,0],[-55,22],[-83,27],[-122,22],[-122,18],[-105,-4],[-100,4],[-89,72],[-121,58],[-126,22],[-147,9],[-189,5],[-159,0],[-277,9],[-306,-9],[-239,-14],[-219,-35],[-222,9],[-340,-14],[-209,27],[-294,40],[-340,-18],[-164,-13],[-197,0],[-121,27],[-59,49],[-84,81],[-71,89],[-76,67],[-17,94],[5,63],[0,89],[-9,98],[-12,99],[8,54],[21,49],[84,58],[75,45],[42,76],[0,147],[59,291],[67,282],[71,219],[101,219],[147,354],[143,442],[130,461],[29,107],[38,291],[50,371],[34,188],[29,117],[34,98],[8,139],[8,210],[-8,94],[-4,85],[29,156],[67,188],[63,273],[46,246],[21,121],[30,18],[17,-18],[0,-36],[21,-121],[4,-134],[12,-376],[17,-478],[46,-671],[59,-349],[134,-506],[67,-223],[122,-398],[172,-470],[155,-389],[181,-398],[138,-264],[193,-304],[155,-228],[248,-264],[256,-233],[193,-161],[138,-98],[164,-14],[109,-13],[273,-27],[318,-80],[193,-32],[240,-94],[276,-103],[265,-85],[197,-53],[105,-40],[121,-5],[189,-72],[273,-76],[176,-85],[88,-49],[13,-22]],[[1668423,296660],[0,-193],[-99,299],[-116,265],[-50,246],[-132,406],[-165,317],[-248,388],[-116,300],[-33,405],[0,441],[0,282],[16,212],[0,299],[34,459],[33,546],[49,-582],[99,-1198],[100,-917],[66,-423],[231,-353],[199,-440],[49,-212],[0,-282],[83,-265]],[[1667530,302549],[0,-230],[-16,-264],[16,-423],[-83,264],[-49,282],[-33,230],[-17,229],[50,352],[66,-229],[66,-211]],[[1745698,245895],[-7,-38],[-58,0],[-95,108],[-137,201],[-51,100],[-29,85],[-80,116],[-246,240],[-203,286],[-211,317],[-116,231],[-29,194],[-21,170],[-37,177],[-196,217],[-203,270],[-203,147],[-181,155],[-181,108],[-174,100],[-131,101],[-123,154],[-65,78],[109,-39],[28,-62],[175,-162],[130,-46],[152,-62],[124,-155],[253,-170],[102,-38],[29,-62],[29,-78],[123,-146],[116,-140],[102,-77],[159,-31],[73,-69],[29,-147],[80,-255],[166,-209],[116,-147],[153,-185],[195,-209],[131,-116],[22,-208],[7,-209],[-7,-155],[43,-154],[58,-93],[80,-93]],[[1667291,308342],[-67,-143],[-154,-113],[-125,-102],[-124,-123],[-154,-205],[-134,-245],[-77,-256],[-29,-400],[0,-603],[38,-512],[58,-297],[125,-246],[115,-194],[106,-113],[76,-102],[29,-195],[-173,154],[-201,256],[-173,256],[-134,215],[-96,256],[-116,235],[-67,297],[-67,297],[-29,317],[0,297],[19,317],[87,317],[77,164],[76,143],[116,72],[96,113],[48,71],[124,103],[96,123],[39,51],[86,30],[58,11],[192,0],[124,-31],[106,-102],[29,-113]],[[1681477,310727],[-27,-31],[-64,-2],[-56,-18],[-81,3],[-139,-33],[-28,5],[-61,40],[-103,3],[-75,-36],[-65,-11],[-38,-28],[-296,-300],[-108,-38],[-129,-77],[-127,-21],[-123,-133],[-95,-87],[-115,-70],[-29,8],[-5,35],[21,65],[-21,100],[12,67],[79,147],[43,111],[63,78],[51,39],[52,21],[39,1],[75,-23],[56,3],[235,50],[101,36],[90,70],[78,163],[26,28],[43,22],[118,38],[140,14],[248,-9],[139,-24],[45,-24],[30,-74],[1,-108]],[[1735580,285426],[-1,-26],[-21,-30],[-44,-27],[-47,-10],[-130,31],[-99,-1],[-25,32],[0,78],[38,45],[59,18],[110,-32],[109,-14],[28,-20],[23,-44]],[[1031185,199374],[-4,-62],[-35,-29],[-43,-41],[-43,-125],[-27,-137],[-117,-299],[-171,-490],[-47,-124],[-203,-569],[-101,-253],[-144,-357],[-109,-320],[-86,-245],[-113,-486],[-66,-502],[-59,-377],[-66,-311],[-109,-499],[-168,-718],[-132,-510],[-148,-511],[-98,-203],[-156,-428],[-78,-216],[-43,-71],[-66,-20],[-70,-13],[-93,-91],[-75,-96],[-187,-87],[-171,-29],[-133,17],[-206,29],[-448,-25],[-390,41],[-324,67],[-237,75],[-98,54],[-187,49],[-105,13],[-437,70],[-241,104],[-289,141],[-206,137],[-94,137],[-50,133],[0,270],[46,399],[71,510],[31,191],[43,353],[89,428],[51,220],[66,133],[66,120],[63,83],[35,21],[35,-33],[0,-17],[-20,-83],[-31,-83],[-11,-67],[7,-112],[24,-162],[8,-153],[0,-129],[-12,-124],[19,-150],[43,-162],[27,-95],[8,-87],[8,-100],[31,-104],[70,-87],[59,-25],[47,-75],[-8,-66],[0,-79],[19,-71],[74,-29],[39,-20],[47,-46],[8,-71],[62,-112],[47,-120],[86,-104],[113,-108],[140,-137],[82,-79],[97,-33],[39,-4],[55,-46],[191,-116],[93,-71],[160,-83],[191,-70],[211,-58],[159,-9],[145,-33],[249,-25],[175,34],[168,37],[179,66],[133,92],[101,87],[78,212],[113,311],[109,328],[94,340],[39,332],[23,96],[86,232],[43,150],[70,120],[19,137],[8,87],[-19,92],[19,145],[74,233],[24,228],[-4,208],[-8,29],[43,66],[27,103],[4,178],[-16,146],[4,91],[31,191],[12,228],[4,154],[55,66],[97,191],[90,175],[23,178],[86,154],[97,162],[35,207],[-15,179],[8,50],[77,16],[63,17],[58,87],[67,145],[31,121],[-16,182],[-82,241],[-136,154],[-125,58],[-86,8],[-35,25],[-70,79],[-128,58],[-117,0],[-164,-70],[-117,-42],[-97,-17],[-71,21],[-152,29],[-85,0],[-109,0],[-121,-16],[-51,-38],[-47,-37],[-128,-8],[-102,0],[-93,37],[-31,71],[39,91],[81,79],[94,79],[109,50],[207,58],[292,41],[238,13],[347,54],[350,49],[281,50],[218,29],[117,9],[129,20],[62,-37],[51,-29],[62,-25],[66,4],[63,38],[4,37],[15,54],[43,46],[90,16],[62,-29],[39,-46]],[[1053814,624371],[-4,-29],[-38,-35],[-45,-18],[-21,4],[-14,19],[-16,50],[4,32],[57,22],[58,-14],[19,-31]],[[1053011,598588],[-9,-71],[-17,-38],[-6,-74],[12,-49],[-6,-53],[-9,-56],[-55,-80],[-104,-112],[-72,-46],[-50,-12],[-107,-65],[-277,-124],[-130,-65],[-93,-31],[-147,-19],[-135,-37],[-141,-43],[-171,-25],[-110,3],[-104,-3],[-139,-40],[-84,-37],[-214,-19],[-156,-3],[-121,25],[-139,22],[-139,40],[-171,40],[-254,84],[-209,65],[-205,55],[-168,71],[-219,124],[-284,149],[-205,120],[-229,137],[-136,62],[-121,52],[-122,22],[-89,68],[-32,43],[-72,99],[-110,87],[-128,56],[-78,52],[-69,102],[-55,112],[-107,86],[-49,44],[-38,93],[-40,92],[-41,62],[-26,87],[3,114],[14,109],[24,77],[17,65],[14,37],[15,3],[20,-37],[49,-74],[81,-102],[78,-112],[113,-123],[122,-127],[110,-109],[75,-99],[69,-77],[116,-114],[107,-106],[176,-133],[116,-74],[90,-15],[205,-112],[208,-87],[133,-80],[151,-68],[162,-87],[182,-80],[147,-81],[35,-46],[-40,-16],[-113,53],[-116,40],[-121,62],[-133,87],[-102,31],[-81,43],[-121,56],[-156,80],[-116,75],[-153,58],[-32,-15],[-23,-16],[6,-40],[46,-15],[29,-19],[37,-56],[61,-34],[52,3],[3,28],[43,13],[58,-22],[3,-49],[0,-38],[90,-37],[107,-83],[55,-53],[87,-12],[86,-19],[70,-15],[43,-65],[38,-28],[32,-40],[34,-4],[29,28],[26,25],[75,0],[99,-37],[66,-53],[41,-6],[66,-31],[64,-3],[17,23],[-26,24],[-26,-4],[-40,22],[-18,40],[12,28],[52,-15],[52,-16],[46,-9],[38,-28],[64,-96],[75,-49],[101,-22],[145,-9],[52,40],[6,46],[-24,41],[9,24],[41,0],[52,0],[26,-9],[-29,-34],[3,-31],[11,-40],[67,-40],[101,-28],[84,-13],[104,-12],[90,19],[72,-4],[101,-3],[58,7],[23,27],[26,25],[75,-15],[203,6],[61,18],[37,19],[-14,40],[-35,37],[12,38],[43,21],[52,16],[49,-10],[21,-55],[0,-47],[20,-31],[98,10],[87,-3],[67,3],[70,37],[43,43],[-8,50],[-50,24],[-17,56],[0,31],[20,28],[55,6],[44,12],[34,13],[38,18],[40,19],[35,0],[20,-6],[6,-25],[3,-31],[9,-9],[46,-10],[64,13],[40,34],[15,43],[-18,31],[-3,19],[67,21],[69,22],[47,16],[43,30],[32,22],[37,9],[58,0],[41,0],[37,25],[24,37],[28,13],[35,31],[15,31],[17,27],[32,-21]],[[1046550,600369],[0,-36],[-31,-20],[-50,0],[-37,33],[-37,69],[-43,40],[-40,33],[-28,53],[-74,53],[-37,56],[-98,76],[-130,95],[-62,53],[-114,132],[-83,89],[-74,99],[-43,116],[-37,92],[-40,73],[-19,95],[-28,109],[-9,86],[0,89],[0,70],[31,82],[34,86],[46,49],[34,60],[6,43],[37,0],[28,-10],[0,-33],[-3,-66],[12,-73],[34,-92],[47,-83],[40,-92],[3,-60],[18,-72],[43,-89],[71,-112],[68,-99],[40,-83],[16,-79],[24,-63],[65,-99],[83,-122],[136,-165],[167,-188],[-3,-66],[12,-63],[25,-66]],[[1061692,611473],[-77,-335],[-169,-362],[-118,-245],[-178,-217],[-50,-127],[-68,-27],[-152,18],[110,390],[76,416],[8,443],[-51,417],[-76,326],[-110,316],[-118,299],[-51,235],[-101,272],[-102,253],[-76,82],[9,81],[93,82],[76,0],[118,-64],[93,-54],[102,-136],[59,-244],[93,-353],[84,-317],[119,-253],[194,-281],[144,-281],[85,-162],[34,-172]],[[1040537,671603],[0,-280],[-19,-190],[-60,-105],[-106,-97],[-76,-32],[-52,56],[-19,125],[-22,137],[-3,111],[14,111],[25,132],[-11,93],[-44,175],[-54,187],[-93,187],[-41,82],[-90,286],[-82,242],[-95,172],[-150,225],[-213,230],[-147,199],[-112,163],[-245,248],[-305,205],[-376,155],[-194,55],[-147,9],[-117,-12],[-145,-35],[-193,-73],[-125,-64],[-14,38],[30,82],[38,37],[76,68],[82,55],[68,102],[60,76],[145,61],[384,68],[338,8],[308,-38],[218,-84],[193,-135],[281,-175],[213,-198],[185,-216],[158,-213],[134,-245],[120,-292],[103,-313],[88,-318],[24,-213],[30,-309],[33,-313],[2,-230]],[[1004508,679539],[-21,-87],[-68,-154],[-82,-161],[-68,-205],[-28,-162],[-20,-131],[-69,36],[-123,74],[-212,139],[-246,234],[-205,190],[-260,242],[-164,125],[-34,124],[0,95],[-116,154],[-116,220],[-103,271],[-89,256],[-82,329],[-89,381],[-61,96],[-69,95],[-41,153],[-7,110],[-47,88],[13,110],[21,59],[34,44],[89,-30],[68,-80],[48,-103],[68,-139],[89,-95],[89,-88],[28,-81],[27,-139],[61,-132],[294,-432],[349,-417],[417,-344],[335,-278],[315,-271],[75,-96]],[[811997,1240123],[0,-109],[-18,-72],[-9,-80],[0,-94],[-9,-97],[-22,-145],[0,-74],[4,-66],[-15,-106],[-9,-75],[-14,-53],[-26,-56],[-43,-45],[-38,-97],[-47,-176],[-42,-148],[-56,-171],[-63,-177],[-80,-222],[-52,-171],[-33,-196],[-29,-172],[-20,-157],[-43,-125],[-42,-135],[-54,-133],[-49,-90],[-70,-72],[-69,-44],[-132,-43],[-141,5],[-76,12],[-109,22],[-72,36],[-105,31],[-87,39],[-101,46],[-78,41],[-132,46],[-129,43],[-204,15],[-158,7],[-173,36],[-127,24],[-56,-9],[-121,-8],[-194,3],[-170,-10],[-165,-12],[-139,-5],[-190,-22],[-197,-21],[-210,-53],[-118,-12],[-313,-75],[-159,-22],[-212,-31],[-123,-8],[-74,3],[-63,-5],[-369,-12],[-196,0],[-217,-20],[-150,-21],[-165,-32],[-195,-46],[-293,-77],[-261,-77],[-213,-68],[-313,-147],[-232,-126],[-166,-82],[-248,-130],[-165,-75],[-166,-102],[-53,-36],[-137,-51],[-140,-75],[-155,-43],[-167,-58],[-164,-27],[-163,0],[-125,22],[-94,56],[-74,50],[-87,44],[-107,46],[-114,84],[-94,66],[-63,60],[-76,48],[-125,51],[-114,68],[-78,60],[-85,58],[-29,29],[-7,51],[11,48],[30,51],[80,67],[60,29],[117,46],[76,27],[87,29],[69,5],[67,-3],[38,3],[61,-8],[53,5],[49,0],[67,3],[36,9],[25,5],[42,-14],[61,-39],[138,-85],[134,-74],[175,-92],[136,-68],[85,-36],[103,-36],[85,-24],[69,4],[22,29],[47,29],[45,25],[54,21],[49,12],[45,15],[47,7],[60,19],[51,32],[70,17],[51,17],[52,19],[64,0],[56,19],[49,22],[54,12],[96,15],[43,9],[89,17],[76,10],[58,14],[74,32],[51,41],[59,34],[62,24],[49,2],[74,19],[51,17],[59,25],[78,24],[69,24],[56,24],[49,5],[67,24],[63,34],[47,14],[42,3],[103,12],[54,19],[56,5],[78,24],[78,39],[65,38],[49,37],[40,24],[45,-10],[45,-10],[60,3],[47,17],[56,22],[65,26],[49,24],[58,20],[45,9],[47,0],[71,7],[65,0],[49,-2],[54,0],[65,0],[60,-22],[56,-4],[78,-17],[70,-5],[58,-3],[49,5],[47,5],[85,-5],[80,0],[112,0],[81,15],[85,19],[109,44],[67,41],[52,16],[69,20],[40,19],[54,15],[80,0],[110,-8],[65,-7],[120,15],[96,9],[74,-2],[56,-3],[121,3],[53,7],[61,3],[67,2],[65,10],[53,14],[70,5],[89,0],[58,2],[78,20],[38,14],[81,5],[89,14],[99,22],[73,17],[83,17],[94,29],[136,36],[88,32],[42,24],[52,24],[98,41],[136,56],[114,53],[87,55],[72,34],[101,44],[55,7],[72,36],[67,39],[18,29],[36,31],[15,24],[-49,56],[34,41],[20,-15],[-11,-24],[27,-36],[109,126],[47,19],[56,121],[92,198],[84,203],[61,215],[36,133],[31,142],[9,126],[38,188],[2,106],[0,116],[40,179],[32,210],[31,206],[0,135],[-14,130],[-13,73],[-7,43],[5,20],[13,-27],[29,-65],[23,-22],[60,-22],[60,-12],[47,-41],[85,-72],[76,-92],[43,-85],[22,-82],[18,-152]],[[611366,818948],[-6,-52],[-16,-65],[-30,-62],[-36,-65],[-49,-55],[-57,-68],[-64,-39],[-63,-69],[-67,-81],[-60,-55],[-52,-72],[-57,-77],[-73,-46],[-94,-75],[-73,-35],[-57,-23],[-131,-23],[-132,15],[-184,45],[-113,73],[-63,61],[-134,83],[-108,60],[-86,33],[-151,78],[-118,82],[-103,91],[-37,61],[-18,95],[-3,74],[-15,137],[-12,110],[0,43],[42,120],[34,123],[48,150],[3,91],[-24,58],[-24,36],[-15,81],[-19,58],[-6,29],[37,10],[63,-17],[40,-6],[69,-69],[133,-63],[250,-220],[50,15],[27,-10],[217,-211],[86,-59],[103,-22],[100,6],[92,54],[144,118],[30,13],[46,-3],[45,-39],[96,-55],[59,16],[106,23],[81,6],[76,4],[106,-36],[59,-73],[39,-44],[23,-78],[30,-81],[10,-59],[6,-45]],[[1336952,1250555],[0,-194],[-71,-159],[-109,-135],[-108,-126],[-168,-208],[-90,-114],[-150,-88],[-131,-85],[-169,-92],[-186,-12],[-253,9],[-272,-29],[-193,8],[-188,-26],[-512,-116],[-252,-126],[-551,-205],[-472,-110],[-205,16],[-147,-10],[-138,-48],[-152,-29],[-220,-7],[-53,11],[-61,51],[-74,35],[-87,-10],[-91,-41],[-119,-30],[-198,-49],[-117,-26],[-120,-25],[-35,-54],[-94,-12],[-53,-80],[-56,-6],[-146,41],[-179,26],[-114,-19],[-132,-29],[-38,-19],[-50,-60],[-82,6],[-56,0],[-29,32],[-9,38],[53,-3],[155,19],[267,69],[270,32],[90,54],[421,73],[359,76],[393,127],[436,110],[378,124],[302,162],[159,44],[283,119],[138,97],[183,168],[78,146],[92,119],[87,220],[55,292],[-7,244],[-26,126],[33,138],[41,91],[27,64],[5,66],[36,0],[23,-43],[58,-55],[58,-32],[157,17],[178,22],[267,-19],[50,-38],[228,-159],[310,-164],[214,-57],[204,12],[48,63],[51,111],[87,53],[114,-7],[103,-52],[120,-106],[94,-108],[58,-109]],[[655855,1049379],[-38,-95],[-77,-107],[-56,-95],[-55,-83],[-47,-98],[-21,-79],[-32,-63],[-36,-25],[-47,-16],[-76,3],[-73,13],[-74,31],[-14,32],[-3,136],[0,218],[-36,209],[-105,298],[-121,218],[-112,183],[-88,133],[-132,206],[-120,196],[-109,161],[-126,137],[-127,110],[-179,114],[-191,114],[-167,86],[-179,104],[-174,70],[-170,66],[-197,82],[-185,102],[-115,66],[-97,44],[15,29],[56,60],[82,73],[65,79],[67,60],[27,54],[47,85],[6,57],[-27,70],[-9,63],[33,76],[38,63],[59,73],[32,54],[9,79],[14,95],[59,95],[62,72],[94,29],[97,-3],[132,-22],[68,-13],[79,-13],[44,19],[21,-6],[26,-51],[9,-63],[20,-25],[3,16],[3,47],[21,35],[23,44],[65,10],[65,-19],[73,-73],[18,-70],[0,-82],[-24,-41],[-38,-16],[-73,-35],[-27,-50],[-53,-140],[-35,-151],[-44,-105],[-6,-73],[15,-57],[26,-69],[56,-76],[79,-82],[88,-70],[97,-57],[86,-25],[85,-4],[123,42],[138,60],[112,47],[111,44],[121,61],[103,41],[79,66],[44,70],[38,136],[30,107],[35,51],[29,32],[50,28],[36,22],[38,51],[32,44],[53,32],[44,19],[53,-16],[65,-60],[55,-85],[18,-102],[23,-152],[-2,-148],[8,-76],[3,-102],[-14,-123],[0,-107],[-27,-282],[-6,-212],[0,-196],[9,-124],[18,-161],[70,-228],[74,-199],[44,-209],[23,-165],[9,-139],[9,-171],[-3,-145],[3,-108],[3,-60]],[[1396368,927726],[-31,-81],[-96,-162],[-52,-53],[-36,-29],[-38,-5],[-45,3],[-71,29],[-14,120],[-50,77],[-119,109],[-104,89],[-63,65],[-103,79],[-97,116],[-13,113],[-96,58],[-68,31],[-78,78],[-7,38],[49,34],[95,72],[84,19],[114,-22],[55,8],[72,19],[76,-5],[147,-64],[88,-56],[25,-77],[22,-72],[97,-143],[33,-89],[34,-62],[164,-176],[26,-61]],[[1389600,935442],[-6,-102],[-51,-144],[-76,-99],[-84,-143],[-98,-127],[-63,-47],[-35,-2],[-40,21],[-125,69],[-144,151],[-87,57],[-107,62],[-165,45],[-103,2],[-226,-7],[-125,-24],[-148,-47],[-236,-120],[-181,-70],[-109,-84],[-209,-221],[-80,-61],[-108,-60],[-128,-112],[-29,-8],[-68,-49],[-53,45],[-58,53],[-21,62],[199,257],[111,231],[107,186],[165,187],[202,186],[211,164],[198,231],[66,226],[73,109],[22,34],[29,39],[95,18],[125,14],[96,14],[128,-7],[93,-35],[166,-138],[54,-27],[108,-27],[59,-42],[60,-77],[62,-112],[79,-99],[110,-193],[64,-58],[60,-22],[109,19],[59,-21],[31,-41],[22,-56]],[[1405177,917973],[-73,-205],[-66,-245],[-63,-460],[-12,-219],[-31,-143],[-97,-271],[-229,-531],[-106,-310],[-91,-160],[-50,-151],[-59,-69],[-111,-88],[-92,-90],[-151,-233],[-131,-157],[-61,-50],[-54,-20],[-31,-32],[-144,-267],[-89,-196],[-37,-33],[-83,-39],[-79,-52],[-68,-26],[-53,-6],[-134,11],[-134,-43],[-119,6],[-29,24],[21,76],[55,54],[43,61],[44,-5],[38,31],[63,122],[158,240],[15,45],[74,32],[112,81],[66,137],[132,174],[82,220],[63,137],[46,155],[38,223],[6,158],[-15,118],[0,156],[-22,168],[-4,259],[-42,380],[-33,213],[-53,110],[-8,76],[-31,85],[-88,155],[-51,176],[-102,188],[-93,104],[-121,212],[-96,115],[-151,136],[-86,104],[-127,134],[-137,89],[-51,93],[39,70],[15,26],[64,53],[126,17],[106,41],[79,66],[141,169],[172,62],[152,104],[94,45],[30,-8],[40,-44],[38,-25],[191,-36],[108,-109],[244,-87],[147,-40],[46,-8],[67,4],[83,23],[49,0],[99,-37],[77,-51],[24,-67],[51,-86],[26,-123],[117,-390],[82,-125],[183,-187],[37,-73],[5,-141]],[[1151435,507861],[-3,650]],[[1146623,508889],[13,-114]],[[1640664,464491],[-35,-32]],[[1662192,454434],[28,175]],[[1670035,448862],[1,-369]],[[1658664,456502],[67,106]],[[1692596,471914],[-88,69]],[[1646517,455665],[61,129]],[[1136290,1314],[-66,108]],[[1142809,6245],[78,-83]],[[1294941,241833],[-90,5]],[[960592,790377],[55,9],[184,45],[34,25],[33,-22],[38,29]],[[960408,790941],[117,30],[8,-4],[163,36],[3,-22],[105,10]],[[960356,791655],[68,19],[21,-64],[107,-50],[41,5],[39,-16],[44,-1],[8,-51],[56,28]],[[960267,791961],[35,12],[-3,26],[38,19],[10,-13],[155,84],[23,-44],[75,21]],[[960182,793187],[49,8]],[[960293,799601],[-31,0]],[[960934,802181],[40,-6]],[[959835,795577],[-41,-2]],[[1568586,470350],[5,35],[23,30],[10,14],[12,23],[15,31],[-6,58]],[[1583451,467078],[14,-34]],[[1552186,476644],[16,162]],[[1598200,470865],[-45,157]],[[1601702,471650],[1,-16]],[[1606734,473443],[-45,-24],[-23,26],[-38,-20],[-41,5],[-23,-7],[-29,-32],[-22,0],[-8,3],[-41,-10],[-53,0],[-66,-16],[-38,1],[-69,7],[-58,-3],[-16,41],[-27,-2],[-87,8],[-28,-1]],[[1606027,473862],[27,3],[309,63],[49,34],[49,-44]],[[1606850,473046],[-49,-12],[-27,-31],[-82,-14],[-13,64],[-25,0],[-18,-4],[-15,6],[-12,16],[-10,13],[-21,4],[-20,-1],[-27,-9],[-31,18],[-112,-15],[-74,-16],[-13,-7],[-23,0],[-36,9],[-83,18],[-8,-24],[-44,-22],[-40,-161],[-27,-72],[-83,55],[-77,-14]],[[1605473,472033],[-31,62],[17,32],[-7,68],[-19,52],[-33,75],[2,21],[-65,152]],[[1605471,476033],[-34,-28],[-45,-25],[-77,-64],[-42,-41],[-22,-29]],[[1604158,476846],[97,108]],[[1596497,470122],[-17,69],[-38,37],[-16,71],[9,44],[-1,32],[-1,41],[-1,30]],[[1603556,477980],[62,-30],[125,56]],[[1546307,482602],[-49,-52],[-61,-61],[-41,0],[-98,-34],[-142,-82],[-37,-91],[-106,-101],[-5,-10],[-36,-75]],[[1544509,482783],[121,158],[151,108],[147,37],[67,6],[24,27],[12,23],[22,11],[40,9],[28,16],[85,51],[85,24],[128,90],[65,-6],[74,-30],[138,33],[85,16],[44,22],[52,18],[30,30],[56,-5],[30,20]],[[1544320,484503],[153,-47],[68,-13],[71,-45],[81,-6],[12,-32],[45,0],[91,-17],[28,-21],[35,-22],[53,5],[62,20],[41,7],[49,26],[40,-47],[85,8],[124,-7],[90,27],[46,9],[69,11],[29,-6],[42,-6],[24,8],[19,-26],[10,-14],[18,-7],[26,-24],[12,12],[10,11],[43,1],[58,-4]],[[1595360,469877],[-62,195]],[[1595239,470034],[-26,28],[-41,12],[-16,37]],[[1593490,469349],[25,95],[-50,-1],[-13,56],[-29,48]],[[1602952,479566],[-34,-65],[-27,-49],[-37,-67],[-36,-51],[-30,-61],[-9,-51],[-21,-41],[-17,-55],[8,-10],[-3,-19],[-22,-29]],[[1603397,479143],[-66,-48],[-16,-11],[-23,-30],[-27,-11],[-27,-24],[-12,11],[-26,-19],[-38,-34],[-56,-47],[-32,-32],[-57,-68]],[[1605731,474981],[143,60]]],"transform":{"scale":[0.000005641733512898568,0.000005321856833636934],"translate":[162.31743744800008,4.5731062730000644]},"objects":{"mhl_admbnda_wgs84_adm0":{"type":"GeometryCollection","geometries":[{"arcs":[[[0,1,2,3]],[[4]],[[5]],[[6]],[[7]],[[8]],[[9]],[[10]],[[11]],[[12]],[[13]],[[14]],[[15]],[[16,17,18,19,20,21,22,23,24,25]],[[26]],[[27]],[[28]],[[29]],[[30]],[[31]],[[32,33]],[[34]],[[35]],[[36]],[[37]],[[38]],[[39]],[[40]],[[41]],[[42]],[[43]],[[44]],[[45]],[[46]],[[47]],[[48,49,50,51]],[[52]],[[53]],[[54]],[[55]],[[56]],[[57]],[[58]],[[59]],[[60]],[[61]],[[62]],[[63]],[[64]],[[65]],[[66]],[[67]],[[68]],[[69]],[[70]],[[71]],[[72]],[[73,74]],[[75]],[[76]],[[77]],[[78]],[[79]],[[80]],[[81]],[[82]],[[83]],[[84]],[[85]],[[86]],[[87]],[[88]],[[89]],[[90,91,92,93,94,95,96,97,98,99,100,101,102,103,104,105]],[[106]],[[107]],[[108]],[[109]],[[110]],[[111]],[[112]],[[113]],[[114]],[[115]],[[116]],[[117]],[[118]],[[119]],[[120]],[[121]],[[122]],[[123]],[[124]],[[125]],[[126]],[[127]],[[128]],[[129]],[[130]],[[131]],[[132,133,134,135,136,137,138,139,140,141,142,143,144,145,146,147,148,149,150,151,152,153,154,155,156,157,158,159,160,161,162,163,164,165,166,167,168,169,170,171,172,173,174]],[[175]],[[176]],[[177,178]],[[179]],[[180]],[[181]],[[182]],[[183]],[[184]],[[185]],[[186]],[[187]],[[188]],[[189]],[[190]],[[191]],[[192]],[[193]],[[194]],[[195]],[[196]],[[197]],[[198]],[[199]],[[200]],[[201]],[[202]],[[203]],[[204]],[[205]],[[206]],[[207]],[[208]],[[209]],[[210]],[[211]],[[212]]],"type":"MultiPolygon","properties":{"ADM0_EN":"Republic of the Marshall Islands","ADM0_PCODE":"MH","Shape_Leng":8.44571910273,"Shape_Area":0.00871780237849}}]},"mhl_admbnda_wgs84_adm1":{"type":"GeometryCollection","geometries":[{"arcs":[[[0,1,2,3]],[[4]],[[5]],[[6]],[[7]],[[8]],[[9]],[[10]],[[11]],[[12]]],"type":"MultiPolygon","properties":{"ADM0_EN":"Republic of the Marshall Islands","ADM0_PCODE":"MH","ADM1_EN":"Ailinglaplap","ADM1_PCODE":"MH01","Shape_Leng":0.85165872052,"Shape_Area":0.000848389579761}},{"arcs":[[[13]],[[14]],[[15]]],"type":"MultiPolygon","properties":{"ADM0_EN":"Republic of the Marshall Islands","ADM0_PCODE":"MH","ADM1_EN":"Ailuk","ADM1_PCODE":"MH02","Shape_Leng":0.073417231345,"Shape_Area":0.000104241430436}},{"arcs":[[[16,17,18,19,20,21,22,23,24,25]],[[26]],[[27]],[[28]],[[29]],[[30]],[[31]],[[32,33]],[[34]],[[35]],[[36]],[[37]],[[38]],[[39]],[[40]],[[41]]],"type":"MultiPolygon","properties":{"ADM0_EN":"Republic of the Marshall Islands","ADM0_PCODE":"MH","ADM1_EN":"Arno","ADM1_PCODE":"MH03","Shape_Leng":1.43895916175,"Shape_Area":0.00123738745775}},{"arcs":[[[42]],[[43]]],"type":"MultiPolygon","properties":{"ADM0_EN":"Republic of the Marshall Islands","ADM0_PCODE":"MH","ADM1_EN":"Aur","ADM1_PCODE":"MH04","Shape_Leng":0.101520651713,"Shape_Area":0.000188777613688}},{"arcs":[[[44]],[[45]],[[46]],[[47]],[[48,49,50,51]],[[52]]],"type":"MultiPolygon","properties":{"ADM0_EN":"Republic of the Marshall Islands","ADM0_PCODE":"MH","ADM1_EN":"Ebon","ADM1_PCODE":"MH06","Shape_Leng":0.377088382265,"Shape_Area":0.000349221186826}},{"arcs":[[[53]],[[54]]],"type":"MultiPolygon","properties":{"ADM0_EN":"Republic of the Marshall Islands","ADM0_PCODE":"MH","ADM1_EN":"Eneu","ADM1_PCODE":"MH05","Shape_Leng":0.148690887328,"Shape_Area":0.000273251185643}},{"arcs":[[[55]],[[56]],[[57]]],"type":"MultiPolygon","properties":{"ADM0_EN":"Republic of the Marshall Islands","ADM0_PCODE":"MH","ADM1_EN":"Enewetak","ADM1_PCODE":"MH07","Shape_Leng":0.149118925507,"Shape_Area":0.000193914139424}},{"arcs":[[58]],"type":"Polygon","properties":{"ADM0_EN":"Republic of the Marshall Islands","ADM0_PCODE":"MH","ADM1_EN":"Jabat","ADM1_PCODE":"MH08","Shape_Leng":0.0254092903326,"Shape_Area":0.0000398091788362}},{"arcs":[[[59]],[[60]],[[61]],[[62]],[[63]],[[64]],[[65]],[[66]],[[67]],[[68]],[[69]],[[70]],[[71]],[[72]],[[73,74]],[[75]],[[76]],[[77]],[[78]],[[79]],[[80]],[[81]],[[82]],[[83]],[[84]],[[85]]],"type":"MultiPolygon","properties":{"ADM0_EN":"Republic of the Marshall Islands","ADM0_PCODE":"MH","ADM1_EN":"Jaluit","ADM1_PCODE":"MH09","Shape_Leng":1.032448529,"Shape_Area":0.000615086479151}},{"arcs":[[86]],"type":"Polygon","properties":{"ADM0_EN":"Republic of the Marshall Islands","ADM0_PCODE":"MH","ADM1_EN":"Kili","ADM1_PCODE":"MH10","Shape_Leng":0.0402721423144,"Shape_Area":0.000068559847926}},{"arcs":[[[87]],[[88]],[[89]],[[90,91,92,93,94,95,96,97,98,99,100,101,102,103,104,105]],[[106]],[[107]],[[108]],[[109]],[[110]],[[111]],[[112]]],"type":"MultiPolygon","properties":{"ADM0_EN":"Republic of the Marshall Islands","ADM0_PCODE":"MH","ADM1_EN":"Kwajalein","ADM1_PCODE":"MH11","Shape_Leng":0.619210226611,"Shape_Area":0.000730675577109}},{"arcs":[[[113]],[[114]]],"type":"MultiPolygon","properties":{"ADM0_EN":"Republic of the Marshall Islands","ADM0_PCODE":"MH","ADM1_EN":"Lae","ADM1_PCODE":"MH12","Shape_Leng":0.0716628217702,"Shape_Area":0.0000866307064789}},{"arcs":[[115]],"type":"Polygon","properties":{"ADM0_EN":"Republic of the Marshall Islands","ADM0_PCODE":"MH","ADM1_EN":"Lib","ADM1_PCODE":"MH13","Shape_Leng":0.0376234054369,"Shape_Area":0.0000820564677956}},{"arcs":[[[116]],[[117]],[[118]]],"type":"MultiPolygon","properties":{"ADM0_EN":"Republic of the Marshall Islands","ADM0_PCODE":"MH","ADM1_EN":"Likiep","ADM1_PCODE":"MH14","Shape_Leng":0.128994262187,"Shape_Area":0.000170753985121}},{"arcs":[[[119]],[[120]],[[121]],[[122]],[[123]],[[124]],[[125]],[[126]],[[127]],[[128]],[[129]],[[130]],[[131]],[[132,133,134,135,136,137,138,139,140,141,142,143,144,145,146,147,148,149,150,151,152,153,154,155,156,157,158,159,160,161,162,163,164,165,166,167,168,169,170,171,172,173,174]],[[175]],[[176]],[[177,178]]],"type":"MultiPolygon","properties":{"ADM0_EN":"Republic of the Marshall Islands","ADM0_PCODE":"MH","ADM1_EN":"Majuro","ADM1_PCODE":"MH15","Shape_Leng":1.18053979084,"Shape_Area":0.000876847771323}},{"arcs":[[[179]],[[180]],[[181]],[[182]],[[183]]],"type":"MultiPolygon","properties":{"ADM0_EN":"Republic of the Marshall Islands","ADM0_PCODE":"MH","ADM1_EN":"Maloelap","ADM1_PCODE":"MH16","Shape_Leng":0.206017203688,"Shape_Area":0.000449350460196}},{"arcs":[[184]],"type":"Polygon","properties":{"ADM0_EN":"Republic of the Marshall Islands","ADM0_PCODE":"MH","ADM1_EN":"Mejit","ADM1_PCODE":"MH17","Shape_Leng":0.0830024402328,"Shape_Area":0.000275834691606}},{"arcs":[[[185]],[[186]],[[187]],[[188]],[[189]],[[190]],[[191]],[[192]],[[193]],[[194]],[[195]],[[196]],[[197]],[[198]]],"type":"MultiPolygon","properties":{"ADM0_EN":"Republic of the Marshall Islands","ADM0_PCODE":"MH","ADM1_EN":"Mili","ADM1_PCODE":"MH18","Shape_Leng":0.889495450107,"Shape_Area":0.000716416595005}},{"arcs":[[199]],"type":"Polygon","properties":{"ADM0_EN":"Republic of the Marshall Islands","ADM0_PCODE":"MH","ADM1_EN":"Namdrik","ADM1_PCODE":"MH19","Shape_Leng":0.186310527426,"Shape_Area":0.000234766263363}},{"arcs":[[[200]],[[201]],[[202]],[[203]],[[204]],[[205]]],"type":"MultiPolygon","properties":{"ADM0_EN":"Republic of the Marshall Islands","ADM0_PCODE":"MH","ADM1_EN":"Namu","ADM1_PCODE":"MH20","Shape_Leng":0.291497135537,"Shape_Area":0.000295455657677}},{"arcs":[[206]],"type":"Polygon","properties":{"ADM0_EN":"Republic of the Marshall Islands","ADM0_PCODE":"MH","ADM1_EN":"Rongelap","ADM1_PCODE":"MH21","Shape_Leng":0.157763305039,"Shape_Area":0.000190729831804}},{"arcs":[[207]],"type":"Polygon","properties":{"ADM0_EN":"Republic of the Marshall Islands","ADM0_PCODE":"MH","ADM1_EN":"Ujae","ADM1_PCODE":"MH22","Shape_Leng":0.0382161722779,"Shape_Area":0.0000764121146951}},{"arcs":[[208]],"type":"Polygon","properties":{"ADM0_EN":"Republic of the Marshall Islands","ADM0_PCODE":"MH","ADM1_EN":"Utirik","ADM1_PCODE":"MH24","Shape_Leng":0.0909882712724,"Shape_Area":0.000146456817411}},{"arcs":[[209]],"type":"Polygon","properties":{"ADM0_EN":"Republic of the Marshall Islands","ADM0_PCODE":"MH","ADM1_EN":"Wotho","ADM1_PCODE":"MH25","Shape_Leng":0.0802867358342,"Shape_Area":0.000170013135315}},{"arcs":[[[210]],[[211]],[[212]]],"type":"MultiPolygon","properties":{"ADM0_EN":"Republic of the Marshall Islands","ADM0_PCODE":"MH","ADM1_EN":"Wotje","ADM1_PCODE":"MH26","Shape_Leng":0.145527432397,"Shape_Area":0.00029676420415}}]},"mhl_admbnda_wgs84_adm2":{"type":"GeometryCollection","geometries":[{"arcs":[[213,1]],"type":"Polygon","properties":{"ADM0_EN":"Republic of the Marshall Islands","ADM0_PCODE":"MH","ADM1_EN":"Ailinglaplap","ADM1_PCODE":"MH01","ADM2_EN":"Airok","ADM2_PCODE":"MH0114","Shape_Leng":0.0439201283901,"Shape_Area":0.0000825224042166,"National_0":"Republic of the Marshall Islands","Municipality_1":"Ailinglaplap","Islet_2":"Airok","code_0":"MH","code_1":"MH01","code_2":"MH0114"}},{"arcs":[[3,214]],"type":"Polygon","properties":{"ADM0_EN":"Republic of the Marshall Islands","ADM0_PCODE":"MH","ADM1_EN":"Ailinglaplap","ADM1_PCODE":"MH01","ADM2_EN":"Bouj","ADM2_PCODE":"MH0112","Shape_Leng":0.102585983851,"Shape_Area":0.000095800073236,"National_0":"Republic of the Marshall Islands","Municipality_1":"Ailinglaplap","Islet_2":"Bouj","code_0":"MH","code_1":"MH01","code_2":"MH0112"}},{"arcs":[[4]],"type":"Polygon","properties":{"ADM0_EN":"Republic of the Marshall Islands","ADM0_PCODE":"MH","ADM1_EN":"Ailinglaplap","ADM1_PCODE":"MH01","ADM2_EN":"Enewe","ADM2_PCODE":"MH0111","Shape_Leng":0.191656008422,"Shape_Area":0.00012125212937,"National_0":"Republic of the Marshall Islands","Municipality_1":"Ailinglaplap","Islet_2":"Enewe","code_0":"MH","code_1":"MH01","code_2":"MH0111"}},{"arcs":[[5]],"type":"Polygon","properties":{"ADM0_EN":"Republic of the Marshall Islands","ADM0_PCODE":"MH","ADM1_EN":"Ailinglaplap","ADM1_PCODE":"MH01","ADM2_EN":"Ennak","ADM2_PCODE":"MH0105","Shape_Leng":0.0149495175226,"Shape_Area":0.0000126769452697,"National_0":"Republic of the Marshall Islands","Municipality_1":"Ailinglaplap","Islet_2":"Ennak","code_0":"MH","code_1":"MH01","code_2":"MH0105"}},{"arcs":[[6]],"type":"Polygon","properties":{"ADM0_EN":"Republic of the Marshall Islands","ADM0_PCODE":"MH","ADM1_EN":"Ailinglaplap","ADM1_PCODE":"MH01","ADM2_EN":"Jah","ADM2_PCODE":"MH0102","Shape_Leng":0.0290457801877,"Shape_Area":0.0000323706516232,"National_0":"Republic of the Marshall Islands","Municipality_1":"Ailinglaplap","Islet_2":"Jah","code_0":"MH","code_1":"MH01","code_2":"MH0102"}},{"arcs":[[2,-215,0,-214]],"type":"Polygon","properties":{"ADM0_EN":"Republic of the Marshall Islands","ADM0_PCODE":"MH","ADM1_EN":"Ailinglaplap","ADM1_PCODE":"MH01","ADM2_EN":"Jebwan","ADM2_PCODE":"MH0113","Shape_Leng":0.0633433441566,"Shape_Area":0.0000611831629821,"National_0":"Republic of the Marshall Islands","Municipality_1":"Ailinglaplap","Islet_2":"Jebwan","code_0":"MH","code_1":"MH01","code_2":"MH0113"}},{"arcs":[[7]],"type":"Polygon","properties":{"ADM0_EN":"Republic of the Marshall Islands","ADM0_PCODE":"MH","ADM1_EN":"Ailinglaplap","ADM1_PCODE":"MH01","ADM2_EN":"Jeh","ADM2_PCODE":"MH0104","Shape_Leng":0.150544255481,"Shape_Area":0.000175720322013,"National_0":"Republic of the Marshall Islands","Municipality_1":"Ailinglaplap","Islet_2":"Jeh","code_0":"MH","code_1":"MH01","code_2":"MH0104"}},{"arcs":[[8]],"type":"Polygon","properties":{"ADM0_EN":"Republic of the Marshall Islands","ADM0_PCODE":"MH","ADM1_EN":"Ailinglaplap","ADM1_PCODE":"MH01","ADM2_EN":"Kattiej","ADM2_PCODE":"MH0108","Shape_Leng":0.0194748696721,"Shape_Area":0.000019612327204,"National_0":"Republic of the Marshall Islands","Municipality_1":"Ailinglaplap","Islet_2":"Kattiej","code_0":"MH","code_1":"MH01","code_2":"MH0108"}},{"arcs":[[9]],"type":"Polygon","properties":{"ADM0_EN":"Republic of the Marshall Islands","ADM0_PCODE":"MH","ADM1_EN":"Ailinglaplap","ADM1_PCODE":"MH01","ADM2_EN":"Mejil","ADM2_PCODE":"MH0103","Shape_Leng":0.0311321678394,"Shape_Area":0.0000395636915763,"National_0":"Republic of the Marshall Islands","Municipality_1":"Ailinglaplap","Islet_2":"Mejil","code_0":"MH","code_1":"MH01","code_2":"MH0103"}},{"arcs":[[10]],"type":"Polygon","properties":{"ADM0_EN":"Republic of the Marshall Islands","ADM0_PCODE":"MH","ADM1_EN":"Ailinglaplap","ADM1_PCODE":"MH01","ADM2_EN":"Olar","ADM2_PCODE":"MH0116","Shape_Leng":0.0217177269579,"Shape_Area":0.0000148320883888,"National_0":"Republic of the Marshall Islands","Municipality_1":"Ailinglaplap","Islet_2":"Olar","code_0":"MH","code_1":"MH01","code_2":"MH0116"}},{"arcs":[[11]],"type":"Polygon","properties":{"ADM0_EN":"Republic of the Marshall Islands","ADM0_PCODE":"MH","ADM1_EN":"Ailinglaplap","ADM1_PCODE":"MH01","ADM2_EN":"Tobomaro","ADM2_PCODE":"MH0101","Shape_Leng":0.0110260697344,"Shape_Area":0.00000608659526134,"National_0":"Republic of the Marshall Islands","Municipality_1":"Ailinglaplap","Islet_2":"Tobomaro","code_0":"MH","code_1":"MH01","code_2":"MH0101"}},{"arcs":[[12]],"type":"Polygon","properties":{"ADM0_EN":"Republic of the Marshall Islands","ADM0_PCODE":"MH","ADM1_EN":"Ailinglaplap","ADM1_PCODE":"MH01","ADM2_EN":"Woja","ADM2_PCODE":"MH0110","Shape_Leng":0.180399265109,"Shape_Area":0.00018676918862,"National_0":"Republic of the Marshall Islands","Municipality_1":"Ailinglaplap","Islet_2":"Woja","code_0":"MH","code_1":"MH01","code_2":"MH0110"}},{"arcs":[[13]],"type":"Polygon","properties":{"ADM0_EN":"Republic of the Marshall Islands","ADM0_PCODE":"MH","ADM1_EN":"Ailuk","ADM1_PCODE":"MH02","ADM2_EN":"Ailuk","ADM2_PCODE":"MH0211","Shape_Leng":0.0348503803331,"Shape_Area":0.000057549212596,"National_0":"Republic of the Marshall Islands","Municipality_1":"Ailuk","Islet_2":"Ailuk","code_0":"MH","code_1":"MH02","code_2":"MH0211"}},{"arcs":[[14]],"type":"Polygon","properties":{"ADM0_EN":"Republic of the Marshall Islands","ADM0_PCODE":"MH","ADM1_EN":"Ailuk","ADM1_PCODE":"MH02","ADM2_EN":"Enejelar","ADM2_PCODE":"MH0203","Shape_Leng":0.0284998931332,"Shape_Area":0.0000406324288414,"National_0":"Republic of the Marshall Islands","Municipality_1":"Ailuk","Islet_2":"Enejelar","code_0":"MH","code_1":"MH02","code_2":"MH0203"}},{"arcs":[[15]],"type":"Polygon","properties":{"ADM0_EN":"Republic of the Marshall Islands","ADM0_PCODE":"MH","ADM1_EN":"Ailuk","ADM1_PCODE":"MH02","ADM2_EN":"Enelik","ADM2_PCODE":"MH0221","Shape_Leng":0.0100669578787,"Shape_Area":0.00000605978899828,"National_0":"Republic of the Marshall Islands","Municipality_1":"Ailuk","Islet_2":"Enelik","code_0":"MH","code_1":"MH02","code_2":"MH0221"}},{"arcs":[[215,25]],"type":"Polygon","properties":{"ADM0_EN":"Republic of the Marshall Islands","ADM0_PCODE":"MH","ADM1_EN":"Arno","ADM1_PCODE":"MH03","ADM2_EN":"Arno","ADM2_PCODE":"MH0305","Shape_Leng":0.108643533731,"Shape_Area":0.000156775703188,"National_0":"Republic of the Marshall Islands","Municipality_1":"Arno","Islet_2":"Arno","code_0":"MH","code_1":"MH03","code_2":"MH0305"}},{"arcs":[[26]],"type":"Polygon","properties":{"ADM0_EN":"Republic of the Marshall Islands","ADM0_PCODE":"MH","ADM1_EN":"Arno","ADM1_PCODE":"MH03","ADM2_EN":"Bekarej","ADM2_PCODE":"MH0313","Shape_Leng":0.080072901326,"Shape_Area":0.0000903518735572,"National_0":"Republic of the Marshall Islands","Municipality_1":"Arno","Islet_2":"Bekarej","code_0":"MH","code_1":"MH03","code_2":"MH0313"}},{"arcs":[[27]],"type":"Polygon","properties":{"ADM0_EN":"Republic of the Marshall Islands","ADM0_PCODE":"MH","ADM1_EN":"Arno","ADM1_PCODE":"MH03","ADM2_EN":"Eneaidrik","ADM2_PCODE":"MH0308","Shape_Leng":0.0184448592977,"Shape_Area":0.0000092801913578,"National_0":"Republic of the Marshall Islands","Municipality_1":"Arno","Islet_2":"Eneaidrik","code_0":"MH","code_1":"MH03","code_2":"MH0308"}},{"arcs":[[28]],"type":"Polygon","properties":{"ADM0_EN":"Republic of the Marshall Islands","ADM0_PCODE":"MH","ADM1_EN":"Arno","ADM1_PCODE":"MH03","ADM2_EN":"Eneraan","ADM2_PCODE":"MH0328","Shape_Leng":0.0454583327348,"Shape_Area":0.000149806994564,"National_0":"Republic of the Marshall Islands","Municipality_1":"Arno","Islet_2":"Eneraan","code_0":"MH","code_1":"MH03","code_2":"MH0328"}},{"arcs":[[29]],"type":"Polygon","properties":{"ADM0_EN":"Republic of the Marshall Islands","ADM0_PCODE":"MH","ADM1_EN":"Arno","ADM1_PCODE":"MH03","ADM2_EN":"Ijoen - Iloen","ADM2_PCODE":"MH0332","Shape_Leng":0.197527870071,"Shape_Area":0.000100002376743,"National_0":"Republic of the Marshall Islands","Municipality_1":"Arno","Islet_2":"Ijoen - Iloen","code_0":"MH","code_1":"MH03","code_2":"MH0332"}},{"arcs":[[21,216,19,217]],"type":"Polygon","properties":{"ADM0_EN":"Republic of the Marshall Islands","ADM0_PCODE":"MH","ADM1_EN":"Arno","ADM1_PCODE":"MH03","ADM2_EN":"Ine","ADM2_PCODE":"MH0301","Shape_Leng":0.114863658224,"Shape_Area":0.0000846057449081,"National_0":"Republic of the Marshall Islands","Municipality_1":"Arno","Islet_2":"Ine","code_0":"MH","code_1":"MH03","code_2":"MH0301"}},{"arcs":[[-217,22,218,18]],"type":"Polygon","properties":{"ADM0_EN":"Republic of the Marshall Islands","ADM0_PCODE":"MH","ADM1_EN":"Arno","ADM1_PCODE":"MH03","ADM2_EN":"Japo","ADM2_PCODE":"MH0302","Shape_Leng":0.0522669393603,"Shape_Area":0.0000343146845194,"National_0":"Republic of the Marshall Islands","Municipality_1":"Arno","Islet_2":"Japo","code_0":"MH","code_1":"MH03","code_2":"MH0302"}},{"arcs":[[30]],"type":"Polygon","properties":{"ADM0_EN":"Republic of the Marshall Islands","ADM0_PCODE":"MH","ADM1_EN":"Arno","ADM1_PCODE":"MH03","ADM2_EN":"Jilan - Jilane","ADM2_PCODE":"MH0320","Shape_Leng":0.0218075942848,"Shape_Area":0.0000182174784046,"National_0":"Republic of the Marshall Islands","Municipality_1":"Arno","Islet_2":"Jilan - Jilane","code_0":"MH","code_1":"MH03","code_2":"MH0320"}},{"arcs":[[31]],"type":"Polygon","properties":{"ADM0_EN":"Republic of the Marshall Islands","ADM0_PCODE":"MH","ADM1_EN":"Arno","ADM1_PCODE":"MH03","ADM2_EN":"Kidenen","ADM2_PCODE":"MH0316","Shape_Leng":0.00417679538699,"Shape_Area":0.00000103731844825,"National_0":"Republic of the Marshall Islands","Municipality_1":"Arno","Islet_2":"Kidenen","code_0":"MH","code_1":"MH03","code_2":"MH0316"}},{"arcs":[[219,33]],"type":"Polygon","properties":{"ADM0_EN":"Republic of the Marshall Islands","ADM0_PCODE":"MH","ADM1_EN":"Arno","ADM1_PCODE":"MH03","ADM2_EN":"Kilange","ADM2_PCODE":"MH0330","Shape_Leng":0.230343368494,"Shape_Area":0.000164448948052,"National_0":"Republic of the Marshall Islands","Municipality_1":"Arno","Islet_2":"Kilange","code_0":"MH","code_1":"MH03","code_2":"MH0330"}},{"arcs":[[34]],"type":"Polygon","properties":{"ADM0_EN":"Republic of the Marshall Islands","ADM0_PCODE":"MH","ADM1_EN":"Arno","ADM1_PCODE":"MH03","ADM2_EN":"Kilemman","ADM2_PCODE":"MH0309","Shape_Leng":0.0211543803415,"Shape_Area":0.00000835598186565,"National_0":"Republic of the Marshall Islands","Municipality_1":"Arno","Islet_2":"Kilemman","code_0":"MH","code_1":"MH03","code_2":"MH0309"}},{"arcs":[[-219,23,220,17]],"type":"Polygon","properties":{"ADM0_EN":"Republic of the Marshall Islands","ADM0_PCODE":"MH","ADM1_EN":"Arno","ADM1_PCODE":"MH03","ADM2_EN":"Kinajon","ADM2_PCODE":"MH0303","Shape_Leng":0.149767683611,"Shape_Area":0.0000539189578121,"National_0":"Republic of the Marshall Islands","Municipality_1":"Arno","Islet_2":"Kinajon","code_0":"MH","code_1":"MH03","code_2":"MH0303"}},{"arcs":[[35]],"type":"Polygon","properties":{"ADM0_EN":"Republic of the Marshall Islands","ADM0_PCODE":"MH","ADM1_EN":"Arno","ADM1_PCODE":"MH03","ADM2_EN":"Langor","ADM2_PCODE":"MH0327","Shape_Leng":0.0304486066528,"Shape_Area":0.0000619505540669,"National_0":"Republic of the Marshall Islands","Municipality_1":"Arno","Islet_2":"Langor","code_0":"MH","code_1":"MH03","code_2":"MH0327"}},{"arcs":[[-221,24,-216,16]],"type":"Polygon","properties":{"ADM0_EN":"Republic of the Marshall Islands","ADM0_PCODE":"MH","ADM1_EN":"Arno","ADM1_PCODE":"MH03","ADM2_EN":"Likwoj - Lukoj","ADM2_PCODE":"MH0304","Shape_Leng":0.119305092138,"Shape_Area":0.0000726929366202,"National_0":"Republic of the Marshall Islands","Municipality_1":"Arno","Islet_2":"Likwoj - Lukoj","code_0":"MH","code_1":"MH03","code_2":"MH0304"}},{"arcs":[[32,-220]],"type":"Polygon","properties":{"ADM0_EN":"Republic of the Marshall Islands","ADM0_PCODE":"MH","ADM1_EN":"Arno","ADM1_PCODE":"MH03","ADM2_EN":"Malel","ADM2_PCODE":"MH0331","Shape_Leng":0.0619661706143,"Shape_Area":0.0000244876173162,"National_0":"Republic of the Marshall Islands","Municipality_1":"Arno","Islet_2":"Malel","code_0":"MH","code_1":"MH03","code_2":"MH0331"}},{"arcs":[[-218,20]],"type":"Polygon","properties":{"ADM0_EN":"Republic of the Marshall Islands","ADM0_PCODE":"MH","ADM1_EN":"Arno","ADM1_PCODE":"MH03","ADM2_EN":"Matolen","ADM2_PCODE":"MH0333","Shape_Leng":0.0528635518079,"Shape_Area":0.0000344800035025,"National_0":"Republic of the Marshall Islands","Municipality_1":"Arno","Islet_2":"Matolen","code_0":"MH","code_1":"MH03","code_2":"MH0333"}},{"arcs":[[36]],"type":"Polygon","properties":{"ADM0_EN":"Republic of the Marshall Islands","ADM0_PCODE":"MH","ADM1_EN":"Arno","ADM1_PCODE":"MH03","ADM2_EN":"Meetdik","ADM2_PCODE":"MH0312","Shape_Leng":0.0131105568094,"Shape_Area":0.00000667254525769,"National_0":"Republic of the Marshall Islands","Municipality_1":"Arno","Islet_2":"Meetdik","code_0":"MH","code_1":"MH03","code_2":"MH0312"}},{"arcs":[[37]],"type":"Polygon","properties":{"ADM0_EN":"Republic of the Marshall Islands","ADM0_PCODE":"MH","ADM1_EN":"Arno","ADM1_PCODE":"MH03","ADM2_EN":"Mwean","ADM2_PCODE":"MH0317","Shape_Leng":0.0166145395281,"Shape_Area":0.0000100070677675,"National_0":"Republic of the Marshall Islands","Municipality_1":"Arno","Islet_2":"Mwean","code_0":"MH","code_1":"MH03","code_2":"MH0317"}},{"arcs":[[38]],"type":"Polygon","properties":{"ADM0_EN":"Republic of the Marshall Islands","ADM0_PCODE":"MH","ADM1_EN":"Arno","ADM1_PCODE":"MH03","ADM2_EN":"Namwi","ADM2_PCODE":"MH0311","Shape_Leng":0.0230613421736,"Shape_Area":0.0000191699729586,"National_0":"Republic of the Marshall Islands","Municipality_1":"Arno","Islet_2":"Namwi","code_0":"MH","code_1":"MH03","code_2":"MH0311"}},{"arcs":[[39]],"type":"Polygon","properties":{"ADM0_EN":"Republic of the Marshall Islands","ADM0_PCODE":"MH","ADM1_EN":"Arno","ADM1_PCODE":"MH03","ADM2_EN":"Tinak","ADM2_PCODE":"MH0329","Shape_Leng":0.0304397219162,"Shape_Area":0.000069843155293,"National_0":"Republic of the Marshall Islands","Municipality_1":"Arno","Islet_2":"Tinak","code_0":"MH","code_1":"MH03","code_2":"MH0329"}},{"arcs":[[40]],"type":"Polygon","properties":{"ADM0_EN":"Republic of the Marshall Islands","ADM0_PCODE":"MH","ADM1_EN":"Arno","ADM1_PCODE":"MH03","ADM2_EN":"Todo - Tutu","ADM2_PCODE":"MH0318","Shape_Leng":0.0237580315879,"Shape_Area":0.0000212737027755,"National_0":"Republic of the Marshall Islands","Municipality_1":"Arno","Islet_2":"Todo - Tutu","code_0":"MH","code_1":"MH03","code_2":"MH0318"}},{"arcs":[[41]],"type":"Polygon","properties":{"ADM0_EN":"Republic of the Marshall Islands","ADM0_PCODE":"MH","ADM1_EN":"Arno","ADM1_PCODE":"MH03","ADM2_EN":"Ulien","ADM2_PCODE":"MH0307","Shape_Leng":0.0333399893856,"Shape_Area":0.0000456936487705,"National_0":"Republic of the Marshall Islands","Municipality_1":"Arno","Islet_2":"Ulien","code_0":"MH","code_1":"MH03","code_2":"MH0307"}},{"arcs":[[42]],"type":"Polygon","properties":{"ADM0_EN":"Republic of the Marshall Islands","ADM0_PCODE":"MH","ADM1_EN":"Aur","ADM1_PCODE":"MH04","ADM2_EN":"Aur","ADM2_PCODE":"MH0402","Shape_Leng":0.04647571288,"Shape_Area":0.0000755444862046,"National_0":"Republic of the Marshall Islands","Municipality_1":"Aur","Islet_2":"Aur","code_0":"MH","code_1":"MH04","code_2":"MH0402"}},{"arcs":[[43]],"type":"Polygon","properties":{"ADM0_EN":"Republic of the Marshall Islands","ADM0_PCODE":"MH","ADM1_EN":"Aur","ADM1_PCODE":"MH04","ADM2_EN":"Tabal","ADM2_PCODE":"MH0401","Shape_Leng":0.0550449388331,"Shape_Area":0.000113233127483,"National_0":"Republic of the Marshall Islands","Municipality_1":"Aur","Islet_2":"Tabal","code_0":"MH","code_1":"MH04","code_2":"MH0401"}},{"arcs":[[44]],"type":"Polygon","properties":{"ADM0_EN":"Republic of the Marshall Islands","ADM0_PCODE":"MH","ADM1_EN":"Ebon","ADM1_PCODE":"MH06","ADM2_EN":"Emej","ADM2_PCODE":"MH0605","Shape_Leng":0.0218637906525,"Shape_Area":0.0000133989386156,"National_0":"Republic of the Marshall Islands","Municipality_1":"Ebon","Islet_2":"Emej","code_0":"MH","code_1":"MH06","code_2":"MH0605"}},{"arcs":[[45]],"type":"Polygon","properties":{"ADM0_EN":"Republic of the Marshall Islands","ADM0_PCODE":"MH","ADM1_EN":"Ebon","ADM1_PCODE":"MH06","ADM2_EN":"Enearmij","ADM2_PCODE":"MH0604","Shape_Leng":0.0157052595409,"Shape_Area":0.000013297607256,"National_0":"Republic of the Marshall Islands","Municipality_1":"Ebon","Islet_2":"Enearmij","code_0":"MH","code_1":"MH06","code_2":"MH0604"}},{"arcs":[[46]],"type":"Polygon","properties":{"ADM0_EN":"Republic of the Marshall Islands","ADM0_PCODE":"MH","ADM1_EN":"Ebon","ADM1_PCODE":"MH06","ADM2_EN":"Enekoton","ADM2_PCODE":"MH0608","Shape_Leng":0.0439636136614,"Shape_Area":0.0000213250712942,"National_0":"Republic of the Marshall Islands","Municipality_1":"Ebon","Islet_2":"Enekoton","code_0":"MH","code_1":"MH06","code_2":"MH0608"}},{"arcs":[[47]],"type":"Polygon","properties":{"ADM0_EN":"Republic of the Marshall Islands","ADM0_PCODE":"MH","ADM1_EN":"Ebon","ADM1_PCODE":"MH06","ADM2_EN":"Enilok","ADM2_PCODE":"MH0606","Shape_Leng":0.0272262215185,"Shape_Area":0.0000359345581741,"National_0":"Republic of the Marshall Islands","Municipality_1":"Ebon","Islet_2":"Enilok","code_0":"MH","code_1":"MH06","code_2":"MH0606"}},{"arcs":[[51,221,49,222]],"type":"Polygon","properties":{"ADM0_EN":"Republic of the Marshall Islands","ADM0_PCODE":"MH","ADM1_EN":"Ebon","ADM1_PCODE":"MH06","ADM2_EN":"Jittaken","ADM2_PCODE":"MH0601","Shape_Leng":0.0947695946858,"Shape_Area":0.0000334287039702,"National_0":"Republic of the Marshall Islands","Municipality_1":"Ebon","Islet_2":"Jittaken","code_0":"MH","code_1":"MH06","code_2":"MH0601"}},{"arcs":[[48,-222]],"type":"Polygon","properties":{"ADM0_EN":"Republic of the Marshall Islands","ADM0_PCODE":"MH","ADM1_EN":"Ebon","ADM1_PCODE":"MH06","ADM2_EN":"Jittoen","ADM2_PCODE":"MH0602","Shape_Leng":0.098097067355,"Shape_Area":0.00013902012764,"National_0":"Republic of the Marshall Islands","Municipality_1":"Ebon","Islet_2":"Jittoen","code_0":"MH","code_1":"MH06","code_2":"MH0602"}},{"arcs":[[-223,50]],"type":"Polygon","properties":{"ADM0_EN":"Republic of the Marshall Islands","ADM0_PCODE":"MH","ADM1_EN":"Ebon","ADM1_PCODE":"MH06","ADM2_EN":"Rerok","ADM2_PCODE":"MH0603","Shape_Leng":0.0301582599747,"Shape_Area":0.0000139470438483,"National_0":"Republic of the Marshall Islands","Municipality_1":"Ebon","Islet_2":"Rerok","code_0":"MH","code_1":"MH06","code_2":"MH0603"}},{"arcs":[[52]],"type":"Polygon","properties":{"ADM0_EN":"Republic of the Marshall Islands","ADM0_PCODE":"MH","ADM1_EN":"Ebon","ADM1_PCODE":"MH06","ADM2_EN":"Toka","ADM2_PCODE":"MH0607","Shape_Leng":0.0479183786202,"Shape_Area":0.0000788691360275,"National_0":"Republic of the Marshall Islands","Municipality_1":"Ebon","Islet_2":"Toka","code_0":"MH","code_1":"MH06","code_2":"MH0607"}},{"arcs":[[[53]],[[54]]],"type":"MultiPolygon","properties":{"ADM0_EN":"Republic of the Marshall Islands","ADM0_PCODE":"MH","ADM1_EN":"Eneu","ADM1_PCODE":"MH05","ADM2_EN":"Eneu","ADM2_PCODE":"MH0501","Shape_Leng":0.148690887328,"Shape_Area":0.000273251185643,"National_0":"Republic of the Marshall Islands","Municipality_1":"Eneu","Islet_2":"Eneu","code_0":"MH","code_1":"MH05","code_2":"MH0501"}},{"arcs":[[[55]],[[56]],[[57]]],"type":"MultiPolygon","properties":{"ADM0_EN":"Republic of the Marshall Islands","ADM0_PCODE":"MH","ADM1_EN":"Enewetak","ADM1_PCODE":"MH07","ADM2_EN":"Enewetak","ADM2_PCODE":"MH0701","Shape_Leng":0.149118925507,"Shape_Area":0.000193914139424,"National_0":"Republic of the Marshall Islands","Municipality_1":"Enewetak","Islet_2":"Enewetak","code_0":"MH","code_1":"MH07","code_2":"MH0701"}},{"arcs":[[58]],"type":"Polygon","properties":{"ADM0_EN":"Republic of the Marshall Islands","ADM0_PCODE":"MH","ADM1_EN":"Jabat","ADM1_PCODE":"MH08","ADM2_EN":"Jabat","ADM2_PCODE":"MH0801","Shape_Leng":0.0254092903326,"Shape_Area":0.0000398091788362,"National_0":"Republic of the Marshall Islands","Municipality_1":"Jabat","Islet_2":"Jabat","code_0":"MH","code_1":"MH08","code_2":"MH0801"}},{"arcs":[[59]],"type":"Polygon","properties":{"ADM0_EN":"Republic of the Marshall Islands","ADM0_PCODE":"MH","ADM1_EN":"Jaluit","ADM1_PCODE":"MH09","ADM2_EN":"Ae","ADM2_PCODE":"MH0917","Shape_Leng":0.0384831514937,"Shape_Area":0.0000307673594029,"National_0":"Republic of the Marshall Islands","Municipality_1":"Jaluit","Islet_2":"Ae","code_0":"MH","code_1":"MH09","code_2":"MH0917"}},{"arcs":[[60]],"type":"Polygon","properties":{"ADM0_EN":"Republic of the Marshall Islands","ADM0_PCODE":"MH","ADM1_EN":"Jaluit","ADM1_PCODE":"MH09","ADM2_EN":"Arreen","ADM2_PCODE":"MH0924","Shape_Leng":0.0242285793446,"Shape_Area":0.0000154863659137,"National_0":"Republic of the Marshall Islands","Municipality_1":"Jaluit","Islet_2":"Arreen","code_0":"MH","code_1":"MH09","code_2":"MH0924"}},{"arcs":[[61]],"type":"Polygon","properties":{"ADM0_EN":"Republic of the Marshall Islands","ADM0_PCODE":"MH","ADM1_EN":"Jaluit","ADM1_PCODE":"MH09","ADM2_EN":"Bokanake","ADM2_PCODE":"MH0901","Shape_Leng":0.0204750706138,"Shape_Area":0.00002174758162,"National_0":"Republic of the Marshall Islands","Municipality_1":"Jaluit","Islet_2":"Bokanake","code_0":"MH","code_1":"MH09","code_2":"MH0901"}},{"arcs":[[62]],"type":"Polygon","properties":{"ADM0_EN":"Republic of the Marshall Islands","ADM0_PCODE":"MH","ADM1_EN":"Jaluit","ADM1_PCODE":"MH09","ADM2_EN":"Bukantorak","ADM2_PCODE":"MH0906","Shape_Leng":0.00436328063673,"Shape_Area":0.00000118340482082,"National_0":"Republic of the Marshall Islands","Municipality_1":"Jaluit","Islet_2":"Bukantorak","code_0":"MH","code_1":"MH09","code_2":"MH0906"}},{"arcs":[[63]],"type":"Polygon","properties":{"ADM0_EN":"Republic of the Marshall Islands","ADM0_PCODE":"MH","ADM1_EN":"Jaluit","ADM1_PCODE":"MH09","ADM2_EN":"Ewo","ADM2_PCODE":"MH0914","Shape_Leng":0.0275433139759,"Shape_Area":0.0000214311247886,"National_0":"Republic of the Marshall Islands","Municipality_1":"Jaluit","Islet_2":"Ewo","code_0":"MH","code_1":"MH09","code_2":"MH0914"}},{"arcs":[[[64]],[[65]],[[66]],[[67]],[[68]],[[69]],[[70]]],"type":"MultiPolygon","properties":{"ADM0_EN":"Republic of the Marshall Islands","ADM0_PCODE":"MH","ADM1_EN":"Jaluit","ADM1_PCODE":"MH09","ADM2_EN":"Imiej","ADM2_PCODE":"MH0911","Shape_Leng":0.28061115976,"Shape_Area":0.000132635164576,"National_0":"Republic of the Marshall Islands","Municipality_1":"Jaluit","Islet_2":"Imiej","code_0":"MH","code_1":"MH09","code_2":"MH0911"}},{"arcs":[[71]],"type":"Polygon","properties":{"ADM0_EN":"Republic of the Marshall Islands","ADM0_PCODE":"MH","ADM1_EN":"Jaluit","ADM1_PCODE":"MH09","ADM2_EN":"Imroj","ADM2_PCODE":"MH0909","Shape_Leng":0.0251409728675,"Shape_Area":0.0000189930415102,"National_0":"Republic of the Marshall Islands","Municipality_1":"Jaluit","Islet_2":"Imroj","code_0":"MH","code_1":"MH09","code_2":"MH0909"}},{"arcs":[[72]],"type":"Polygon","properties":{"ADM0_EN":"Republic of the Marshall Islands","ADM0_PCODE":"MH","ADM1_EN":"Jaluit","ADM1_PCODE":"MH09","ADM2_EN":"Jabnoren","ADM2_PCODE":"MH0919","Shape_Leng":0.0179295918335,"Shape_Area":0.0000154630557304,"National_0":"Republic of the Marshall Islands","Municipality_1":"Jaluit","Islet_2":"Jabnoren","code_0":"MH","code_1":"MH09","code_2":"MH0919"}},{"arcs":[[223,74]],"type":"Polygon","properties":{"ADM0_EN":"Republic of the Marshall Islands","ADM0_PCODE":"MH","ADM1_EN":"Jaluit","ADM1_PCODE":"MH09","ADM2_EN":"Jabwor","ADM2_PCODE":"MH0912","Shape_Leng":0.175846721487,"Shape_Area":0.0000608678416476,"National_0":"Republic of the Marshall Islands","Municipality_1":"Jaluit","Islet_2":"Jabwor","code_0":"MH","code_1":"MH09","code_2":"MH0912"}},{"arcs":[[-224,73]],"type":"Polygon","properties":{"ADM0_EN":"Republic of the Marshall Islands","ADM0_PCODE":"MH","ADM1_EN":"Jaluit","ADM1_PCODE":"MH09","ADM2_EN":"Jaluit","ADM2_PCODE":"MH0913","Shape_Leng":0.239576612334,"Shape_Area":0.000176353545192,"National_0":"Republic of the Marshall Islands","Municipality_1":"Jaluit","Islet_2":"Jaluit","code_0":"MH","code_1":"MH09","code_2":"MH0913"}},{"arcs":[[75]],"type":"Polygon","properties":{"ADM0_EN":"Republic of the Marshall Islands","ADM0_PCODE":"MH","ADM1_EN":"Jaluit","ADM1_PCODE":"MH09","ADM2_EN":"Lonane - Lonone","ADM2_PCODE":"MH0904","Shape_Leng":0.00907467148701,"Shape_Area":0.00000368620898624,"National_0":"Republic of the Marshall Islands","Municipality_1":"Jaluit","Islet_2":"Lonane - Lonone","code_0":"MH","code_1":"MH09","code_2":"MH0904"}},{"arcs":[[[76]],[[77]]],"type":"MultiPolygon","properties":{"ADM0_EN":"Republic of the Marshall Islands","ADM0_PCODE":"MH","ADM1_EN":"Jaluit","ADM1_PCODE":"MH09","ADM2_EN":"Mejatto","ADM2_PCODE":"MH0908","Shape_Leng":0.0758506165631,"Shape_Area":0.0000514479539177,"National_0":"Republic of the Marshall Islands","Municipality_1":"Jaluit","Islet_2":"Mejatto","code_0":"MH","code_1":"MH09","code_2":"MH0908"}},{"arcs":[[78]],"type":"Polygon","properties":{"ADM0_EN":"Republic of the Marshall Islands","ADM0_PCODE":"MH","ADM1_EN":"Jaluit","ADM1_PCODE":"MH09","ADM2_EN":"Mejrirok","ADM2_PCODE":"MH0916","Shape_Leng":0.0187546606149,"Shape_Area":0.0000167935311064,"National_0":"Republic of the Marshall Islands","Municipality_1":"Jaluit","Islet_2":"Mejrirok","code_0":"MH","code_1":"MH09","code_2":"MH0916"}},{"arcs":[[79]],"type":"Polygon","properties":{"ADM0_EN":"Republic of the Marshall Islands","ADM0_PCODE":"MH","ADM1_EN":"Jaluit","ADM1_PCODE":"MH09","ADM2_EN":"Menge","ADM2_PCODE":"MH0915","Shape_Leng":0.0292246279296,"Shape_Area":0.0000286105279849,"National_0":"Republic of the Marshall Islands","Municipality_1":"Jaluit","Islet_2":"Menge","code_0":"MH","code_1":"MH09","code_2":"MH0915"}},{"arcs":[[80]],"type":"Polygon","properties":{"ADM0_EN":"Republic of the Marshall Islands","ADM0_PCODE":"MH","ADM1_EN":"Jaluit","ADM1_PCODE":"MH09","ADM2_EN":"Nabbe","ADM2_PCODE":"MH0928","Shape_Leng":0.00341730945955,"Shape_Area":7.32659667309e-7,"National_0":"Republic of the Marshall Islands","Municipality_1":"Jaluit","Islet_2":"Nabbe","code_0":"MH","code_1":"MH09","code_2":"MH0928"}},{"arcs":[[81]],"type":"Polygon","properties":{"ADM0_EN":"Republic of the Marshall Islands","ADM0_PCODE":"MH","ADM1_EN":"Jaluit","ADM1_PCODE":"MH09","ADM2_EN":"Nanij","ADM2_PCODE":"MH0907","Shape_Leng":0.00924636951182,"Shape_Area":0.00000538024899648,"National_0":"Republic of the Marshall Islands","Municipality_1":"Jaluit","Islet_2":"Nanij","code_0":"MH","code_1":"MH09","code_2":"MH0907"}},{"arcs":[[82]],"type":"Polygon","properties":{"ADM0_EN":"Republic of the Marshall Islands","ADM0_PCODE":"MH","ADM1_EN":"Jaluit","ADM1_PCODE":"MH09","ADM2_EN":"Narmej","ADM2_PCODE":"MH0905","Shape_Leng":0.00676076331523,"Shape_Area":0.00000292057828767,"National_0":"Republic of the Marshall Islands","Municipality_1":"Jaluit","Islet_2":"Narmej","code_0":"MH","code_1":"MH09","code_2":"MH0905"}},{"arcs":[[83]],"type":"Polygon","properties":{"ADM0_EN":"Republic of the Marshall Islands","ADM0_PCODE":"MH","ADM1_EN":"Jaluit","ADM1_PCODE":"MH09","ADM2_EN":"Urbaj","ADM2_PCODE":"MH0927","Shape_Leng":0.0148584322282,"Shape_Area":0.00000610901455934,"National_0":"Republic of the Marshall Islands","Municipality_1":"Jaluit","Islet_2":"Urbaj","code_0":"MH","code_1":"MH09","code_2":"MH0927"}},{"arcs":[[[84]],[[85]]],"type":"MultiPolygon","properties":{"ADM0_EN":"Republic of the Marshall Islands","ADM0_PCODE":"MH","ADM1_EN":"Jaluit","ADM1_PCODE":"MH09","ADM2_EN":"Wotle","ADM2_PCODE":"MH0903","Shape_Leng":0.0120793911119,"Shape_Area":0.00000447727044379,"National_0":"Republic of the Marshall Islands","Municipality_1":"Jaluit","Islet_2":"Wotle","code_0":"MH","code_1":"MH09","code_2":"MH0903"}},{"arcs":[[86]],"type":"Polygon","properties":{"ADM0_EN":"Republic of the Marshall Islands","ADM0_PCODE":"MH","ADM1_EN":"Kili","ADM1_PCODE":"MH10","ADM2_EN":"Kili","ADM2_PCODE":"MH1001","Shape_Leng":0.0402721423144,"Shape_Area":0.000068559847926,"National_0":"Republic of the Marshall Islands","Municipality_1":"Kili","Islet_2":"Kili","code_0":"MH","code_1":"MH10","code_2":"MH1001"}},{"arcs":[[87]],"type":"Polygon","properties":{"ADM0_EN":"Republic of the Marshall Islands","ADM0_PCODE":"MH","ADM1_EN":"Kwajalein","ADM1_PCODE":"MH11","ADM2_EN":"Bikkej","ADM2_PCODE":"MH1121","Shape_Leng":0.0513780075924,"Shape_Area":0.0000429711691531,"National_0":"Republic of the Marshall Islands","Municipality_1":"Kwajalein","Islet_2":"Bikkej","code_0":"MH","code_1":"MH11","code_2":"MH1121"}},{"arcs":[[88]],"type":"Polygon","properties":{"ADM0_EN":"Republic of the Marshall Islands","ADM0_PCODE":"MH","ADM1_EN":"Kwajalein","ADM1_PCODE":"MH11","ADM2_EN":"Carlos","ADM2_PCODE":"MH1120","Shape_Leng":0.052427597033,"Shape_Area":0.0000425406848327,"National_0":"Republic of the Marshall Islands","Municipality_1":"Kwajalein","Islet_2":"Carlos","code_0":"MH","code_1":"MH11","code_2":"MH1120"}},{"arcs":[[89]],"type":"Polygon","properties":{"ADM0_EN":"Republic of the Marshall Islands","ADM0_PCODE":"MH","ADM1_EN":"Kwajalein","ADM1_PCODE":"MH11","ADM2_EN":"Ebadon","ADM2_PCODE":"MH1104","Shape_Leng":0.0434775244148,"Shape_Area":0.000095570022589,"National_0":"Republic of the Marshall Islands","Municipality_1":"Kwajalein","Islet_2":"Ebadon","code_0":"MH","code_1":"MH11","code_2":"MH1104"}},{"arcs":[[224,97]],"type":"Polygon","properties":{"ADM0_EN":"Republic of the Marshall Islands","ADM0_PCODE":"MH","ADM1_EN":"Kwajalein","ADM1_PCODE":"MH11","ADM2_EN":"Ebeye Zone 1","ADM2_PCODE":"MH1111","Shape_Leng":0.0172060411014,"Shape_Area":0.0000094427069149,"National_0":"Republic of the Marshall Islands","Municipality_1":"Kwajalein","Islet_2":"Ebeye Zone 1","code_0":"MH","code_1":"MH11","code_2":"MH1111"}},{"arcs":[[-225,98,225,96]],"type":"Polygon","properties":{"ADM0_EN":"Republic of the Marshall Islands","ADM0_PCODE":"MH","ADM1_EN":"Kwajalein","ADM1_PCODE":"MH11","ADM2_EN":"Ebeye Zone 2","ADM2_PCODE":"MH1112","Shape_Leng":0.0149815804929,"Shape_Area":0.00000840568855022,"National_0":"Republic of the Marshall Islands","Municipality_1":"Kwajalein","Islet_2":"Ebeye Zone 2","code_0":"MH","code_1":"MH11","code_2":"MH1112"}},{"arcs":[[-226,99,226,95]],"type":"Polygon","properties":{"ADM0_EN":"Republic of the Marshall Islands","ADM0_PCODE":"MH","ADM1_EN":"Kwajalein","ADM1_PCODE":"MH11","ADM2_EN":"Ebeye Zone 3","ADM2_PCODE":"MH1113","Shape_Leng":0.0119767242421,"Shape_Area":0.00000667662209595,"National_0":"Republic of the Marshall Islands","Municipality_1":"Kwajalein","Islet_2":"Ebeye Zone 3","code_0":"MH","code_1":"MH11","code_2":"MH1113"}},{"arcs":[[-227,100,227,94]],"type":"Polygon","properties":{"ADM0_EN":"Republic of the Marshall Islands","ADM0_PCODE":"MH","ADM1_EN":"Kwajalein","ADM1_PCODE":"MH11","ADM2_EN":"Ebeye Zone 4","ADM2_PCODE":"MH1114","Shape_Leng":0.0103430174462,"Shape_Area":0.00000510428048974,"National_0":"Republic of the Marshall Islands","Municipality_1":"Kwajalein","Islet_2":"Ebeye Zone 4","code_0":"MH","code_1":"MH11","code_2":"MH1114"}},{"arcs":[[-228,101,228,93]],"type":"Polygon","properties":{"ADM0_EN":"Republic of the Marshall Islands","ADM0_PCODE":"MH","ADM1_EN":"Kwajalein","ADM1_PCODE":"MH11","ADM2_EN":"Ebeye Zone 5","ADM2_PCODE":"MH1115","Shape_Leng":0.0181497604511,"Shape_Area":0.0000109900333761,"National_0":"Republic of the Marshall Islands","Municipality_1":"Kwajalein","Islet_2":"Ebeye Zone 5","code_0":"MH","code_1":"MH11","code_2":"MH1115"}},{"arcs":[[106]],"type":"Polygon","properties":{"ADM0_EN":"Republic of the Marshall Islands","ADM0_PCODE":"MH","ADM1_EN":"Kwajalein","ADM1_PCODE":"MH11","ADM2_EN":"Ebjadik","ADM2_PCODE":"MH1116","Shape_Leng":0.00441654684931,"Shape_Area":0.00000137080870833,"National_0":"Republic of the Marshall Islands","Municipality_1":"Kwajalein","Islet_2":"Ebjadik","code_0":"MH","code_1":"MH11","code_2":"MH1116"}},{"arcs":[[229,104,230,90]],"type":"Polygon","properties":{"ADM0_EN":"Republic of the Marshall Islands","ADM0_PCODE":"MH","ADM1_EN":"Kwajalein","ADM1_PCODE":"MH11","ADM2_EN":"Ebwaj","ADM2_PCODE":"MH1108","Shape_Leng":0.02946554818,"Shape_Area":0.00000690365851986,"National_0":"Republic of the Marshall Islands","Municipality_1":"Kwajalein","Islet_2":"Ebwaj","code_0":"MH","code_1":"MH11","code_2":"MH1108"}},{"arcs":[[107]],"type":"Polygon","properties":{"ADM0_EN":"Republic of the Marshall Islands","ADM0_PCODE":"MH","ADM1_EN":"Kwajalein","ADM1_PCODE":"MH11","ADM2_EN":"Enubirr","ADM2_PCODE":"MH1101","Shape_Leng":0.0113977426483,"Shape_Area":0.00000857786371646,"National_0":"Republic of the Marshall Islands","Municipality_1":"Kwajalein","Islet_2":"Enubirr","code_0":"MH","code_1":"MH11","code_2":"MH1101"}},{"arcs":[[108]],"type":"Polygon","properties":{"ADM0_EN":"Republic of the Marshall Islands","ADM0_PCODE":"MH","ADM1_EN":"Kwajalein","ADM1_PCODE":"MH11","ADM2_EN":"Enubuj - Carlson","ADM2_PCODE":"MH1119","Shape_Leng":0.0318857912062,"Shape_Area":0.0000176644795158,"National_0":"Republic of the Marshall Islands","Municipality_1":"Kwajalein","Islet_2":"Enubuj - Carlson","code_0":"MH","code_1":"MH11","code_2":"MH1119"}},{"arcs":[[-231,105]],"type":"Polygon","properties":{"ADM0_EN":"Republic of the Marshall Islands","ADM0_PCODE":"MH","ADM1_EN":"Kwajalein","ADM1_PCODE":"MH11","ADM2_EN":"Gugeegue","ADM2_PCODE":"MH1107","Shape_Leng":0.0401956448776,"Shape_Area":0.000020067573352,"National_0":"Republic of the Marshall Islands","Municipality_1":"Kwajalein","Islet_2":"Gugeegue","code_0":"MH","code_1":"MH11","code_2":"MH1107"}},{"arcs":[[109]],"type":"Polygon","properties":{"ADM0_EN":"Republic of the Marshall Islands","ADM0_PCODE":"MH","ADM1_EN":"Kwajalein","ADM1_PCODE":"MH11","ADM2_EN":"Kwajalein","ADM2_PCODE":"MH1118","Shape_Leng":0.113928319579,"Shape_Area":0.00025493878163,"National_0":"Republic of the Marshall Islands","Municipality_1":"Kwajalein","Islet_2":"Kwajalein","code_0":"MH","code_1":"MH11","code_2":"MH1118"}},{"arcs":[[110]],"type":"Polygon","properties":{"ADM0_EN":"Republic of the Marshall Islands","ADM0_PCODE":"MH","ADM1_EN":"Kwajalein","ADM1_PCODE":"MH11","ADM2_EN":"Mejatto","ADM2_PCODE":"MH1105","Shape_Leng":0.0248700566588,"Shape_Area":0.0000297525120823,"National_0":"Republic of the Marshall Islands","Municipality_1":"Kwajalein","Islet_2":"Mejatto","code_0":"MH","code_1":"MH11","code_2":"MH1105"}},{"arcs":[[111]],"type":"Polygon","properties":{"ADM0_EN":"Republic of the Marshall Islands","ADM0_PCODE":"MH","ADM1_EN":"Kwajalein","ADM1_PCODE":"MH11","ADM2_EN":"Nene","ADM2_PCODE":"MH1106","Shape_Leng":0.0211992298876,"Shape_Area":0.0000135177214184,"National_0":"Republic of the Marshall Islands","Municipality_1":"Kwajalein","Islet_2":"Nene","code_0":"MH","code_1":"MH11","code_2":"MH1106"}},{"arcs":[[231,103,-230,91]],"type":"Polygon","properties":{"ADM0_EN":"Republic of the Marshall Islands","ADM0_PCODE":"MH","ADM1_EN":"Kwajalein","ADM1_PCODE":"MH11","ADM2_EN":"North Loi","ADM2_PCODE":"MH1109","Shape_Leng":0.0443744900783,"Shape_Area":0.0000117291167756,"National_0":"Republic of the Marshall Islands","Municipality_1":"Kwajalein","Islet_2":"North Loi","code_0":"MH","code_1":"MH11","code_2":"MH1109"}},{"arcs":[[112]],"type":"Polygon","properties":{"ADM0_EN":"Republic of the Marshall Islands","ADM0_PCODE":"MH","ADM1_EN":"Kwajalein","ADM1_PCODE":"MH11","ADM2_EN":"Roi Namur","ADM2_PCODE":"MH1102","Shape_Leng":0.0709144906762,"Shape_Area":0.00013733851208,"National_0":"Republic of the Marshall Islands","Municipality_1":"Kwajalein","Islet_2":"Roi Namur","code_0":"MH","code_1":"MH11","code_2":"MH1102"}},{"arcs":[[-229,102,-232,92]],"type":"Polygon","properties":{"ADM0_EN":"Republic of the Marshall Islands","ADM0_PCODE":"MH","ADM1_EN":"Kwajalein","ADM1_PCODE":"MH11","ADM2_EN":"South Loi","ADM2_PCODE":"MH1110","Shape_Leng":0.0276565685924,"Shape_Area":0.00000711334130895,"National_0":"Republic of the Marshall Islands","Municipality_1":"Kwajalein","Islet_2":"South Loi","code_0":"MH","code_1":"MH11","code_2":"MH1110"}},{"arcs":[[113]],"type":"Polygon","properties":{"ADM0_EN":"Republic of the Marshall Islands","ADM0_PCODE":"MH","ADM1_EN":"Lae","ADM1_PCODE":"MH12","ADM2_EN":"Enerein","ADM2_PCODE":"MH1204","Shape_Leng":0.0147352789282,"Shape_Area":0.000014257682427,"National_0":"Republic of the Marshall Islands","Municipality_1":"Lae","Islet_2":"Enerein","code_0":"MH","code_1":"MH12","code_2":"MH1204"}},{"arcs":[[114]],"type":"Polygon","properties":{"ADM0_EN":"Republic of the Marshall Islands","ADM0_PCODE":"MH","ADM1_EN":"Lae","ADM1_PCODE":"MH12","ADM2_EN":"Lae","ADM2_PCODE":"MH1203","Shape_Leng":0.056927542842,"Shape_Area":0.000072373024052,"National_0":"Republic of the Marshall Islands","Municipality_1":"Lae","Islet_2":"Lae","code_0":"MH","code_1":"MH12","code_2":"MH1203"}},{"arcs":[[115]],"type":"Polygon","properties":{"ADM0_EN":"Republic of the Marshall Islands","ADM0_PCODE":"MH","ADM1_EN":"Lib","ADM1_PCODE":"MH13","ADM2_EN":"Lib","ADM2_PCODE":"MH1301","Shape_Leng":0.0376234054369,"Shape_Area":0.0000820564677956,"National_0":"Republic of the Marshall Islands","Municipality_1":"Lib","Islet_2":"Lib","code_0":"MH","code_1":"MH13","code_2":"MH1301"}},{"arcs":[[116]],"type":"Polygon","properties":{"ADM0_EN":"Republic of the Marshall Islands","ADM0_PCODE":"MH","ADM1_EN":"Likiep","ADM1_PCODE":"MH14","ADM2_EN":"Jebal","ADM2_PCODE":"MH1402","Shape_Leng":0.0280443378,"Shape_Area":0.000034335487675,"National_0":"Republic of the Marshall Islands","Municipality_1":"Likiep","Islet_2":"Jebal","code_0":"MH","code_1":"MH14","code_2":"MH1402"}},{"arcs":[[117]],"type":"Polygon","properties":{"ADM0_EN":"Republic of the Marshall Islands","ADM0_PCODE":"MH","ADM1_EN":"Likiep","ADM1_PCODE":"MH14","ADM2_EN":"Likiep","ADM2_PCODE":"MH1403","Shape_Leng":0.0750995635418,"Shape_Area":0.00010519745152,"National_0":"Republic of the Marshall Islands","Municipality_1":"Likiep","Islet_2":"Likiep","code_0":"MH","code_1":"MH14","code_2":"MH1403"}},{"arcs":[[118]],"type":"Polygon","properties":{"ADM0_EN":"Republic of the Marshall Islands","ADM0_PCODE":"MH","ADM1_EN":"Likiep","ADM1_PCODE":"MH14","ADM2_EN":"Melang","ADM2_PCODE":"MH1401","Shape_Leng":0.0258503608453,"Shape_Area":0.0000312210459257,"National_0":"Republic of the Marshall Islands","Municipality_1":"Likiep","Islet_2":"Melang","code_0":"MH","code_1":"MH14","code_2":"MH1401"}},{"arcs":[[[119]],[[120]],[[121]],[[122]],[[123]],[[124]],[[125]],[[126]],[[127]],[[128]],[[129]],[[130]],[[131]]],"type":"MultiPolygon","properties":{"ADM0_EN":"Republic of the Marshall Islands","ADM0_PCODE":"MH","ADM1_EN":"Majuro","ADM1_PCODE":"MH15","ADM2_EN":"Aenkan","ADM2_PCODE":"MH1523","Shape_Leng":0.192595064966,"Shape_Area":0.000132138514864,"National_0":"Republic of the Marshall Islands","Municipality_1":"Majuro","Islet_2":"Aenkan","code_0":"MH","code_1":"MH15","code_2":"MH1523"}},{"arcs":[[173,232,141,233]],"type":"Polygon","properties":{"ADM0_EN":"Republic of the Marshall Islands","ADM0_PCODE":"MH","ADM1_EN":"Majuro","ADM1_PCODE":"MH15","ADM2_EN":"Ajeltake","ADM2_PCODE":"MH1517","Shape_Leng":0.18525331915,"Shape_Area":0.0000981066711558,"National_0":"Republic of the Marshall Islands","Municipality_1":"Majuro","Islet_2":"Ajeltake","code_0":"MH","code_1":"MH15","code_2":"MH1517"}},{"arcs":[[[132,234,140,-233,174]],[[175]]],"type":"MultiPolygon","properties":{"ADM0_EN":"Republic of the Marshall Islands","ADM0_PCODE":"MH","ADM1_EN":"Majuro","ADM1_PCODE":"MH15","ADM2_EN":"Ajeltake - Woja","ADM2_PCODE":"MH1518","Shape_Leng":0.209758376323,"Shape_Area":0.00010908665423,"National_0":"Republic of the Marshall Islands","Municipality_1":"Majuro","Islet_2":"Ajeltake - Woja","code_0":"MH","code_1":"MH15","code_2":"MH1518"}},{"arcs":[[168,235,146,236]],"type":"Polygon","properties":{"ADM0_EN":"Republic of the Marshall Islands","ADM0_PCODE":"MH","ADM1_EN":"Majuro","ADM1_PCODE":"MH15","ADM2_EN":"Bridge - Batkan","ADM2_PCODE":"MH1512","Shape_Leng":0.0531577619495,"Shape_Area":0.0000261157312688,"National_0":"Republic of the Marshall Islands","Municipality_1":"Majuro","Islet_2":"Bridge - Batkan","code_0":"MH","code_1":"MH15","code_2":"MH1512"}},{"arcs":[[237,150,238,164]],"type":"Polygon","properties":{"ADM0_EN":"Republic of the Marshall Islands","ADM0_PCODE":"MH","ADM1_EN":"Majuro","ADM1_PCODE":"MH15","ADM2_EN":"Delap 1","ADM2_PCODE":"MH1508","Shape_Leng":0.0134229266837,"Shape_Area":0.000008942707522,"National_0":"Republic of the Marshall Islands","Municipality_1":"Majuro","Islet_2":"Delap 1","code_0":"MH","code_1":"MH15","code_2":"MH1508"}},{"arcs":[[239,149,-238,165]],"type":"Polygon","properties":{"ADM0_EN":"Republic of the Marshall Islands","ADM0_PCODE":"MH","ADM1_EN":"Majuro","ADM1_PCODE":"MH15","ADM2_EN":"Delap 2","ADM2_PCODE":"MH1509","Shape_Leng":0.0170306743979,"Shape_Area":0.00000985245540837,"National_0":"Republic of the Marshall Islands","Municipality_1":"Majuro","Islet_2":"Delap 2","code_0":"MH","code_1":"MH15","code_2":"MH1509"}},{"arcs":[[240,148,-240,166]],"type":"Polygon","properties":{"ADM0_EN":"Republic of the Marshall Islands","ADM0_PCODE":"MH","ADM1_EN":"Majuro","ADM1_PCODE":"MH15","ADM2_EN":"Delap 3","ADM2_PCODE":"MH1510","Shape_Leng":0.0251007878907,"Shape_Area":0.000018910630166,"National_0":"Republic of the Marshall Islands","Municipality_1":"Majuro","Islet_2":"Delap 3","code_0":"MH","code_1":"MH15","code_2":"MH1510"}},{"arcs":[[167,-237,147,-241]],"type":"Polygon","properties":{"ADM0_EN":"Republic of the Marshall Islands","ADM0_PCODE":"MH","ADM1_EN":"Majuro","ADM1_PCODE":"MH15","ADM2_EN":"Delap 4","ADM2_PCODE":"MH1511","Shape_Leng":0.0553602427938,"Shape_Area":0.0000351192943833,"National_0":"Republic of the Marshall Islands","Municipality_1":"Majuro","Islet_2":"Delap 4","code_0":"MH","code_1":"MH15","code_2":"MH1511"}},{"arcs":[[241,153,242,161]],"type":"Polygon","properties":{"ADM0_EN":"Republic of the Marshall Islands","ADM0_PCODE":"MH","ADM1_EN":"Majuro","ADM1_PCODE":"MH15","ADM2_EN":"Downtown","ADM2_PCODE":"MH1505","Shape_Leng":0.0271832468057,"Shape_Area":0.0000166872886967,"National_0":"Republic of the Marshall Islands","Municipality_1":"Majuro","Islet_2":"Downtown","code_0":"MH","code_1":"MH15","code_2":"MH1505"}},{"arcs":[[176]],"type":"Polygon","properties":{"ADM0_EN":"Republic of the Marshall Islands","ADM0_PCODE":"MH","ADM1_EN":"Majuro","ADM1_PCODE":"MH15","ADM2_EN":"Ejit","ADM2_PCODE":"MH1524","Shape_Leng":0.00772304309726,"Shape_Area":0.00000396380952878,"National_0":"Republic of the Marshall Islands","Municipality_1":"Majuro","Islet_2":"Ejit","code_0":"MH","code_1":"MH15","code_2":"MH1524"}},{"arcs":[[169,243,145,-236]],"type":"Polygon","properties":{"ADM0_EN":"Republic of the Marshall Islands","ADM0_PCODE":"MH","ADM1_EN":"Majuro","ADM1_PCODE":"MH15","ADM2_EN":"Jable - Long Island","ADM2_PCODE":"MH1513","Shape_Leng":0.0266292402968,"Shape_Area":0.0000132287823942,"National_0":"Republic of the Marshall Islands","Municipality_1":"Majuro","Islet_2":"Jable - Long Island","code_0":"MH","code_1":"MH15","code_2":"MH1513"}},{"arcs":[[-243,154,244,160]],"type":"Polygon","properties":{"ADM0_EN":"Republic of the Marshall Islands","ADM0_PCODE":"MH","ADM1_EN":"Majuro","ADM1_PCODE":"MH15","ADM2_EN":"Jenrok","ADM2_PCODE":"MH1504","Shape_Leng":0.0178708477033,"Shape_Area":0.00000801496319981,"National_0":"Republic of the Marshall Islands","Municipality_1":"Majuro","Islet_2":"Jenrok","code_0":"MH","code_1":"MH15","code_2":"MH1504"}},{"arcs":[[245,134,246,138]],"type":"Polygon","properties":{"ADM0_EN":"Republic of the Marshall Islands","ADM0_PCODE":"MH","ADM1_EN":"Majuro","ADM1_PCODE":"MH15","ADM2_EN":"Laura 1","ADM2_PCODE":"MH1520","Shape_Leng":0.0267245818061,"Shape_Area":0.000041216600787,"National_0":"Republic of the Marshall Islands","Municipality_1":"Majuro","Islet_2":"Laura 1","code_0":"MH","code_1":"MH15","code_2":"MH1520"}},{"arcs":[[-247,135,247,137]],"type":"Polygon","properties":{"ADM0_EN":"Republic of the Marshall Islands","ADM0_PCODE":"MH","ADM1_EN":"Majuro","ADM1_PCODE":"MH15","ADM2_EN":"Laura 2","ADM2_PCODE":"MH1521","Shape_Leng":0.0344217375529,"Shape_Area":0.0000669220356594,"National_0":"Republic of the Marshall Islands","Municipality_1":"Majuro","Islet_2":"Laura 2","code_0":"MH","code_1":"MH15","code_2":"MH1521"}},{"arcs":[[-248,136]],"type":"Polygon","properties":{"ADM0_EN":"Republic of the Marshall Islands","ADM0_PCODE":"MH","ADM1_EN":"Majuro","ADM1_PCODE":"MH15","ADM2_EN":"Laura 3","ADM2_PCODE":"MH1522","Shape_Leng":0.0408643491515,"Shape_Area":0.0000593004889362,"National_0":"Republic of the Marshall Islands","Municipality_1":"Majuro","Islet_2":"Laura 3","code_0":"MH","code_1":"MH15","code_2":"MH1522"}},{"arcs":[[170,248,178,249,144,-244]],"type":"Polygon","properties":{"ADM0_EN":"Republic of the Marshall Islands","ADM0_PCODE":"MH","ADM1_EN":"Majuro","ADM1_PCODE":"MH15","ADM2_EN":"Long Island","ADM2_PCODE":"MH1514","Shape_Leng":0.0216211326191,"Shape_Area":0.0000136625719831,"National_0":"Republic of the Marshall Islands","Municipality_1":"Majuro","Islet_2":"Long Island","code_0":"MH","code_1":"MH15","code_2":"MH1514"}},{"arcs":[[171,250,143,-250,177,-249]],"type":"Polygon","properties":{"ADM0_EN":"Republic of the Marshall Islands","ADM0_PCODE":"MH","ADM1_EN":"Majuro","ADM1_PCODE":"MH15","ADM2_EN":"Rairok","ADM2_PCODE":"MH1515","Shape_Leng":0.0279153070126,"Shape_Area":0.0000180895384038,"National_0":"Republic of the Marshall Islands","Municipality_1":"Majuro","Islet_2":"Rairok","code_0":"MH","code_1":"MH15","code_2":"MH1515"}},{"arcs":[[172,-234,142,-251]],"type":"Polygon","properties":{"ADM0_EN":"Republic of the Marshall Islands","ADM0_PCODE":"MH","ADM1_EN":"Majuro","ADM1_PCODE":"MH15","ADM2_EN":"Rairok - Airport","ADM2_PCODE":"MH1516","Shape_Leng":0.126841972679,"Shape_Area":0.0000750521704181,"National_0":"Republic of the Marshall Islands","Municipality_1":"Majuro","Islet_2":"Rairok - Airport","code_0":"MH","code_1":"MH15","code_2":"MH1516"}},{"arcs":[[251,157]],"type":"Polygon","properties":{"ADM0_EN":"Republic of the Marshall Islands","ADM0_PCODE":"MH","ADM1_EN":"Majuro","ADM1_PCODE":"MH15","ADM2_EN":"Rita 1","ADM2_PCODE":"MH1501","Shape_Leng":0.0173106211107,"Shape_Area":0.0000143116174251,"National_0":"Republic of the Marshall Islands","Municipality_1":"Majuro","Islet_2":"Rita 1","code_0":"MH","code_1":"MH15","code_2":"MH1501"}},{"arcs":[[252,156,-252,158]],"type":"Polygon","properties":{"ADM0_EN":"Republic of the Marshall Islands","ADM0_PCODE":"MH","ADM1_EN":"Majuro","ADM1_PCODE":"MH15","ADM2_EN":"Rita 2","ADM2_PCODE":"MH1502","Shape_Leng":0.0114948444485,"Shape_Area":0.00000799900218561,"National_0":"Republic of the Marshall Islands","Municipality_1":"Majuro","Islet_2":"Rita 2","code_0":"MH","code_1":"MH15","code_2":"MH1502"}},{"arcs":[[-245,155,-253,159]],"type":"Polygon","properties":{"ADM0_EN":"Republic of the Marshall Islands","ADM0_PCODE":"MH","ADM1_EN":"Majuro","ADM1_PCODE":"MH15","ADM2_EN":"Rita 3","ADM2_PCODE":"MH1503","Shape_Leng":0.0175947606832,"Shape_Area":0.0000113129844767,"National_0":"Republic of the Marshall Islands","Municipality_1":"Majuro","Islet_2":"Rita 3","code_0":"MH","code_1":"MH15","code_2":"MH1503"}},{"arcs":[[-239,151,253,163]],"type":"Polygon","properties":{"ADM0_EN":"Republic of the Marshall Islands","ADM0_PCODE":"MH","ADM1_EN":"Majuro","ADM1_PCODE":"MH15","ADM2_EN":"Small Island","ADM2_PCODE":"MH1507","Shape_Leng":0.0231812271673,"Shape_Area":0.00000826734448063,"National_0":"Republic of the Marshall Islands","Municipality_1":"Majuro","Islet_2":"Small Island","code_0":"MH","code_1":"MH15","code_2":"MH1507"}},{"arcs":[[-254,152,-242,162]],"type":"Polygon","properties":{"ADM0_EN":"Republic of the Marshall Islands","ADM0_PCODE":"MH","ADM1_EN":"Majuro","ADM1_PCODE":"MH15","ADM2_EN":"Uliga","ADM2_PCODE":"MH1506","Shape_Leng":0.015319690196,"Shape_Area":0.0000102684533482,"National_0":"Republic of the Marshall Islands","Municipality_1":"Majuro","Islet_2":"Uliga","code_0":"MH","code_1":"MH15","code_2":"MH1506"}},{"arcs":[[-235,133,-246,139]],"type":"Polygon","properties":{"ADM0_EN":"Republic of the Marshall Islands","ADM0_PCODE":"MH","ADM1_EN":"Majuro","ADM1_PCODE":"MH15","ADM2_EN":"Woja - Arrak","ADM2_PCODE":"MH1519","Shape_Leng":0.103271450854,"Shape_Area":0.0000702774604021,"National_0":"Republic of the Marshall Islands","Municipality_1":"Majuro","Islet_2":"Woja - Arrak","code_0":"MH","code_1":"MH15","code_2":"MH1519"}},{"arcs":[[179]],"type":"Polygon","properties":{"ADM0_EN":"Republic of the Marshall Islands","ADM0_PCODE":"MH","ADM1_EN":"Maloelap","ADM1_PCODE":"MH16","ADM2_EN":"Airok","ADM2_PCODE":"MH1605","Shape_Leng":0.0340006431227,"Shape_Area":0.0000668349991616,"National_0":"Republic of the Marshall Islands","Municipality_1":"Maloelap","Islet_2":"Airok","code_0":"MH","code_1":"MH16","code_2":"MH1605"}},{"arcs":[[180]],"type":"Polygon","properties":{"ADM0_EN":"Republic of the Marshall Islands","ADM0_PCODE":"MH","ADM1_EN":"Maloelap","ADM1_PCODE":"MH16","ADM2_EN":"Jang","ADM2_PCODE":"MH1602","Shape_Leng":0.0271954191639,"Shape_Area":0.0000417937224107,"National_0":"Republic of the Marshall Islands","Municipality_1":"Maloelap","Islet_2":"Jang","code_0":"MH","code_1":"MH16","code_2":"MH1602"}},{"arcs":[[181]],"type":"Polygon","properties":{"ADM0_EN":"Republic of the Marshall Islands","ADM0_PCODE":"MH","ADM1_EN":"Maloelap","ADM1_PCODE":"MH16","ADM2_EN":"Kaben","ADM2_PCODE":"MH1601","Shape_Leng":0.0622192074603,"Shape_Area":0.000181207611003,"National_0":"Republic of the Marshall Islands","Municipality_1":"Maloelap","Islet_2":"Kaben","code_0":"MH","code_1":"MH16","code_2":"MH1601"}},{"arcs":[[182]],"type":"Polygon","properties":{"ADM0_EN":"Republic of the Marshall Islands","ADM0_PCODE":"MH","ADM1_EN":"Maloelap","ADM1_PCODE":"MH16","ADM2_EN":"Tarawa","ADM2_PCODE":"MH1604","Shape_Leng":0.057063933669,"Shape_Area":0.000125742980885,"National_0":"Republic of the Marshall Islands","Municipality_1":"Maloelap","Islet_2":"Tarawa","code_0":"MH","code_1":"MH16","code_2":"MH1604"}},{"arcs":[[183]],"type":"Polygon","properties":{"ADM0_EN":"Republic of the Marshall Islands","ADM0_PCODE":"MH","ADM1_EN":"Maloelap","ADM1_PCODE":"MH16","ADM2_EN":"Wolot","ADM2_PCODE":"MH1603","Shape_Leng":0.0255380002721,"Shape_Area":0.000033771146736,"National_0":"Republic of the Marshall Islands","Municipality_1":"Maloelap","Islet_2":"Wolot","code_0":"MH","code_1":"MH16","code_2":"MH1603"}},{"arcs":[[184]],"type":"Polygon","properties":{"ADM0_EN":"Republic of the Marshall Islands","ADM0_PCODE":"MH","ADM1_EN":"Mejit","ADM1_PCODE":"MH17","ADM2_EN":"Mejit","ADM2_PCODE":"MH1701","Shape_Leng":0.0830024402328,"Shape_Area":0.000275834691606,"National_0":"Republic of the Marshall Islands","Municipality_1":"Mejit","Islet_2":"Mejit","code_0":"MH","code_1":"MH17","code_2":"MH1701"}},{"arcs":[[185]],"type":"Polygon","properties":{"ADM0_EN":"Republic of the Marshall Islands","ADM0_PCODE":"MH","ADM1_EN":"Mili","ADM1_PCODE":"MH18","ADM2_EN":"Aeloneo","ADM2_PCODE":"MH1814","Shape_Leng":0.0463964603936,"Shape_Area":0.0000330651037208,"National_0":"Republic of the Marshall Islands","Municipality_1":"Mili","Islet_2":"Aeloneo","code_0":"MH","code_1":"MH18","code_2":"MH1814"}},{"arcs":[[186]],"type":"Polygon","properties":{"ADM0_EN":"Republic of the Marshall Islands","ADM0_PCODE":"MH","ADM1_EN":"Mili","ADM1_PCODE":"MH18","ADM2_EN":"Anel","ADM2_PCODE":"MH1809","Shape_Leng":0.0138756927237,"Shape_Area":0.0000076640714144,"National_0":"Republic of the Marshall Islands","Municipality_1":"Mili","Islet_2":"Anel","code_0":"MH","code_1":"MH18","code_2":"MH1809"}},{"arcs":[[187]],"type":"Polygon","properties":{"ADM0_EN":"Republic of the Marshall Islands","ADM0_PCODE":"MH","ADM1_EN":"Mili","ADM1_PCODE":"MH18","ADM2_EN":"Arbar","ADM2_PCODE":"MH1804","Shape_Leng":0.12549502547,"Shape_Area":0.0000683667066614,"National_0":"Republic of the Marshall Islands","Municipality_1":"Mili","Islet_2":"Arbar","code_0":"MH","code_1":"MH18","code_2":"MH1804"}},{"arcs":[[188]],"type":"Polygon","properties":{"ADM0_EN":"Republic of the Marshall Islands","ADM0_PCODE":"MH","ADM1_EN":"Mili","ADM1_PCODE":"MH18","ADM2_EN":"Bar","ADM2_PCODE":"MH1811","Shape_Leng":0.0244527251725,"Shape_Area":0.0000136090469486,"National_0":"Republic of the Marshall Islands","Municipality_1":"Mili","Islet_2":"Bar","code_0":"MH","code_1":"MH18","code_2":"MH1811"}},{"arcs":[[189]],"type":"Polygon","properties":{"ADM0_EN":"Republic of the Marshall Islands","ADM0_PCODE":"MH","ADM1_EN":"Mili","ADM1_PCODE":"MH18","ADM2_EN":"Enejet","ADM2_PCODE":"MH1803","Shape_Leng":0.297471796256,"Shape_Area":0.000173278495694,"National_0":"Republic of the Marshall Islands","Municipality_1":"Mili","Islet_2":"Enejet","code_0":"MH","code_1":"MH18","code_2":"MH1803"}},{"arcs":[[190]],"type":"Polygon","properties":{"ADM0_EN":"Republic of the Marshall Islands","ADM0_PCODE":"MH","ADM1_EN":"Mili","ADM1_PCODE":"MH18","ADM2_EN":"Jabonar","ADM2_PCODE":"MH1812","Shape_Leng":0.0269438387871,"Shape_Area":0.0000178664859763,"National_0":"Republic of the Marshall Islands","Municipality_1":"Mili","Islet_2":"Jabonar","code_0":"MH","code_1":"MH18","code_2":"MH1812"}},{"arcs":[[191]],"type":"Polygon","properties":{"ADM0_EN":"Republic of the Marshall Islands","ADM0_PCODE":"MH","ADM1_EN":"Mili","ADM1_PCODE":"MH18","ADM2_EN":"Lukonwod","ADM2_PCODE":"MH1802","Shape_Leng":0.0250548158661,"Shape_Area":0.0000216868974061,"National_0":"Republic of the Marshall Islands","Municipality_1":"Mili","Islet_2":"Lukonwod","code_0":"MH","code_1":"MH18","code_2":"MH1802"}},{"arcs":[[192]],"type":"Polygon","properties":{"ADM0_EN":"Republic of the Marshall Islands","ADM0_PCODE":"MH","ADM1_EN":"Mili","ADM1_PCODE":"MH18","ADM2_EN":"Mili","ADM2_PCODE":"MH1805","Shape_Leng":0.126419566396,"Shape_Area":0.000253748957696,"National_0":"Republic of the Marshall Islands","Municipality_1":"Mili","Islet_2":"Mili","code_0":"MH","code_1":"MH18","code_2":"MH1805"}},{"arcs":[[[193]],[[194]]],"type":"MultiPolygon","properties":{"ADM0_EN":"Republic of the Marshall Islands","ADM0_PCODE":"MH","ADM1_EN":"Mili","ADM1_PCODE":"MH18","ADM2_EN":"Nad","ADM2_PCODE":"MH1806","Shape_Leng":0.0685871566805,"Shape_Area":0.0000275524900077,"National_0":"Republic of the Marshall Islands","Municipality_1":"Mili","Islet_2":"Nad","code_0":"MH","code_1":"MH18","code_2":"MH1806"}},{"arcs":[[195]],"type":"Polygon","properties":{"ADM0_EN":"Republic of the Marshall Islands","ADM0_PCODE":"MH","ADM1_EN":"Mili","ADM1_PCODE":"MH18","ADM2_EN":"Nadikdik","ADM2_PCODE":"MH1813","Shape_Leng":0.051756246069,"Shape_Area":0.0000259787420686,"National_0":"Republic of the Marshall Islands","Municipality_1":"Mili","Islet_2":"Nadikdik","code_0":"MH","code_1":"MH18","code_2":"MH1813"}},{"arcs":[[196]],"type":"Polygon","properties":{"ADM0_EN":"Republic of the Marshall Islands","ADM0_PCODE":"MH","ADM1_EN":"Mili","ADM1_PCODE":"MH18","ADM2_EN":"Nallu","ADM2_PCODE":"MH1807","Shape_Leng":0.0520599080082,"Shape_Area":0.0000555305670027,"National_0":"Republic of the Marshall Islands","Municipality_1":"Mili","Islet_2":"Nallu","code_0":"MH","code_1":"MH18","code_2":"MH1807"}},{"arcs":[[197]],"type":"Polygon","properties":{"ADM0_EN":"Republic of the Marshall Islands","ADM0_PCODE":"MH","ADM1_EN":"Mili","ADM1_PCODE":"MH18","ADM2_EN":"Tokewa","ADM2_PCODE":"MH1810","Shape_Leng":0.0257525140161,"Shape_Area":0.0000164426977826,"National_0":"Republic of the Marshall Islands","Municipality_1":"Mili","Islet_2":"Tokewa","code_0":"MH","code_1":"MH18","code_2":"MH1810"}},{"arcs":[[198]],"type":"Polygon","properties":{"ADM0_EN":"Republic of the Marshall Islands","ADM0_PCODE":"MH","ADM1_EN":"Mili","ADM1_PCODE":"MH18","ADM2_EN":"Wau","ADM2_PCODE":"MH1801","Shape_Leng":0.00522970426844,"Shape_Area":0.00000162633262562,"National_0":"Republic of the Marshall Islands","Municipality_1":"Mili","Islet_2":"Wau","code_0":"MH","code_1":"MH18","code_2":"MH1801"}},{"arcs":[[199]],"type":"Polygon","properties":{"ADM0_EN":"Republic of the Marshall Islands","ADM0_PCODE":"MH","ADM1_EN":"Namdrik","ADM1_PCODE":"MH19","ADM2_EN":"Namdrik","ADM2_PCODE":"MH1901","Shape_Leng":0.186310527426,"Shape_Area":0.000234766263363,"National_0":"Republic of the Marshall Islands","Municipality_1":"Namdrik","Islet_2":"Namdrik","code_0":"MH","code_1":"MH19","code_2":"MH1901"}},{"arcs":[[200]],"type":"Polygon","properties":{"ADM0_EN":"Republic of the Marshall Islands","ADM0_PCODE":"MH","ADM1_EN":"Namu","ADM1_PCODE":"MH20","ADM2_EN":"Eoo","ADM2_PCODE":"MH2004","Shape_Leng":0.00228522266344,"Shape_Area":3.82735097036e-7,"National_0":"Republic of the Marshall Islands","Municipality_1":"Namu","Islet_2":"Eoo","code_0":"MH","code_1":"MH20","code_2":"MH2004"}},{"arcs":[[201]],"type":"Polygon","properties":{"ADM0_EN":"Republic of the Marshall Islands","ADM0_PCODE":"MH","ADM1_EN":"Namu","ADM1_PCODE":"MH20","ADM2_EN":"Loen","ADM2_PCODE":"MH2005","Shape_Leng":0.105568406163,"Shape_Area":0.0000669456466513,"National_0":"Republic of the Marshall Islands","Municipality_1":"Namu","Islet_2":"Loen","code_0":"MH","code_1":"MH20","code_2":"MH2005"}},{"arcs":[[202]],"type":"Polygon","properties":{"ADM0_EN":"Republic of the Marshall Islands","ADM0_PCODE":"MH","ADM1_EN":"Namu","ADM1_PCODE":"MH20","ADM2_EN":"Lukoj","ADM2_PCODE":"MH2006","Shape_Leng":0.0253238060194,"Shape_Area":0.0000177609323223,"National_0":"Republic of the Marshall Islands","Municipality_1":"Namu","Islet_2":"Lukoj","code_0":"MH","code_1":"MH20","code_2":"MH2006"}},{"arcs":[[203]],"type":"Polygon","properties":{"ADM0_EN":"Republic of the Marshall Islands","ADM0_PCODE":"MH","ADM1_EN":"Namu","ADM1_PCODE":"MH20","ADM2_EN":"Mae","ADM2_PCODE":"MH2003","Shape_Leng":0.0440583850121,"Shape_Area":0.0000454281957448,"National_0":"Republic of the Marshall Islands","Municipality_1":"Namu","Islet_2":"Mae","code_0":"MH","code_1":"MH20","code_2":"MH2003"}},{"arcs":[[204]],"type":"Polygon","properties":{"ADM0_EN":"Republic of the Marshall Islands","ADM0_PCODE":"MH","ADM1_EN":"Namu","ADM1_PCODE":"MH20","ADM2_EN":"Majkin","ADM2_PCODE":"MH2002","Shape_Leng":0.0650146140672,"Shape_Area":0.0000881141916337,"National_0":"Republic of the Marshall Islands","Municipality_1":"Namu","Islet_2":"Majkin","code_0":"MH","code_1":"MH20","code_2":"MH2002"}},{"arcs":[[205]],"type":"Polygon","properties":{"ADM0_EN":"Republic of the Marshall Islands","ADM0_PCODE":"MH","ADM1_EN":"Namu","ADM1_PCODE":"MH20","ADM2_EN":"Namu","ADM2_PCODE":"MH2001","Shape_Leng":0.0492467016123,"Shape_Area":0.0000768239562283,"National_0":"Republic of the Marshall Islands","Municipality_1":"Namu","Islet_2":"Namu","code_0":"MH","code_1":"MH20","code_2":"MH2001"}},{"arcs":[[206]],"type":"Polygon","properties":{"ADM0_EN":"Republic of the Marshall Islands","ADM0_PCODE":"MH","ADM1_EN":"Rongelap","ADM1_PCODE":"MH21","ADM2_EN":"Rongelap","ADM2_PCODE":"MH2101","Shape_Leng":0.157763305039,"Shape_Area":0.000190729831804,"National_0":"Republic of the Marshall Islands","Municipality_1":"Rongelap","Islet_2":"Rongelap","code_0":"MH","code_1":"MH21","code_2":"MH2101"}},{"arcs":[[207]],"type":"Polygon","properties":{"ADM0_EN":"Republic of the Marshall Islands","ADM0_PCODE":"MH","ADM1_EN":"Ujae","ADM1_PCODE":"MH22","ADM2_EN":"Ujae","ADM2_PCODE":"MH2201","Shape_Leng":0.0382161722779,"Shape_Area":0.0000764121146951,"National_0":"Republic of the Marshall Islands","Municipality_1":"Ujae","Islet_2":"Ujae","code_0":"MH","code_1":"MH22","code_2":"MH2201"}},{"arcs":[[208]],"type":"Polygon","properties":{"ADM0_EN":"Republic of the Marshall Islands","ADM0_PCODE":"MH","ADM1_EN":"Utirik","ADM1_PCODE":"MH24","ADM2_EN":"Utirik","ADM2_PCODE":"MH2401","Shape_Leng":0.0909882712724,"Shape_Area":0.000146456817411,"National_0":"Republic of the Marshall Islands","Municipality_1":"Utirik","Islet_2":"Utirik","code_0":"MH","code_1":"MH24","code_2":"MH2401"}},{"arcs":[[209]],"type":"Polygon","properties":{"ADM0_EN":"Republic of the Marshall Islands","ADM0_PCODE":"MH","ADM1_EN":"Wotho","ADM1_PCODE":"MH25","ADM2_EN":"Wotho","ADM2_PCODE":"MH2501","Shape_Leng":0.0802867358342,"Shape_Area":0.000170013135315,"National_0":"Republic of the Marshall Islands","Municipality_1":"Wotho","Islet_2":"Wotho","code_0":"MH","code_1":"MH25","code_2":"MH2501"}},{"arcs":[[210]],"type":"Polygon","properties":{"ADM0_EN":"Republic of the Marshall Islands","ADM0_PCODE":"MH","ADM1_EN":"Wotje","ADM1_PCODE":"MH26","ADM2_EN":"Enebun","ADM2_PCODE":"MH2612","Shape_Leng":0.0194267354939,"Shape_Area":0.0000185725021236,"National_0":"Republic of the Marshall Islands","Municipality_1":"Wotje","Islet_2":"Enebun","code_0":"MH","code_1":"MH26","code_2":"MH2612"}},{"arcs":[[211]],"type":"Polygon","properties":{"ADM0_EN":"Republic of the Marshall Islands","ADM0_PCODE":"MH","ADM1_EN":"Wotje","ADM1_PCODE":"MH26","ADM2_EN":"Wormej","ADM2_PCODE":"MH2601","Shape_Leng":0.0451981217635,"Shape_Area":0.000074407168953,"National_0":"Republic of the Marshall Islands","Municipality_1":"Wotje","Islet_2":"Wormej","code_0":"MH","code_1":"MH26","code_2":"MH2601"}},{"arcs":[[212]],"type":"Polygon","properties":{"ADM0_EN":"Republic of the Marshall Islands","ADM0_PCODE":"MH","ADM1_EN":"Wotje","ADM1_PCODE":"MH26","ADM2_EN":"Wotje","ADM2_PCODE":"MH2603","Shape_Leng":0.0809025751394,"Shape_Area":0.000203784533073,"National_0":"Republic of the Marshall Islands","Municipality_1":"Wotje","Islet_2":"Wotje","code_0":"MH","code_1":"MH26","code_2":"MH2603"}}]}}}